PMID,Title,Authors,Citation,First Author,Journal/Book,Publication Year,Create Date,PMCID,NIHMS ID,DOI
"36322843","Single-Dose Psilocybin for a Treatment-Resistant Episode of Major Depression","Goodwin GM, Aaronson ST, Alvarez O, Arden PC, Baker A, Bennett JC, Bird C, Blom RE, Brennan C, Brusch D, Burke L, Campbell-Coker K, Carhart-Harris R, Cattell J, Daniel A, DeBattista C, Dunlop BW, Eisen K, Feifel D, Forbes M, Haumann HM, Hellerstein DJ, Hoppe AI, Husain MI, Jelen LA, Kamphuis J, Kawasaki J, Kelly JR, Key RE, Kishon R, Knatz Peck S, Knight G, Koolen MHB, Lean M, Licht RW, Maples-Keller JL, Mars J, Marwood L, McElhiney MC, Miller TL, Mirow A, Mistry S, Mletzko-Crowe T, Modlin LN, Nielsen RE, Nielson EM, Offerhaus SR, O'Keane V, Páleníček T, Printz D, Rademaker MC, van Reemst A, Reinholdt F, Repantis D, Rucker J, Rudow S, Ruffell S, Rush AJ, Schoevers RA, Seynaeve M, Shao S, Soares JC, Somers M, Stansfield SC, Sterling D, Strockis A, Tsai J, Visser L, Wahba M, Williams S, Young AH, Ywema P, Zisook S, Malievskaia E.","N Engl J Med. 2022 Nov 3;387(18):1637-1648. doi: 10.1056/NEJMoa2206443.","Goodwin GM","N Engl J Med","2022","2022/11/02","","","10.1056/NEJMoa2206443"
"37955822","Psilocybin and Other Classic Psychedelics in Depression","Nutt DJ, Peill JM, Weiss B, Godfrey K, Carhart-Harris RL, Erritzoe D.","Curr Top Behav Neurosci. 2024;66:149-174. doi: 10.1007/7854_2023_451.","Nutt DJ","Curr Top Behav Neurosci","2024","2023/11/13","","","10.1007/7854_2023_451"
"38359838","Psilocybin-assisted psychotherapy for treatment resistant depression: A randomized clinical trial evaluating repeated doses of psilocybin","Rosenblat JD, Meshkat S, Doyle Z, Kaczmarek E, Brudner RM, Kratiuk K, Mansur RB, Schulz-Quach C, Sethi R, Abate A, Ali S, Bawks J, Blainey MG, Brietzke E, Cronin V, Danilewitz J, Dhawan S, Di Fonzo A, Di Fonzo M, Drzadzewski P, Dunlop W, Fiszter H, Gomes FA, Grewal S, Leon-Carlyle M, McCallum M, Mofidi N, Offman H, Riva-Cambrin J, Schmidt J, Smolkin M, Quinn JM, Zumrova A, Marlborough M, McIntyre RS.","Med. 2024 Mar 8;5(3):190-200.e5. doi: 10.1016/j.medj.2024.01.005. Epub 2024 Feb 14.","Rosenblat JD","Med","2024","2024/02/15","","","10.1016/j.medj.2024.01.005"
"36322849","Psilocybin in Treatment-Resistant Depression","Madras BK.","N Engl J Med. 2022 Nov 3;387(18):1708-1709. doi: 10.1056/NEJMe2210975.","Madras BK","N Engl J Med","2022","2022/11/02","","","10.1056/NEJMe2210975"
"36209780","Psychedelic therapy for depressive symptoms: A systematic review and meta-analysis","Ko K, Kopra EI, Cleare AJ, Rucker JJ.","J Affect Disord. 2023 Feb 1;322:194-204. doi: 10.1016/j.jad.2022.09.168. Epub 2022 Oct 7.","Ko K","J Affect Disord","2023","2022/10/09","","","10.1016/j.jad.2022.09.168"
"37844352","Psilocybin-assisted therapy for depression: A systematic review and meta-analysis","Haikazian S, Chen-Li DCJ, Johnson DE, Fancy F, Levinta A, Husain MI, Mansur RB, McIntyre RS, Rosenblat JD.","Psychiatry Res. 2023 Nov;329:115531. doi: 10.1016/j.psychres.2023.115531. Epub 2023 Oct 11.","Haikazian S","Psychiatry Res","2023","2023/10/16","","","10.1016/j.psychres.2023.115531"
"41352354","Psilocybin triggers an activity-dependent rewiring of large-scale cortical networks","Jiang Q, Shao LX, Yao S, Savalia NK, Gilbert AD, Davoudian PA, Nothnagel JD, Tian G, Hung TS, Lai HM, Beier KT, Zeng H, Kwan AC.","Cell. 2026 Jan 22;189(2):659-675.e22. doi: 10.1016/j.cell.2025.11.009. Epub 2025 Dec 5.","Jiang Q","Cell","2026","2025/12/06","PMC12695013","NIHMS2122345","10.1016/j.cell.2025.11.009"
"36040772","[The use of psilocybin for treatment-resistant depression]","Johannesdottir A, Sigurdsson E.","Laeknabladid. 2022 Sep;108(9):403-410. doi: 10.17992/lbl.2022.09.706.","Johannesdottir A","Laeknabladid","2022","2022/08/30","","","10.17992/lbl.2022.09.706"
"34942586","Psilocybin-assisted psychotherapy for depression: Emerging research on a psychedelic compound with a rich history","Pearson C, Siegel J, Gold JA.","J Neurol Sci. 2022 Mar 15;434:120096. doi: 10.1016/j.jns.2021.120096. Epub 2021 Dec 16.","Pearson C","J Neurol Sci","2022","2021/12/23","","","10.1016/j.jns.2021.120096"
"39706482","The role of the psychedelic experience in psilocybin treatment for treatment-resistant depression","Goodwin GM, Aaronson ST, Alvarez O, Carhart-Harris R, Chai-Rees J, Croal M, DeBattista C, Dunlop BW, Feifel D, Hellerstein DJ, Husain MI, Kelly JR, Kirlic N, Licht RW, Marwood L, Meyer TD, Mistry S, Nowakowska A, Páleníček T, Repantis D, Schoevers RA, Simmons H, Somers M, Teoh E, Tsai J, Wahba M, Williams S, Young AH, Young MB, Zisook S, Malievskaia E.","J Affect Disord. 2025 Mar 1;372:523-532. doi: 10.1016/j.jad.2024.12.061. Epub 2024 Dec 18.","Goodwin GM","J Affect Disord","2025","2024/12/20","","","10.1016/j.jad.2024.12.061"
"35711024","Psilocybin for Trauma-Related Disorders","Khan AJ, Bradley E, O'Donovan A, Woolley J.","Curr Top Behav Neurosci. 2022;56:319-332. doi: 10.1007/7854_2022_366.","Khan AJ","Curr Top Behav Neurosci","2022","2022/06/17","","","10.1007/7854_2022_366"
"39527720","Transformative Therapies for Depression: Postpartum Depression, Major Depressive Disorder, and Treatment-Resistant Depression","Richardson E, Patterson R, Meltzer-Brody S, McClure R, Tow A.","Annu Rev Med. 2025 Jan;76(1):81-93. doi: 10.1146/annurev-med-050423-095712. Epub 2025 Jan 16.","Richardson E","Annu Rev Med","2025","2024/11/11","","","10.1146/annurev-med-050423-095712"
"37207669","[Psilocybin-Assisted Treatment of Depression, Anxiety and Substance use Disorders: Neurobiological Basis and Clinical Application]","Lasch A, Schweikert T, Dora E, Kolb T, Schurig HL, Walther A.","Fortschr Neurol Psychiatr. 2024 Jun;92(6):230-245. doi: 10.1055/a-2046-5202. Epub 2023 May 19.","Lasch A","Fortschr Neurol Psychiatr","2024","2023/05/19","","","10.1055/a-2046-5202"
"37385217","Psilocybin's Potential Mechanisms in the Treatment of Depression: A Systematic Review","Lee HJ, Tsang VW, Chai BS, Lin MC, Howard A, Uy C, Elefante JO.","J Psychoactive Drugs. 2024 Jul-Aug;56(3):301-315. doi: 10.1080/02791072.2023.2223195. Epub 2023 Jun 29.","Lee HJ","J Psychoactive Drugs","2024","2023/06/29","","","10.1080/02791072.2023.2223195"
"38228068","Modern Psychedelic Microdosing Research on Mental Health: A Systematic Review","Lo DF, Zia H, Rajkumar P, Thakur A, O'Donnell H.","Prim Care Companion CNS Disord. 2024 Jan 16;26(1):23r03581. doi: 10.4088/PCC.23r03581.","Lo DF","Prim Care Companion CNS Disord","2024","2024/01/16","","","10.4088/PCC.23r03581"
"36812444","Psilocybin for Treatment-Resistant Depression","Roméo B, Dervaux A, Benyamina A.","N Engl J Med. 2023 Feb 23;388(8):e22. doi: 10.1056/NEJMc2215459.","Roméo B","N Engl J Med","2023","2023/02/22","","","10.1056/NEJMc2215459"
"36123427","Towards an understanding of psychedelic-induced neuroplasticity","Calder AE, Hasler G.","Neuropsychopharmacology. 2023 Jan;48(1):104-112. doi: 10.1038/s41386-022-01389-z. Epub 2022 Sep 19.","Calder AE","Neuropsychopharmacology","2023","2022/09/19","PMC9700802","","10.1038/s41386-022-01389-z"
"40972137","Psilocybin-assisted group psychotherapy and mindfulness-based stress reduction for frontline healthcare provider COVID-19-related depression and burnout: A randomized controlled trial","Lewis BR, Hendrick J, Byrne K, Odette M, Wu C, Garland EL.","PLoS Med. 2025 Sep 19;22(9):e1004519. doi: 10.1371/journal.pmed.1004519. eCollection 2025 Sep.","Lewis BR","PLoS Med","2025","2025/09/19","PMC12459851","","10.1371/journal.pmed.1004519"
"34587546","Dose effect of psilocybin on primary and secondary depression: a preliminary systematic review and meta-analysis","Li NX, Hu YR, Chen WN, Zhang B.","J Affect Disord. 2022 Jan 1;296:26-34. doi: 10.1016/j.jad.2021.09.041. Epub 2021 Sep 17.","Li NX","J Affect Disord","2022","2021/09/29","","","10.1016/j.jad.2021.09.041"
"37589380","Psilocybin-assisted psychotherapy for treatment-resistant depression: Which psychotherapy?","Crowe M, Manuel J, Carlyle D, Lacey C.","Int J Ment Health Nurs. 2023 Dec;32(6):1766-1772. doi: 10.1111/inm.13214. Epub 2023 Aug 17.","Crowe M","Int J Ment Health Nurs","2023","2023/08/17","","","10.1111/inm.13214"
"38692686","Efficacy of psilocybin for treating symptoms of depression: systematic review and meta-analysis","Metaxa AM, Clarke M.","BMJ. 2024 May 1;385:e078084. doi: 10.1136/bmj-2023-078084.","Metaxa AM","BMJ","2024","2024/05/01","PMC11062320","","10.1136/bmj-2023-078084"
"36232748","Esketamine and Psilocybin-The Comparison of Two Mind-Altering Agents in Depression Treatment: Systematic Review","Psiuk D, Nowak EM, Dycha N, Łopuszańska U, Kurzepa J, Samardakiewicz M.","Int J Mol Sci. 2022 Sep 28;23(19):11450. doi: 10.3390/ijms231911450.","Psiuk D","Int J Mol Sci","2022","2022/10/14","PMC9570062","","10.3390/ijms231911450"
"36272145","Default Mode Network Modulation by Psychedelics: A Systematic Review","Gattuso JJ, Perkins D, Ruffell S, Lawrence AJ, Hoyer D, Jacobson LH, Timmermann C, Castle D, Rossell SL, Downey LA, Pagni BA, Galvão-Coelho NL, Nutt D, Sarris J.","Int J Neuropsychopharmacol. 2023 Mar 22;26(3):155-188. doi: 10.1093/ijnp/pyac074.","Gattuso JJ","Int J Neuropsychopharmacol","2023","2022/10/22","PMC10032309","","10.1093/ijnp/pyac074"
"38520045","Effects of discontinuation of serotonergic antidepressants prior to psilocybin therapy versus escitalopram for major depression","Erritzoe D, Barba T, Spriggs MJ, Rosas FE, Nutt DJ, Carhart-Harris R.","J Psychopharmacol. 2024 May;38(5):458-470. doi: 10.1177/02698811241237870. Epub 2024 Mar 22.","Erritzoe D","J Psychopharmacol","2024","2024/03/23","PMC11102650","","10.1177/02698811241237870"
"36066961","Microdosing psilocybin for chronic pain: a case series","Lyes M, Yang KH, Castellanos J, Furnish T.","Pain. 2023 Apr 1;164(4):698-702. doi: 10.1097/j.pain.0000000000002778. Epub 2022 Sep 5.","Lyes M","Pain","2023","2022/09/06","","","10.1097/j.pain.0000000000002778"
"37149346","Role of Psychedelics in Treatment-Resistant Depression","Kamal S, Jha MK, Radhakrishnan R.","Psychiatr Clin North Am. 2023 Jun;46(2):291-305. doi: 10.1016/j.psc.2023.02.004. Epub 2023 Mar 25.","Kamal S","Psychiatr Clin North Am","2023","2023/05/06","","","10.1016/j.psc.2023.02.004"
"38697188","At the Forefront: Social Workers' Role in Psilocybin Treatment for Depression and Substance Misuse","Parker C, Wood BM.","Soc Work. 2024 Jun 21;69(3):297-302. doi: 10.1093/sw/swae019.","Parker C","Soc Work","2024","2024/05/02","","","10.1093/sw/swae019"
"35975555","The Canadian Network for Mood and Anxiety Treatments (CANMAT) Task Force Report: Serotonergic Psychedelic Treatments for Major Depressive Disorder","Rosenblat JD, Husain MI, Lee Y, McIntyre RS, Mansur RB, Castle D, Offman H, Parikh SV, Frey BN, Schaffer A, Greenway KT, Garel N, Beaulieu S, Kennedy SH, Lam RW, Milev R, Ravindran AV, Tourjman V, Ameringen MV, Yatham LN, Taylor V.","Can J Psychiatry. 2023 Jan;68(1):5-21. doi: 10.1177/07067437221111371. Epub 2022 Aug 17.","Rosenblat JD","Can J Psychiatry","2023","2022/08/17","PMC9720483","","10.1177/07067437221111371"
"40683247","The polypharmacology of psychedelics reveals multiple targets for potential therapeutics","Jain MK, Gumpper RH, Slocum ST, Schmitz GP, Madsen JS, Tummino TA, Suomivuori CM, Huang XP, Shub L, DiBerto JF, Kim K, DeLeon C, Krumm BE, Fay JF, Keiser M, Hauser AS, Dror RO, Shoichet B, Gloriam DE, Nichols DE, Roth BL.","Neuron. 2025 Oct 1;113(19):3129-3142.e9. doi: 10.1016/j.neuron.2025.06.012. Epub 2025 Jul 18.","Jain MK","Neuron","2025","2025/07/19","","","10.1016/j.neuron.2025.06.012"
"40957728","Emerging mechanisms of psilocybin-induced neuroplasticity","Sonda S, Pendin D, Comai S, De Martin S, Manfredi P, Mattarei A.","Trends Pharmacol Sci. 2025 Nov;46(11):1130-1143. doi: 10.1016/j.tips.2025.08.012. Epub 2025 Sep 15.","Sonda S","Trends Pharmacol Sci","2025","2025/09/16","","","10.1016/j.tips.2025.08.012"
"41419063","Breaking the chains of depression: A systematic review and meta-analysis of psilocybin therapy","Khan FA, Pandupuspitasari NS, Tencomnao T, Chuchawankul S.","J Affect Disord. 2026 Mar 15;397:120882. doi: 10.1016/j.jad.2025.120882. Epub 2025 Dec 17.","Khan FA","J Affect Disord","2026","2025/12/19","","","10.1016/j.jad.2025.120882"
"41285295","Cognitive outcomes following psilocybin-assisted therapy in treatment-resistant depression: A post-hoc analysis of a randomized, waitlist-controlled trial","Johnson DE, Meshkat S, Kaczmarek ES, Rabin JS, Brudner RM, Chisamore N, Doyle Z, Bawks J, Riva-Cambrin J, Mansur RB, Lipsitz O, McIntyre RS, Lanctôt KL, Rosenblat JD.","Prog Neuropsychopharmacol Biol Psychiatry. 2025 Dec 20;143:111565. doi: 10.1016/j.pnpbp.2025.111565. Epub 2025 Nov 22.","Johnson DE","Prog Neuropsychopharmacol Biol Psychiatry","2025","2025/11/24","","","10.1016/j.pnpbp.2025.111565"
"40518133","Psychedelics, entactogens and psychoplastogens for depression and related disorders","Hoyer D.","Br J Pharmacol. 2026 Jul;183(14):3897-3919. doi: 10.1111/bph.70088. Epub 2025 Jun 15.","Hoyer D","Br J Pharmacol","2026","2025/06/15","","","10.1111/bph.70088"
"39260823","Psychedelic-assisted therapy for treating anxiety, depression, and existential distress in people with life-threatening diseases","Schipper S, Nigam K, Schmid Y, Piechotta V, Ljuslin M, Beaussant Y, Schwarzer G, Boehlke C.","Cochrane Database Syst Rev. 2024 Sep 12;9(9):CD015383. doi: 10.1002/14651858.CD015383.pub2.","Schipper S","Cochrane Database Syst Rev","2024","2024/09/11","PMC11390284","","10.1002/14651858.CD015383.pub2"
"39168500","Comparative oral monotherapy of psilocybin, lysergic acid diethylamide, 3,4-methylenedioxymethamphetamine, ayahuasca, and escitalopram for depressive symptoms: systematic review and Bayesian network meta-analysis","Hsu TW, Tsai CK, Kao YC, Thompson T, Carvalho AF, Yang FC, Tseng PT, Hsu CW, Yu CL, Tu YK, Liang CS.","BMJ. 2024 Aug 21;386:e078607. doi: 10.1136/bmj-2023-078607.","Hsu TW","BMJ","2024","2024/08/21","PMC11337322","","10.1136/bmj-2023-078607"
"38924903","Efficacy and safety of eight enhanced therapies for treatment-resistant depression: A systematic review and network meta-analysis of RCTs","Guo Q, Guo L, Wang Y, Shang S.","Psychiatry Res. 2024 Sep;339:116018. doi: 10.1016/j.psychres.2024.116018. Epub 2024 Jun 20.","Guo Q","Psychiatry Res","2024","2024/06/26","","","10.1016/j.psychres.2024.116018"
"38680011","Psilocybin promotes neuroplasticity and induces rapid and sustained antidepressant-like effects in mice","Zhao X, Du Y, Yao Y, Dai W, Yin Y, Wang G, Li Y, Zhang L.","J Psychopharmacol. 2024 May;38(5):489-499. doi: 10.1177/02698811241249436. Epub 2024 Apr 28.","Zhao X","J Psychopharmacol","2024","2024/04/29","","","10.1177/02698811241249436"
"36913702","Psilocybin therapy for depression. A good trip?","Rucker JJ.","J Ment Health. 2023 Feb;32(1):1-2. doi: 10.1080/09638237.2023.2183492.","Rucker JJ","J Ment Health","2023","2023/03/13","","","10.1080/09638237.2023.2183492"
"40418878","5-HT(2A) receptors: Pharmacology and functional selectivity","Cummins BR, Billac GB, Nichols DE, Nichols CD.","Pharmacol Rev. 2025 Jul;77(4):100059. doi: 10.1016/j.pharmr.2025.100059. Epub 2025 Apr 23.","Cummins BR","Pharmacol Rev","2025","2025/05/26","PMC12405928","","10.1016/j.pharmr.2025.100059"
"42138922","Short-Term and Late-Term Effects of Psilocybin on Symptoms in Major Depression: A Randomized Clinical Trial","Yngwe H, Plavén-Sigray P, Ekman CJ, Henje E, Berglund A, Tiger M, Beckman M, Lundberg J.","JAMA Netw Open. 2026 May 1;9(5):e2612589. doi: 10.1001/jamanetworkopen.2026.12589.","Yngwe H","JAMA Netw Open","2026","2026/05/15","PMC13179547","","10.1001/jamanetworkopen.2026.12589"
"41848690","Efficacy and Safety of Psilocybin in Treatment-Resistant Major Depression: The EPISODE Randomized Clinical Trial","Mertens LJ, Koslowski M, Betzler F, Brand M, Evens R, Kärtner L, Jungaberle A, Jungaberle H, Majic T, Schmitz CN, Ströhle A, Scharf D, Spangemacher M, Wolff M, Assadi Z, Bahri S, Becher L, Färber LV, Kirchen N, Kulakova E, Kunz L, Meijer A, Rohrmoser B, Wellek S, Berger MM, Gründer G.","JAMA Psychiatry. 2026 May 1;83(5):448-460. doi: 10.1001/jamapsychiatry.2026.0132.","Mertens LJ","JAMA Psychiatry","2026","2026/03/18","PMC13000742","","10.1001/jamapsychiatry.2026.0132"
"40419666","Psilocybin mitigates behavioral despair and cognitive impairment in treatment-resistant depression model using wistar kyoto rats","Wang Z, Robbins B, Zhuang R, van Bruggen R, Sandini T, Li XM, Zhang Y.","Sci Rep. 2025 May 26;15(1):18432. doi: 10.1038/s41598-025-03383-z.","Wang Z","Sci Rep","2025","2025/05/26","PMC12106756","","10.1038/s41598-025-03383-z"
"38055270","Single-Dose Synthetic Psilocybin With Psychotherapy for Treatment-Resistant Bipolar Type II Major Depressive Episodes: A Nonrandomized Open-Label Trial","Aaronson ST, van der Vaart A, Miller T, LaPratt J, Swartz K, Shoultz A, Lauterbach M, Sackeim HA, Suppes T.","JAMA Psychiatry. 2024 Jun 1;81(6):555-562. doi: 10.1001/jamapsychiatry.2023.4685.","Aaronson ST","JAMA Psychiatry","2024","2023/12/06","PMC10701666","","10.1001/jamapsychiatry.2023.4685"
"38574699","Efficacy and safety of psychedelics for the treatment of mental disorders: A systematic review and meta-analysis","Yao Y, Guo D, Lu TS, Liu FL, Huang SH, Diao MQ, Li SX, Zhang XJ, Kosten TR, Shi J, Bao YP, Lu L, Han Y.","Psychiatry Res. 2024 May;335:115886. doi: 10.1016/j.psychres.2024.115886. Epub 2024 Mar 28.","Yao Y","Psychiatry Res","2024","2024/04/04","","","10.1016/j.psychres.2024.115886"
"38572715","[Psychedelic psychiatry]","López E, Yngwe H, Beckman M, Tiger M, Hieronymus F, Lundberg J.","Lakartidningen. 2024 Apr 4;121:23195.","López E","Lakartidningen","2024","2024/04/04","","",""
"36938991","Psilocybin-assisted therapy for major depressive disorder: An exploratory placebo-controlled, fixed-order trial","Sloshower J, Skosnik PD, Safi-Aghdam H, Pathania S, Syed S, Pittman B, D'Souza DC.","J Psychopharmacol. 2023 Jul;37(7):698-706. doi: 10.1177/02698811231154852. Epub 2023 Mar 20.","Sloshower J","J Psychopharmacol","2023","2023/03/20","","","10.1177/02698811231154852"
"36812443","Psilocybin for Treatment-Resistant Depression","Østergaard SD, Hieronymus F.","N Engl J Med. 2023 Feb 23;388(8):e22. doi: 10.1056/NEJMc2215459.","Østergaard SD","N Engl J Med","2023","2023/02/22","","","10.1056/NEJMc2215459"
"37615227","Psychedelic drugs in the treatment of psychiatric disorders","Ibrahim IB, Videbech P, Straszek SPV.","Ugeskr Laeger. 2023 Aug 7;185(32):V01230066.","Ibrahim IB","Ugeskr Laeger","2023","2023/08/24","","",""
"40168023","Psilocybin Dispensaries and Online Health Claims in Canada","Matsukubo J, Dickson S, Xiao J, Friesen EL, Solmi M, Fiedorowicz JG, Fischer B, Myran DT.","JAMA Netw Open. 2025 Apr 1;8(4):e252853. doi: 10.1001/jamanetworkopen.2025.2853.","Matsukubo J","JAMA Netw Open","2025","2025/04/01","PMC11962669","","10.1001/jamanetworkopen.2025.2853"
"41388888","Predictors of therapeutic response to psychedelic-assisted therapy: A systematic review","Viljoen G, Walter H, Bendau A, Koslowski M, Betzler F.","J Psychopharmacol. 2026 May;40(5):703-719. doi: 10.1177/02698811251389581. Epub 2025 Dec 13.","Viljoen G","J Psychopharmacol","2026","2025/12/13","PMC13310303","","10.1177/02698811251389581"
"39354706","Impact of psilocybin on cognitive function: A systematic review","Meshkat S, Tello-Gerez TJ, Gholaminezhad F, Dunkley BT, Reichelt AC, Erritzoe D, Vermetten E, Zhang Y, Greenshaw A, Burback L, Winkler O, Jetly R, Mayo LM, Bhat V.","Psychiatry Clin Neurosci. 2024 Dec;78(12):744-764. doi: 10.1111/pcn.13741. Epub 2024 Oct 1.","Meshkat S","Psychiatry Clin Neurosci","2024","2024/10/02","PMC11612538","","10.1111/pcn.13741"
"36812445","Psilocybin for Treatment-Resistant Depression","Lengvenyte A, Olié E, Courtet P.","N Engl J Med. 2023 Feb 23;388(8):e22. doi: 10.1056/NEJMc2215459.","Lengvenyte A","N Engl J Med","2023","2023/02/22","","","10.1056/NEJMc2215459"
"35411074","Increased global integration in the brain after psilocybin therapy for depression","Daws RE, Timmermann C, Giribaldi B, Sexton JD, Wall MB, Erritzoe D, Roseman L, Nutt D, Carhart-Harris R.","Nat Med. 2022 Apr;28(4):844-851. doi: 10.1038/s41591-022-01744-z. Epub 2022 Apr 11.","Daws RE","Nat Med","2022","2022/04/12","","","10.1038/s41591-022-01744-z"
"41138900","Adverse event reporting and management in psilocybin therapy clinical trials: A systematic review to guide clinical and research protocol development","Bukovsky D, Amaev A, Song J, Kyte S, Carmona-Torres E, Ueno F, Deluca V, Strafella AP, Husain MI, Graff-Guerrero A, Gerretsen P.","Prog Neuropsychopharmacol Biol Psychiatry. 2025 Dec 20;143:111541. doi: 10.1016/j.pnpbp.2025.111541. Epub 2025 Oct 23.","Bukovsky D","Prog Neuropsychopharmacol Biol Psychiatry","2025","2025/10/25","","","10.1016/j.pnpbp.2025.111541"
"36812446","Psilocybin for Treatment-Resistant Depression. Reply","Goodwin GM, Hellerstein DJ, Young AH.","N Engl J Med. 2023 Feb 23;388(8):e22. doi: 10.1056/NEJMc2215459.","Goodwin GM","N Engl J Med","2023","2023/02/22","","","10.1056/NEJMc2215459"
"37094657","Increased low-frequency brain responses to music after psilocybin therapy for depression","Wall MB, Lam C, Ertl N, Kaelen M, Roseman L, Nutt DJ, Carhart-Harris RL.","J Affect Disord. 2023 Jul 15;333:321-330. doi: 10.1016/j.jad.2023.04.081. Epub 2023 Apr 23.","Wall MB","J Affect Disord","2023","2023/04/24","","","10.1016/j.jad.2023.04.081"
"40858059","Psilocybin-assisted psychotherapy for depression and anxiety associated with life threatening illness: A phase 2b randomized controlled trial","Ross ML, Iyer R, Williams ML, Boughey M, O'Callaghan C, Hiscock R, Dwyer J.","Gen Hosp Psychiatry. 2025 Sep-Oct;96:322-331. doi: 10.1016/j.genhosppsych.2025.08.001. Epub 2025 Aug 12.","Ross ML","Gen Hosp Psychiatry","2025","2025/08/26","","","10.1016/j.genhosppsych.2025.08.001"
"37947195","Psychedelics for treatment resistant depression: are they game changers?","Kalfas M, Taylor RH, Tsapekos D, Young AH.","Expert Opin Pharmacother. 2023 Sep-Dec;24(18):2117-2132. doi: 10.1080/14656566.2023.2281582. Epub 2024 Jan 5.","Kalfas M","Expert Opin Pharmacother","2023","2023/11/10","","","10.1080/14656566.2023.2281582"
"39636638","Psilocybin Therapy for Clinicians With Symptoms of Depression From Frontline Care During the COVID-19 Pandemic: A Randomized Clinical Trial","Back AL, Freeman-Young TK, Morgan L, Sethi T, Baker KK, Myers S, McGregor BA, Harvey K, Tai M, Kollefrath A, Thomas BJ, Sorta D, Kaelen M, Kelmendi B, Gooley TA.","JAMA Netw Open. 2024 Dec 2;7(12):e2449026. doi: 10.1001/jamanetworkopen.2024.49026.","Back AL","JAMA Netw Open","2024","2024/12/05","PMC11621983","","10.1001/jamanetworkopen.2024.49026"
"39741440","Single-Dose Psilocybin for Depression With Severe Treatment Resistance: An Open-Label Trial","Aaronson ST, van der Vaart A, Miller T, LaPratt J, Swartz K, Shoultz A, Lauterbach M, Suppes T, Sackeim HA.","Am J Psychiatry. 2025 Jan 1;182(1):104-113. doi: 10.1176/appi.ajp.20231063.","Aaronson ST","Am J Psychiatry","2025","2025/01/01","","","10.1176/appi.ajp.20231063"
"39230883","Adverse Events in Studies of Classic Psychedelics: A Systematic Review and Meta-Analysis","Hinkle JT, Graziosi M, Nayak SM, Yaden DB.","JAMA Psychiatry. 2024 Dec 1;81(12):1225-1235. doi: 10.1001/jamapsychiatry.2024.2546.","Hinkle JT","JAMA Psychiatry","2024","2024/09/04","PMC11375525","","10.1001/jamapsychiatry.2024.2546"
"38105654","Innovations in group-based psilocybin-assisted therapy of major depression in patients with cancer","Thrul J, Kozak Z, Carducci MA, Garcia-Romeu A, Yaden DB.","Cancer. 2024 Apr 1;130(7):1028-1030. doi: 10.1002/cncr.35127. Epub 2023 Dec 18.","Thrul J","Cancer","2024","2023/12/18","","","10.1002/cncr.35127"
"40736734","Control Group Outcomes in Trials of Psilocybin, SSRIs, or Esketamine for Depression: A Meta-Analysis","Hieronymus F, López E, Werin Sjögren H, Lundberg J.","JAMA Netw Open. 2025 Jul 1;8(7):e2524119. doi: 10.1001/jamanetworkopen.2025.24119.","Hieronymus F","JAMA Netw Open","2025","2025/07/30","PMC12311713","","10.1001/jamanetworkopen.2025.24119"
"39973494","Psilocybin-assisted psychotherapy for Parkinson's disease without depression: A case-report","Fleury V, Tomkova E, Catalano Chiuvé S, Penzenstadler L.","J Parkinsons Dis. 2025 Mar;15(2):440-444. doi: 10.1177/1877718X241312604. Epub 2025 Feb 2.","Fleury V","J Parkinsons Dis","2025","2025/02/20","PMC13347438","","10.1177/1877718X241312604"
"37463745","Psilocybin-assisted psychotherapy for cancer-related anxiety and depression","Yaniv D, Ramondetta LM, Cohen L, Amit M.","Int J Gynecol Cancer. 2023 Aug 7;33(8):1327-1328. doi: 10.1136/ijgc-2023-004659.","Yaniv D","Int J Gynecol Cancer","2023","2023/07/18","","","10.1136/ijgc-2023-004659"
"41039182","Single-dose psilocybin rapidly and sustainably relieves allodynia and anxiodepressive-like behaviors in mouse models of chronic pain","Hammo A, Wisser S, Cichon J.","Nat Neurosci. 2025 Nov;28(11):2285-2295. doi: 10.1038/s41593-025-02068-0. Epub 2025 Oct 2.","Hammo A","Nat Neurosci","2025","2025/10/02","PMC12586168","","10.1038/s41593-025-02068-0"
"34743319","Acute Effects of Psilocybin After Escitalopram or Placebo Pretreatment in a Randomized, Double-Blind, Placebo-Controlled, Crossover Study in Healthy Subjects","Becker AM, Holze F, Grandinetti T, Klaiber A, Toedtli VE, Kolaczynska KE, Duthaler U, Varghese N, Eckert A, Grünblatt E, Liechti ME.","Clin Pharmacol Ther. 2022 Apr;111(4):886-895. doi: 10.1002/cpt.2487. Epub 2021 Nov 22.","Becker AM","Clin Pharmacol Ther","2022","2021/11/07","PMC9299061","","10.1002/cpt.2487"
"37016226","Psilocybin zeigt Wirkung bei Depression","Julia Mertens L.","MMW Fortschr Med. 2023 Apr;165(7):31. doi: 10.1007/s15006-023-2540-9.","Julia Mertens L","MMW Fortschr Med","2023","2023/04/04","","","10.1007/s15006-023-2540-9"
"37758991","Psilocybin kann offenbar Depressionen lindern","Müller T.","MMW Fortschr Med. 2023 Oct;165(17):10. doi: 10.1007/s15006-023-3025-6.","Müller T","MMW Fortschr Med","2023","2023/09/27","","","10.1007/s15006-023-3025-6"
"40047545","Results From a Long-Term Observational Follow-Up Study of a Single Dose of Psilocybin for a Treatment-Resistant Episode of Major Depressive Disorder","Goodwin GM, Nowakowska A, Atli M, Dunlop BW, Feifel D, Hellerstein DJ, Marwood L, Shabir Z, Mistry S, Stansfield SC, Teoh E, Tsai J, Young MB, Malievskaia E.","J Clin Psychiatry. 2025 Mar 3;86(1):24m15449. doi: 10.4088/JCP.24m15449.","Goodwin GM","J Clin Psychiatry","2025","2025/03/06","","","10.4088/JCP.24m15449"
"37392016","Sub-acute effects of psilocybin on EEG correlates of neural plasticity in major depression: Relationship to symptoms","Skosnik PD, Sloshower J, Safi-Aghdam H, Pathania S, Syed S, Pittman B, D'Souza DC.","J Psychopharmacol. 2023 Jul;37(7):687-697. doi: 10.1177/02698811231179800. Epub 2023 Jun 30.","Skosnik PD","J Psychopharmacol","2023","2023/07/01","","","10.1177/02698811231179800"
"38963553","Unraveling psilocybin's therapeutic potential: behavioral and neuroplasticity insights in Wistar-Kyoto and Wistar male rat models of treatment-resistant depression","Kolasa M, Nikiforuk A, Korlatowicz A, Solich J, Potasiewicz A, Dziedzicka-Wasylewska M, Bugno R, Hogendorf A, Bojarski A, Faron-Górecka A.","Psychopharmacology (Berl). 2025 Jul;242(7):1607-1625. doi: 10.1007/s00213-024-06644-3. Epub 2024 Jul 4.","Kolasa M","Psychopharmacology (Berl)","2025","2024/07/04","PMC12226618","","10.1007/s00213-024-06644-3"
"36795807","Possible psychedelic therapeutic mechanism","Hess EM, Gould TD.","Science. 2023 Feb 17;379(6633):642-643. doi: 10.1126/science.adg2989. Epub 2023 Feb 16.","Hess EM","Science","2023","2023/02/16","PMC10084772","NIHMS1881583","10.1126/science.adg2989"
"40121242","Structural basis for psilocybin biosynthesis","Meng C, Guo W, Xiao C, Wen Y, Zhu X, Zhang Q, Liang Y, Li H, Xu S, Qiu Y, Chen H, Lin WJ, Wu B.","Nat Commun. 2025 Mar 22;16(1):2827. doi: 10.1038/s41467-025-58239-x.","Meng C","Nat Commun","2025","2025/03/23","PMC11929908","","10.1038/s41467-025-58239-x"
"39079732","Treating Anxiety and Depression With Psilocybin Therapy","Hanstein AP, Felchlin C.","Radiol Technol. 2024 Jul;95(6):434-435.","Hanstein AP","Radiol Technol","2024","2024/07/30","","",""
"39789676","Psilocybin and hallucinogenic mushrooms","Fradet M, Kelly CM, Donnelly AJ, Suppes T.","CNS Spectr. 2024 Dec;29(6):611-632. doi: 10.1017/S1092852924002487. Epub 2025 Jan 10.","Fradet M","CNS Spectr","2024","2025/01/09","","","10.1017/S1092852924002487"
"36740140","Single-dose psilocybin for a treatment-resistant episode of major depression: Impact on patient-reported depression severity, anxiety, function, and quality of life","Goodwin GM, Aaronson ST, Alvarez O, Atli M, Bennett JC, Croal M, DeBattista C, Dunlop BW, Feifel D, Hellerstein DJ, Husain MI, Kelly JR, Lennard-Jones MR, Licht RW, Marwood L, Mistry S, Páleníček T, Redjep O, Repantis D, Schoevers RA, Septimus B, Simmons HJ, Soares JC, Somers M, Stansfield SC, Stuart JR, Tadley HH, Thiara NK, Tsai J, Wahba M, Williams S, Winzer RI, Young AH, Young MB, Zisook S, Malievskaia E.","J Affect Disord. 2023 Apr 14;327:120-127. doi: 10.1016/j.jad.2023.01.108. Epub 2023 Feb 4.","Goodwin GM","J Affect Disord","2023","2023/02/05","","","10.1016/j.jad.2023.01.108"
"37869790","Assessing potential of psilocybin for depressive disorders","Kozak Z, Johnson MW, Aaronson ST.","Expert Opin Investig Drugs. 2023 Jul-Dec;32(10):887-900. doi: 10.1080/13543784.2023.2273493. Epub 2023 Nov 6.","Kozak Z","Expert Opin Investig Drugs","2023","2023/10/23","","","10.1080/13543784.2023.2273493"
"36171370","The psychedelic escape from depression","Eisenstein M.","Nature. 2022 Sep;609(7929):S87-S89. doi: 10.1038/d41586-022-02872-9.","Eisenstein M","Nature","2022","2022/09/28","","","10.1038/d41586-022-02872-9"
"39627679","Randomized Controlled Trials of Psilocybin-Assisted Therapy in the Treatment of Major Depressive Disorder: Systematic Review and Meta-Analysis","Menon V, Ramamurthy P, Venu S, Andrade C.","Acta Psychiatr Scand. 2025 May;151(5):557-571. doi: 10.1111/acps.13778. Epub 2024 Dec 3.","Menon V","Acta Psychiatr Scand","2025","2024/12/03","","","10.1111/acps.13778"
"36002495","Psychedelic drugs take on depression","Willyard C.","Nature. 2022 Aug;608(7924):S36-S38. doi: 10.1038/d41586-022-02205-w.","Willyard C","Nature","2022","2022/08/24","","","10.1038/d41586-022-02205-w"
"41027992","Psilocybin during the postpartum period induces long-lasting adverse effects in both mothers and offspring","Hatzipantelis CJ, Liu M, Love A, Leventhal SJ, Maera H, Viswanathan S, Avetisyan E, Belinsky L, Rangel MM, Jain NJ, Kelly M, Copeland C, Khatib YA, Fiehn O, Olson DE, Stolzenberg DS.","Nat Commun. 2025 Sep 30;16(1):8630. doi: 10.1038/s41467-025-64371-5.","Hatzipantelis CJ","Nat Commun","2025","2025/09/30","PMC12485072","","10.1038/s41467-025-64371-5"
"37557019","Psilocybin-assisted therapy for depression: A systematic review and dose-response meta-analysis of human studies","Perez N, Langlest F, Mallet L, De Pieri M, Sentissi O, Thorens G, Seragnoli F, Zullino D, Kirschner M, Kaiser S, Solmi M, Sabé M.","Eur Neuropsychopharmacol. 2023 Nov;76:61-76. doi: 10.1016/j.euroneuro.2023.07.011. Epub 2023 Aug 7.","Perez N","Eur Neuropsychopharmacol","2023","2023/08/09","","","10.1016/j.euroneuro.2023.07.011"
"38598236","Acute Adverse Effects of Therapeutic Doses of Psilocybin: A Systematic Review and Meta-Analysis","Yerubandi A, Thomas JE, Bhuiya NMMA, Harrington C, Villa Zapata L, Caballero J.","JAMA Netw Open. 2024 Apr 1;7(4):e245960. doi: 10.1001/jamanetworkopen.2024.5960.","Yerubandi A","JAMA Netw Open","2024","2024/04/10","PMC11007582","","10.1001/jamanetworkopen.2024.5960"
"31543078","The psychedelic renaissance: the next trip for psychiatry?","Kelly JR, Baker A, Babiker M, Burke L, Brennan C, O'Keane V.","Ir J Psychol Med. 2022 Dec;39(4):335-339. doi: 10.1017/ipm.2019.39. Epub 2019 Sep 23.","Kelly JR","Ir J Psychol Med","2022","2019/09/24","","","10.1017/ipm.2019.39"
"37247807","Psychedelics: Threshold of a Therapeutic Revolution","Heal DJ, Smith SL, Belouin SJ, Henningfield JE.","Neuropharmacology. 2023 Sep 15;236:109610. doi: 10.1016/j.neuropharm.2023.109610. Epub 2023 May 27.","Heal DJ","Neuropharmacology","2023","2023/05/29","","","10.1016/j.neuropharm.2023.109610"
"38956594","Engaging Mood Brain Circuits with Psilocybin (EMBRACE): a study protocol for a randomized, placebo-controlled and delayed-start, neuroimaging trial in depression","Poulin JM, Bigford GE, Lanctôt KL, Giacobbe P, Schaffer A, Sinyor M, Rabin JS, Masellis M, Singnurkar A, Pople CB, Lipsman N, Husain MI, Rosenblat JD, Cao X, MacIntosh BJ, Nestor SM.","Trials. 2024 Jul 3;25(1):441. doi: 10.1186/s13063-024-08268-6.","Poulin JM","Trials","2024","2024/07/03","PMC11221029","","10.1186/s13063-024-08268-6"
"40624295","The therapeutic potential of psilocybin beyond psychedelia through shared mechanisms with ketamine","Park D, Lee G, Lee WG, Kim B, Lee Y, Kim JW.","Mol Psychiatry. 2025 Oct;30(10):4910-4927. doi: 10.1038/s41380-025-03100-2. Epub 2025 Jul 7.","Park D","Mol Psychiatry","2025","2025/07/07","","","10.1038/s41380-025-03100-2"
"37122239","A critical evaluation of QIDS-SR-16 using data from a trial of psilocybin therapy versus escitalopram treatment for depression","Weiss B, Erritzoe D, Giribaldi B, Nutt DJ, Carhart-Harris RL.","J Psychopharmacol. 2023 Jul;37(7):717-732. doi: 10.1177/02698811231167848. Epub 2023 Apr 25.","Weiss B","J Psychopharmacol","2023","2023/05/01","PMC10350722","","10.1177/02698811231167848"
"39135496","Psilocybin for clinical indications: A scoping review","Madden K, Flood B, Young Shing D, Ade-Conde M, Kashir I, Mark M, MacKillop J, Bhandari M, Adili A.","J Psychopharmacol. 2024 Oct;38(10):839-845. doi: 10.1177/02698811241269751. Epub 2024 Aug 13.","Madden K","J Psychopharmacol","2024","2024/08/13","PMC11481402","","10.1177/02698811241269751"
"37678363","Psychedelics, With a Focus on Psilocybin: Issues for the Clinician","Garakani A, Alexander JL, Sumner CR, Pine JH, Gross LS, Raison CL, Aaronson ST, Baron DA.","J Psychiatr Pract. 2023 Sep 1;29(5):345-353. doi: 10.1097/PRA.0000000000000729.","Garakani A","J Psychiatr Pract","2023","2023/09/07","","","10.1097/PRA.0000000000000729"
"37689090","The zebrafish for preclinical psilocybin research","Syed OA, Tsang B, Gerlai R.","Neurosci Biobehav Rev. 2023 Oct;153:105381. doi: 10.1016/j.neubiorev.2023.105381. Epub 2023 Sep 7.","Syed OA","Neurosci Biobehav Rev","2023","2023/09/09","","","10.1016/j.neubiorev.2023.105381"
"41749025","Classifying Psychedelic-Related Complications","Majić T, Gouzoulis-Mayfrank E, Evens R.","Curr Top Behav Neurosci. 2026;77:127-151. doi: 10.1007/7854_2026_614.","Majić T","Curr Top Behav Neurosci","2026","2026/02/26","","","10.1007/7854_2026_614"
"37989175","Psilocybin therapy to reduce depression following a terminal diagnosis","Boudreau E, Orlowski K.","JAAPA. 2023 Dec 1;36(12):1. doi: 10.1097/01.JAA.0000994952.07847.2d.","Boudreau E","JAAPA","2023","2023/11/21","","","10.1097/01.JAA.0000994952.07847.2d"
"37940583","Beyond the 5-HT(2A) Receptor: Classic and Nonclassic Targets in Psychedelic Drug Action","Cameron LP, Benetatos J, Lewis V, Bonniwell EM, Jaster AM, Moliner R, Castrén E, McCorvy JD, Palner M, Aguilar-Valles A.","J Neurosci. 2023 Nov 8;43(45):7472-7482. doi: 10.1523/JNEUROSCI.1384-23.2023.","Cameron LP","J Neurosci","2023","2023/11/08","PMC10634557","","10.1523/JNEUROSCI.1384-23.2023"
"41173871","Psychedelics and ketamine/esketamine in depressive disorders: biological mechanisms and associated neuroimaging and clinical changes","d'Andrea G, Chiappini S, Ciavoni L, Tucci R, Martino F, Semeraro FM, Di Battista D, Mosca A, Miuli A, Di Carlo F, Russo M, Di Petta G, Fornaro M, Pettorruso M, Sensi SL, Martinotti G.","Transl Psychiatry. 2025 Oct 31;15(1):453. doi: 10.1038/s41398-025-03654-3.","d'Andrea G","Transl Psychiatry","2025","2025/11/01","PMC12578830","","10.1038/s41398-025-03654-3"
"38309742","Psychedelic psilocybin-assisted therapy reduces depressive symptoms in adults with cancer and depression","","Saudi Med J. 2024 Feb;45(2):214-215.","","Saudi Med J","2024","2024/02/03","PMC11115413","",""
"38773750","Psychedelic therapy in depression and substance use disorders","Korkmaz ND, Cikrikcili U, Akan M, Yucesan E.","Eur J Neurosci. 2024 Jul;60(2):4063-4077. doi: 10.1111/ejn.16421. Epub 2024 May 21.","Korkmaz ND","Eur J Neurosci","2024","2024/05/22","","","10.1111/ejn.16421"
"41485178","Psilocybin and Bipolar Depression: Promise and Prudence","Marques MG, Patarroyo-Rodriguez L, Singh B.","CNS Drugs. 2026 Feb;40(2):123-132. doi: 10.1007/s40263-025-01255-8. Epub 2026 Jan 4.","Marques MG","CNS Drugs","2026","2026/01/04","PMC12856569","NIHMS2134819","10.1007/s40263-025-01255-8"
"39087917","Psilocybin Facilitates Fear Extinction: Importance of Dose, Context, and Serotonin Receptors","Woodburn SC, Levitt CM, Koester AM, Kwan AC.","ACS Chem Neurosci. 2024 Aug 21;15(16):3034-3043. doi: 10.1021/acschemneuro.4c00279. Epub 2024 Aug 1.","Woodburn SC","ACS Chem Neurosci","2024","2024/08/01","PMC12166970","NIHMS2088635","10.1021/acschemneuro.4c00279"
"37433614","Australia's approval of MDMA and psilocybin for PTSD and depression is premature, say critics","Nogrady B.","BMJ. 2023 Jul 11;382:1599. doi: 10.1136/bmj.p1599.","Nogrady B","BMJ","2023","2023/07/11","","","10.1136/bmj.p1599"
"37052904","Assessment of Psilocybin Therapy for Patients With Cancer and Major Depression Disorder","Agrawal M, Emanuel E, Richards B, Richards W, Roddy K, Thambi P.","JAMA Oncol. 2023 Jun 1;9(6):864-866. doi: 10.1001/jamaoncol.2023.0351.","Agrawal M","JAMA Oncol","2023","2023/04/13","PMC10102915","","10.1001/jamaoncol.2023.0351"
"35841696","Psychedelic drugs for psychiatric disorders","da Costa SC, Oesterle T, Rummans TA, Richelson E, Gold M.","J Neurol Sci. 2022 Sep 15;440:120332. doi: 10.1016/j.jns.2022.120332. Epub 2022 Jul 5.","da Costa SC","J Neurol Sci","2022","2022/07/16","","","10.1016/j.jns.2022.120332"
"38128153","Is there credible evidence to assert psilocybin-assisted therapy for depression?","Nogueira GN, Vasconcelos MMA, Souza FGM, Bisol LW.","Eur Neuropsychopharmacol. 2024 Jan;78:70. doi: 10.1016/j.euroneuro.2023.11.003. Epub 2023 Dec 20.","Nogueira GN","Eur Neuropsychopharmacol","2024","2023/12/21","","","10.1016/j.euroneuro.2023.11.003"
"38850581","Protocols and practices in psilocybin assisted psychotherapy for depression: A systematic review","Chisamore N, Johnson D, Chen MJQ, Offman H, Chen-Li D, Kaczmarek ES, Doyle Z, McIntyre RS, Rosenblat JD.","J Psychiatr Res. 2024 Aug;176:77-84. doi: 10.1016/j.jpsychires.2024.05.051. Epub 2024 May 31.","Chisamore N","J Psychiatr Res","2024","2024/06/08","","","10.1016/j.jpsychires.2024.05.051"
"37925136","Psychedelic renaissance: Revitalized potential therapies for psychiatric disorders","Rhee TG, Davoudian PA, Sanacora G, Wilkinson ST.","Drug Discov Today. 2023 Dec;28(12):103818. doi: 10.1016/j.drudis.2023.103818. Epub 2023 Nov 2.","Rhee TG","Drug Discov Today","2023","2023/11/04","","","10.1016/j.drudis.2023.103818"
"38244804","A comparison between psilocybin and esketamine in treatment-resistant depression using number needed to treat (NNT): A systematic review","Wong S, Kwan ATH, Teopiz KM, Le GH, Meshkat S, Ho R, d'Andrea G, Cao B, Di Vincenzo JD, Rosenblat JD, McIntyre RS.","J Affect Disord. 2024 Apr 1;350:698-705. doi: 10.1016/j.jad.2024.01.142. Epub 2024 Jan 18.","Wong S","J Affect Disord","2024","2024/01/20","","","10.1016/j.jad.2024.01.142"
"37874338","Ethopharmacological evaluation of antidepressant-like effect of serotonergic psychedelics in C57BL/6J male mice","Takaba R, Ibi D, Yoshida K, Hosomi E, Kawase R, Kitagawa H, Goto H, Achiwa M, Mizutani K, Maeda K, González-Maeso J, Kitagaki S, Hiramatsu M.","Naunyn Schmiedebergs Arch Pharmacol. 2024 May;397(5):3019-3035. doi: 10.1007/s00210-023-02778-x. Epub 2023 Oct 24.","Takaba R","Naunyn Schmiedebergs Arch Pharmacol","2024","2023/10/24","PMC12910574","NIHMS2137158","10.1007/s00210-023-02778-x"
"37257781","Letter to the editor on ""Increased low-frequency brain responses to music after psilocybin therapy for depression""","Brown O.","J Affect Disord. 2023 Oct 1;338:135-136. doi: 10.1016/j.jad.2023.05.088. Epub 2023 May 29.","Brown O","J Affect Disord","2023","2023/05/31","","","10.1016/j.jad.2023.05.088"
"38326446","Psychedelics and sexual functioning: a mixed-methods study","Barba T, Kettner H, Radu C, Peill JM, Roseman L, Nutt DJ, Erritzoe D, Carhart-Harris R, Giribaldi B.","Sci Rep. 2024 Feb 7;14(1):2181. doi: 10.1038/s41598-023-49817-4.","Barba T","Sci Rep","2024","2024/02/07","PMC10850066","","10.1038/s41598-023-49817-4"
"37386185","Australia to prescribe MDMA and psilocybin for PTSD and depression in world first","Haridy R.","Nature. 2023 Jul;619(7969):227-228. doi: 10.1038/d41586-023-02093-8.","Haridy R","Nature","2023","2023/06/29","","","10.1038/d41586-023-02093-8"
"35411079","Psilocybin increases brain network integration in patients with depression","","Nat Med. 2022 Apr;28(4):647-648. doi: 10.1038/s41591-022-01769-4.","","Nat Med","2022","2022/04/12","","","10.1038/s41591-022-01769-4"
"34053342","Psychedelics and health behaviour change","Teixeira PJ, Johnson MW, Timmermann C, Watts R, Erritzoe D, Douglass H, Kettner H, Carhart-Harris RL.","J Psychopharmacol. 2022 Jan;36(1):12-19. doi: 10.1177/02698811211008554. Epub 2021 May 29.","Teixeira PJ","J Psychopharmacol","2022","2021/05/31","PMC8801670","","10.1177/02698811211008554"
"40518804","Long-term benefits of single-dose psilocybin in depressed patients with cancer","Agrawal M, Roddy K, Jenkins B, Leeks C, Emanuel E.","Cancer. 2025 Jun 15;131(12):e35889. doi: 10.1002/cncr.35889.","Agrawal M","Cancer","2025","2025/06/16","","","10.1002/cncr.35889"
"41177271","Psilocybin use in bipolar disorder: A comprehensive review","Do A, Cloutier L, Hébert-Tremblay L, Thauvin C.","J Affect Disord. 2026 Feb 1;394(Pt B):120485. doi: 10.1016/j.jad.2025.120485. Epub 2025 Oct 31.","Do A","J Affect Disord","2026","2025/11/02","","","10.1016/j.jad.2025.120485"
"42068187","Effects of psychedelic use on authoritarian attitudes revisited","Simonsson O, Lyons T, Marks J, Kettner H, Roseman L, Haijen E, Kaelen M, Carhart-Harris R.","J Psychopharmacol. 2026 May;40(5):801-805. doi: 10.1177/02698811261443677. Epub 2026 May 2.","Simonsson O","J Psychopharmacol","2026","2026/05/02","PMC13310294","","10.1177/02698811261443677"
"36640755","On blinding and suicide risk in a recent trial of psilocybin-assisted therapy for treatment-resistant depression","Gukasyan N.","Med. 2023 Jan 13;4(1):8-9. doi: 10.1016/j.medj.2022.12.003.","Gukasyan N","Med","2023","2023/01/14","","","10.1016/j.medj.2022.12.003"
"40883964","Investigating the safety and tolerability of single-dose psilocybin for post-traumatic stress disorder: A nonrandomized open-label clinical trial","McGowan NM, Rucker JJ, Yehuda R, Agrawal M, Modlin NL, Simmons H, Tofil-Kaluza A, Das S, Goodwin GM.","J Psychopharmacol. 2026 Jan;40(1):139-148. doi: 10.1177/02698811251362390. Epub 2025 Aug 29.","McGowan NM","J Psychopharmacol","2026","2025/08/30","PMC13198616","","10.1177/02698811251362390"
"40258990","Rapid and sustained antidepressant effects of vaporized N,N-dimethyltryptamine: a phase 2a clinical trial in treatment-resistant depression","Falchi-Carvalho M, Palhano-Fontes F, Wießner I, Barros H, Bolcont R, Laborde S, Ruschi B Silva S, Montanini D, C Barbosa D, Teixeira E, Florence-Vilela R, Almeida R, K A de Macedo R, Arichelle F, J Pantrigo É, V Costa-Macedo J, da Cruz Nunes JA, de Araújo Costa Neto LA, Nunes Ferreira LF, Dantas Corrêa L, da Costa Bezerra RB, Arcoverde E, Galvão-Coelho N, B Araujo D.","Neuropsychopharmacology. 2025 May;50(6):895-903. doi: 10.1038/s41386-025-02091-6. Epub 2025 Apr 22.","Falchi-Carvalho M","Neuropsychopharmacology","2025","2025/04/21","PMC12032144","","10.1038/s41386-025-02091-6"
"40205013","Psilocybin therapy for mood dysfunction in Parkinson's disease: an open-label pilot trial","Bradley ER, Sakai K, Fernandes-Osterhold G, Szigeti B, Ludwig C, Ostrem JL, Tanner CM, Bock MA, Llerena K, Finley PR, O'Donovan A, Zuzuarregui JRP, Busby Z, McKernan A, Penn AD, Wang ACC, Rosen RC, Woolley JD.","Neuropsychopharmacology. 2025 Jul;50(8):1200-1209. doi: 10.1038/s41386-025-02097-0. Epub 2025 Apr 9.","Bradley ER","Neuropsychopharmacology","2025","2025/04/09","PMC12170852","","10.1038/s41386-025-02097-0"
"40517150","Evaluation of behavioural and neurochemical effects of psilocybin in mice subjected to chronic unpredictable mild stress","Erkizia-Santamaría I, Horrillo I, Martínez-Álvarez N, Pérez-Martínez D, Rivero G, Erdozain AM, Meana JJ, Ortega JE.","Transl Psychiatry. 2025 Jun 14;15(1):201. doi: 10.1038/s41398-025-03421-4.","Erkizia-Santamaría I","Transl Psychiatry","2025","2025/06/14","PMC12167372","","10.1038/s41398-025-03421-4"
"37752222","Psilocybin analog 4-OH-DiPT enhances fear extinction and GABAergic inhibition of principal neurons in the basolateral amygdala","Kelly TJ, Bonniwell EM, Mu L, Liu X, Hu Y, Friedman V, Yu H, Su W, McCorvy JD, Liu QS.","Neuropsychopharmacology. 2024 Apr;49(5):854-863. doi: 10.1038/s41386-023-01744-8. Epub 2023 Sep 26.","Kelly TJ","Neuropsychopharmacology","2024","2023/09/26","PMC10948882","","10.1038/s41386-023-01744-8"
"40157708","The effect of low-dose psilocybin on brain neurotransmission and rat behavior","Bysiek A, Wojtas A, Szpręgiel I, Wawrzczak-Bargieła A, Maćkowiak M, Gołembiowska K.","Prog Neuropsychopharmacol Biol Psychiatry. 2025 Apr 2;138:111347. doi: 10.1016/j.pnpbp.2025.111347. Epub 2025 Mar 27.","Bysiek A","Prog Neuropsychopharmacol Biol Psychiatry","2025","2025/03/29","","","10.1016/j.pnpbp.2025.111347"
"41067229","Synaptic priming: A framework for pharmacotherapy in depression","Brown KA, Ajibola MI, Medeiros GC, Gould TD.","Neuron. 2025 Nov 19;113(22):3722-3740. doi: 10.1016/j.neuron.2025.09.010. Epub 2025 Oct 8.","Brown KA","Neuron","2025","2025/10/09","PMC12716091","NIHMS2111364","10.1016/j.neuron.2025.09.010"
"42086570","Human brain changes after first psilocybin use","Lyons T, Spriggs M, Kerkelä L, Rosas FE, Roseman L, Mediano PAM, Timmermann C, Oestreich L, Pagni BA, Zeifman RJ, Hampshire A, Trender W, Douglass HM, Girn M, Godfrey K, Kettner H, Sharif F, Espasiano L, Gazzaley A, Wall MB, Erritzoe D, Nutt DJ, Carhart-Harris RL.","Nat Commun. 2026 May 5;17(1):3977. doi: 10.1038/s41467-026-71962-3.","Lyons T","Nat Commun","2026","2026/05/05","PMC13144397","","10.1038/s41467-026-71962-3"
"38740403","PSYCHEDELIC PSILOCYBIN-ASSISTED THERAPY REDUCES DEPRESSIVE SYMPTOMS IN ADULTS WITH CANCER AND DEPRESSION","","Neurosciences (Riyadh). 2024 May;29(2):151-152.","","Neurosciences (Riyadh)","2024","2024/05/13","PMC11305361","",""
"40716639","An overview of psilocybin, LSD, MDMA, and ketamine in revitalizing psychedelic-assisted therapy: Insights, limitations and future directions","Askariyan K, Joghataei MT, Dehghan S, Nohesara S, Riahi Pour L, Mohammadi MH, Ahmadirad N.","Prog Neuropsychopharmacol Biol Psychiatry. 2025 Aug 30;141:111461. doi: 10.1016/j.pnpbp.2025.111461. Epub 2025 Jul 25.","Askariyan K","Prog Neuropsychopharmacol Biol Psychiatry","2025","2025/07/27","","","10.1016/j.pnpbp.2025.111461"
"40618640","Single-dose (10 mg) psilocybin reduces symptoms in adults with obsessive-compulsive disorder: A pharmacological challenge study","Pellegrini L, Fineberg NA, O'Connor S, De Souza AMFLP, Godfrey K, Reed S, Peill J, Healy M, Rohani-Shukla C, Lee H, Carhart-Harris R, Robbins TW, Nutt D, Erritzoe D.","Compr Psychiatry. 2025 Oct;142:152619. doi: 10.1016/j.comppsych.2025.152619. Epub 2025 Jul 1.","Pellegrini L","Compr Psychiatry","2025","2025/07/06","","","10.1016/j.comppsych.2025.152619"
"40554997","The effects of psilocybin therapy versus escitalopram on cognitive bias: A secondary analysis of a randomized controlled trial","Henry J, Giribaldi B, Nutt DJ, Erritzoe D, Carhart-Harris R, Lyons T.","Eur Neuropsychopharmacol. 2025 Aug;97:51-60. doi: 10.1016/j.euroneuro.2025.06.003. Epub 2025 Jun 23.","Henry J","Eur Neuropsychopharmacol","2025","2025/06/24","","","10.1016/j.euroneuro.2025.06.003"
"40670864","Psilocybin as Transformative Fast-Acting Antidepressant: Pharmacological Properties and Molecular Mechanisms","Adebo M, Bonnet M, Laouej O, Defaix C, McGowan JC, Butlen-Ducuing F, David DJ, Poupon E, Tritschler L, Gardier AM.","Fundam Clin Pharmacol. 2025 Aug;39(4):e70038. doi: 10.1111/fcp.70038.","Adebo M","Fundam Clin Pharmacol","2025","2025/07/16","PMC12267113","","10.1111/fcp.70038"
"38359837","New evidence for flexible psilocybin dosing in patients with treatment-resistant depression","Aaronson ST, Kozak Z.","Med. 2024 Mar 8;5(3):187-189. doi: 10.1016/j.medj.2024.01.014. Epub 2024 Feb 14.","Aaronson ST","Med","2024","2024/02/15","","","10.1016/j.medj.2024.01.014"
"35225143","The therapeutic potential of psilocybin: a systematic review","van Amsterdam J, van den Brink W.","Expert Opin Drug Saf. 2022 Jun;21(6):833-840. doi: 10.1080/14740338.2022.2047929. Epub 2022 Mar 2.","van Amsterdam J","Expert Opin Drug Saf","2022","2022/02/28","","","10.1080/14740338.2022.2047929"
"38758589","RE104: Synthesis and Activity of a Novel Serotonergic Psychedelic Prodrug of 4-Hydroxy-N,N-diisopropyltryptamine","Bryson N, Alexander R, Asnis-Alibozek A, Ehlers MD.","ACS Chem Neurosci. 2024 Jun 19;15(12):2386-2395. doi: 10.1021/acschemneuro.4c00058. Epub 2024 May 17.","Bryson N","ACS Chem Neurosci","2024","2024/05/17","PMC11191588","","10.1021/acschemneuro.4c00058"
"41690631","Examining the effects of psilocybin-assisted psychotherapy on anhedonia in treatment-resistant depression","Kaczmarek ES, Rodrigues NB, Chisamore N, Doyle Z, Meshkat S, Blainey MG, Brudner R, Ali S, Teopiz KM, McIntyre RS, Rosenblat JD.","J Affect Disord. 2026 Jun 15;403:121385. doi: 10.1016/j.jad.2026.121385. Epub 2026 Feb 12.","Kaczmarek ES","J Affect Disord","2026","2026/02/14","","","10.1016/j.jad.2026.121385"
"39177339","The role of psilocybin in depressive disorders","Najib J.","Curr Med Res Opin. 2024 Oct;40(10):1793-1808. doi: 10.1080/03007995.2024.2396536. Epub 2024 Aug 28.","Najib J","Curr Med Res Opin","2024","2024/08/23","","","10.1080/03007995.2024.2396536"
"39487767","Optimized psilocybin production in tryptophan catabolism-repressed fungi","Janevska S, Weiser S, Huang Y, Lin J, Hoefgen S, Jojić K, Barber AE, Schäfer T, Fricke J, Hoffmeister D, Regestein L, Valiante V, Kufs JE.","Microb Biotechnol. 2024 Nov;17(11):e70039. doi: 10.1111/1751-7915.70039.","Janevska S","Microb Biotechnol","2024","2024/11/02","PMC11530996","","10.1111/1751-7915.70039"
"35811423","Psilocybin in neuropsychiatry: a review of its pharmacology, safety, and efficacy","Dodd S, Norman TR, Eyre HA, Stahl SM, Phillips A, Carvalho AF, Berk M.","CNS Spectr. 2023 Aug;28(4):416-426. doi: 10.1017/S1092852922000888. Epub 2022 Jul 11.","Dodd S","CNS Spectr","2023","2022/07/11","","","10.1017/S1092852922000888"
"41587629","Methodological moderators of psilocybin-assisted therapy in depression: A systematic review and meta-analysis","Syed OA, Tsang B, Nestor SM, Lipsman N, Husain MI, Alam F, Giacobbe P.","Neurosci Biobehav Rev. 2026 Apr;183:106573. doi: 10.1016/j.neubiorev.2026.106573. Epub 2026 Jan 24.","Syed OA","Neurosci Biobehav Rev","2026","2026/01/26","","","10.1016/j.neubiorev.2026.106573"
"38583670","Psilocybin for dementia prevention? The potential role of psilocybin to alter mechanisms associated with major depression and neurodegenerative diseases","Haniff ZR, Bocharova M, Mantingh T, Rucker JJ, Velayudhan L, Taylor DM, Young AH, Aarsland D, Vernon AC, Thuret S.","Pharmacol Ther. 2024 Jun;258:108641. doi: 10.1016/j.pharmthera.2024.108641. Epub 2024 Apr 6.","Haniff ZR","Pharmacol Ther","2024","2024/04/07","PMC11847495","","10.1016/j.pharmthera.2024.108641"
"35729252","Sustained effects of single doses of classical psychedelics in humans","Knudsen GM.","Neuropsychopharmacology. 2023 Jan;48(1):145-150. doi: 10.1038/s41386-022-01361-x. Epub 2022 Jun 21.","Knudsen GM","Neuropsychopharmacology","2023","2022/06/21","PMC9700827","","10.1038/s41386-022-01361-x"
"39695323","Psilocybin increases emotional empathy in patients with major depression","Jungwirth J, von Rotz R, Dziobek I, Vollenweider FX, Preller KH.","Mol Psychiatry. 2025 Jun;30(6):2665-2672. doi: 10.1038/s41380-024-02875-0. Epub 2024 Dec 18.","Jungwirth J","Mol Psychiatry","2025","2024/12/18","PMC12092279","","10.1038/s41380-024-02875-0"
"40744407","Age- and estrous-dependent effects of psilocybin in rats","Zylko AL, Rakoczy RJ, Roberts BF, Wilson M, Powell A, Page A, Heitkamp M, Feist D, Jones JA, McMurray MS.","Neuropharmacology. 2025 Nov 15;279:110619. doi: 10.1016/j.neuropharm.2025.110619. Epub 2025 Jul 30.","Zylko AL","Neuropharmacology","2025","2025/07/31","","","10.1016/j.neuropharm.2025.110619"
"41109203","Set and setting in psilocybin-assisted therapy: A qualitative study of patients with cancer and depression","Beaussant Y, Tarbi E, Nigam K, Miner S, Sager Z, Sanders J, Ljuslin M, Guérin B, Sholevar R, Roddy K, Tulsky JA, Agrawal M.","Gen Hosp Psychiatry. 2025 Nov-Dec;97:175-184. doi: 10.1016/j.genhosppsych.2025.10.010. Epub 2025 Oct 11.","Beaussant Y","Gen Hosp Psychiatry","2025","2025/10/18","","","10.1016/j.genhosppsych.2025.10.010"
"40689865","Perturbing whole-brain models of brain hierarchy: An application for depression following pharmacological treatment","Socoró-Garrigosa M, Perl YS, Kringelbach ML, Erritzoe D, Nutt DJ, Carhart-Harris R, Vohryzek J, Deco G.","Ann N Y Acad Sci. 2025 Aug;1550(1):255-272. doi: 10.1111/nyas.15391. Epub 2025 Jul 21.","Socoró-Garrigosa M","Ann N Y Acad Sci","2025","2025/07/21","PMC12412724","","10.1111/nyas.15391"
"38782821","Psychedelic-assisted psychotherapy: where is the psychotherapy research?","Aday JS, Horton D, Fernandes-Osterhold G, O'Donovan A, Bradley ER, Rosen RC, Woolley JD.","Psychopharmacology (Berl). 2024 Aug;241(8):1517-1526. doi: 10.1007/s00213-024-06620-x. Epub 2024 May 24.","Aday JS","Psychopharmacology (Berl)","2024","2024/05/23","","","10.1007/s00213-024-06620-x"
"39546645","CURRENT STATE OF PSILOCYBIN-ASSISTED THERAPY IN MOOD DISORDERS","Kaiserman A, Vanderjist L, Kornreich C.","Psychiatr Danub. 2024 Aug;36(2):174-184. doi: 10.24869/psyd.2024.174.","Kaiserman A","Psychiatr Danub","2024","2024/11/15","","","10.24869/psyd.2024.174"
"40541312","Serotonergic psychedelics for depression: A comprehensive overview","Wingert AM, Agnorelli C, Peill J, Reed S, Nutt DJ, Erritzoe D.","Int Rev Neurobiol. 2025;181:271-304. doi: 10.1016/bs.irn.2025.04.009. Epub 2025 May 14.","Wingert AM","Int Rev Neurobiol","2025","2025/06/20","","","10.1016/bs.irn.2025.04.009"
"40998282","Psilocybin-assisted psychotherapy in adults with depression - A literature review","Dorczok MC, Mittmann G, Ettl T, Steiner-Hofbauer V.","Prog Neuropsychopharmacol Biol Psychiatry. 2025 Oct 2;142:111508. doi: 10.1016/j.pnpbp.2025.111508. Epub 2025 Sep 23.","Dorczok MC","Prog Neuropsychopharmacol Biol Psychiatry","2025","2025/09/25","","","10.1016/j.pnpbp.2025.111508"
"38316896","Patient perspectives and experiences with psilocybin treatment for treatment-resistant depression: a qualitative study","Breeksema JJ, Niemeijer A, Krediet E, Karsten T, Kamphuis J, Vermetten E, van den Brink W, Schoevers R.","Sci Rep. 2024 Feb 5;14(1):2929. doi: 10.1038/s41598-024-53188-9.","Breeksema JJ","Sci Rep","2024","2024/02/05","PMC10844281","","10.1038/s41598-024-53188-9"
"36453037","A Case of Prolonged Mania, Psychosis, and Severe Depression After Psilocybin Use: Implications of Increased Psychedelic Drug Availability","Barber G, Nemeroff CB, Siegel S.","Am J Psychiatry. 2022 Dec 1;179(12):892-896. doi: 10.1176/appi.ajp.22010073.","Barber G","Am J Psychiatry","2022","2022/12/01","","","10.1176/appi.ajp.22010073"
"35318904","How Important Is a Guide Who Has Taken Psilocybin in Psilocybin-Assisted Therapy for Depression?","Earleywine M, Low F, Altman BR, De Leo J.","J Psychoactive Drugs. 2023 Jan-Mar;55(1):51-61. doi: 10.1080/02791072.2022.2047842. Epub 2022 Mar 23.","Earleywine M","J Psychoactive Drugs","2023","2022/03/23","","","10.1080/02791072.2022.2047842"
"40329640","Reduced Brain Responsiveness to Emotional Stimuli With Escitalopram But Not Psilocybin Therapy for Depression","Wall MB, Demetriou L, Giribaldi B, Roseman L, Ertl N, Erritzoe D, Nutt DJ, Carhart-Harris RL.","Am J Psychiatry. 2025 Jun 1;182(6):569-582. doi: 10.1176/appi.ajp.20230751. Epub 2025 May 7.","Wall MB","Am J Psychiatry","2025","2025/05/07","","","10.1176/appi.ajp.20230751"
"39305969","Psychedelics: A review of their effects on recalled aversive memories and fear/anxiety expression in rodents","Werle I, Bertoglio LJ.","Neurosci Biobehav Rev. 2024 Dec;167:105899. doi: 10.1016/j.neubiorev.2024.105899. Epub 2024 Sep 19.","Werle I","Neurosci Biobehav Rev","2024","2024/09/21","","","10.1016/j.neubiorev.2024.105899"
"35138714","[Psilocybin compared with escitalopram for depression]","Strous JFM.","Ned Tijdschr Geneeskd. 2022 Jan 17;166:D6318.","Strous JFM","Ned Tijdschr Geneeskd","2022","2022/02/09","","",""
"41371219","Psilocybin induces sex- and context-specific recruitment of the stress axis","Cook SG, Lee S, Ference E, Shi Y, Baimoukhametova D, Rojas-Carvajal M, Hen R, Bains JS, Turi GF, Füzesi T.","Curr Biol. 2026 Jan 5;36(1):122-132.e4. doi: 10.1016/j.cub.2025.11.031. Epub 2025 Dec 9.","Cook SG","Curr Biol","2026","2025/12/10","","","10.1016/j.cub.2025.11.031"
"40883271","Psilocybin-assisted therapy for treatment-resistant depression in the US: a model-based cost-effectiveness analysis","Avanceña ALV, Vuong L, Kahn JG, Marseille E.","Transl Psychiatry. 2025 Aug 29;15(1):330. doi: 10.1038/s41398-025-03556-4.","Avanceña ALV","Transl Psychiatry","2025","2025/08/29","PMC12397412","","10.1038/s41398-025-03556-4"
"38945903","[Up-to-Date on clinical and preclinical studies of psilocybin therapy]","Ibi D.","Nihon Yakurigaku Zasshi. 2024;159(4):214-218. doi: 10.1254/fpj.24007.","Ibi D","Nihon Yakurigaku Zasshi","2024","2024/06/30","","","10.1254/fpj.24007"
"38212441","Antidepressant-like effects of psychedelics in a chronic despair mouse model: is the 5-HT(2A) receptor the unique player?","Sekssaoui M, Bockaert J, Marin P, Bécamel C.","Neuropsychopharmacology. 2024 Mar;49(4):747-756. doi: 10.1038/s41386-024-01794-6. Epub 2024 Jan 11.","Sekssaoui M","Neuropsychopharmacology","2024","2024/01/11","PMC10876623","","10.1038/s41386-024-01794-6"
"37555675","Emerging Perspectives in Addiction Psychiatry","Jordan A.","J Clin Psychiatry. 2023 Aug 9;84(4):muladx3048sho.","Jordan A","J Clin Psychiatry","2023","2023/08/09","","",""
"36635883","Psychedelics for Patients With Cancer: A Comprehensive Literature Review","White CM, Weisman N, Dalo J.","Ann Pharmacother. 2023 Sep;57(9):1062-1075. doi: 10.1177/10600280221144055. Epub 2023 Jan 12.","White CM","Ann Pharmacother","2023","2023/01/13","","","10.1177/10600280221144055"
"39892847","Psychedelics in neuroinflammation: Mechanisms and therapeutic potential","de Deus JL, Maia JM, Soriano RN, Amorim MR, Branco LGS.","Prog Neuropsychopharmacol Biol Psychiatry. 2025 Mar 20;137:111278. doi: 10.1016/j.pnpbp.2025.111278. Epub 2025 Jan 31.","de Deus JL","Prog Neuropsychopharmacol Biol Psychiatry","2025","2025/02/01","","","10.1016/j.pnpbp.2025.111278"
"39378462","Rapidly Trading Down Depression's 3 Pillars to 5HT3-Receptors Through ECT or Psilocybin?","Treviranus GRS.","Psychiatr Danub. 2024 Sep;36(Suppl 2):134-148.","Treviranus GRS","Psychiatr Danub","2024","2024/10/08","","",""
"40830011","The emotional architecture of the psychedelic brain","Moujaes F, Rieser NM, Belinger L, Herdener M, Zahid Z, Preller KH.","Trends Cogn Sci. 2025 Nov;29(11):1007-1022. doi: 10.1016/j.tics.2025.07.006. Epub 2025 Aug 18.","Moujaes F","Trends Cogn Sci","2025","2025/08/19","","","10.1016/j.tics.2025.07.006"
"36251379","Are Magic Mushrooms Really Magic?: Psilocybin in the Treatment of Depression","Balon R.","J Clin Psychopharmacol. 2022 Nov-Dec 01;42(6):515-516. doi: 10.1097/JCP.0000000000001610. Epub 2022 Oct 16.","Balon R","J Clin Psychopharmacol","2022","2022/10/17","","","10.1097/JCP.0000000000001610"
"37227597","New Pharmacologic Approaches to the Treatment of Bipolar Depression","Keramatian K, Chakrabarty T, DuBow A, Saraf G, Yatham LN.","Drugs. 2023 Jul;83(10):843-863. doi: 10.1007/s40265-023-01872-x. Epub 2023 May 25.","Keramatian K","Drugs","2023","2023/05/25","","","10.1007/s40265-023-01872-x"
"42049943","Acute dose-dependent effects of 4-bromo-2,5-dimethoxyphenethylamine (2C-B) compared with 3,4-methylenedioxymethamphetamine (MDMA) and psilocybin in a double-blind, placebo-controlled study in healthy participants","Arikci D, Borgulya J, Straumann I, Vizeli P, Luethi D, Thomann J, Rudin D, Vukalovic I, Eckert A, Liechti ME, Holze F.","Neuropsychopharmacology. 2026 Jul;51(8):1511-1518. doi: 10.1038/s41386-026-02428-9. Epub 2026 Apr 28.","Arikci D","Neuropsychopharmacology","2026","2026/04/28","PMC13291353","","10.1038/s41386-026-02428-9"
"40514369","Synergistic behavioral and neuroplastic effects of psilocybin-NMDAR modulator administration","Ben-Tal T, Pogodin I, Botvinnik A, Lifschytz T, Heresco-Levy U, Lerer B.","Transl Psychiatry. 2025 Jun 13;15(1):200. doi: 10.1038/s41398-025-03428-x.","Ben-Tal T","Transl Psychiatry","2025","2025/06/13","PMC12166048","","10.1038/s41398-025-03428-x"
"40966702","Reappraisal of the hype and hope offered by psilocybin treatment of depression","Beaglehole B, Manuel J.","N Z Med J. 2025 Sep 19;138(1622):94-97. doi: 10.26635/6965.7138.","Beaglehole B","N Z Med J","2025","2025/09/18","","","10.26635/6965.7138"
"36807609","Acute psilocybin enhances cognitive flexibility in rats","Torrado Pacheco A, Olson RJ, Garza G, Moghaddam B.","Neuropsychopharmacology. 2023 Jun;48(7):1011-1020. doi: 10.1038/s41386-023-01545-z. Epub 2023 Feb 20.","Torrado Pacheco A","Neuropsychopharmacology","2023","2023/02/22","PMC10209151","","10.1038/s41386-023-01545-z"
"39243659","Psychoactive substances for the treatment of neuropsychiatric disorders","Zhen Z, Sun X, Yuan S, Zhang J.","Asian J Psychiatr. 2024 Nov;101:104193. doi: 10.1016/j.ajp.2024.104193. Epub 2024 Sep 3.","Zhen Z","Asian J Psychiatr","2024","2024/09/07","","","10.1016/j.ajp.2024.104193"
"35927119","Rapid-Response Treatments for Depression and Requests for Physician-Assisted Death: An Ethical Analysis","Berens N, Kim SY.","Am J Geriatr Psychiatry. 2022 Nov;30(11):1255-1262. doi: 10.1016/j.jagp.2022.07.003. Epub 2022 Jul 11.","Berens N","Am J Geriatr Psychiatry","2022","2022/08/04","PMC9588598","NIHMS1824397","10.1016/j.jagp.2022.07.003"
"38203411","Molecular and Medical Aspects of Psychedelics","Wojtas A, Gołembiowska K.","Int J Mol Sci. 2023 Dec 23;25(1):241. doi: 10.3390/ijms25010241.","Wojtas A","Int J Mol Sci","2023","2024/01/11","PMC10778977","","10.3390/ijms25010241"
"39741446","Multidimensional Personality Changes Following Psilocybin-Assisted Therapy in Patients With Alcohol Use Disorder: Results From a Double-Blind, Placebo-Controlled Clinical Trial","Pagni BA, Zeifman RJ, Mennenga SE, Carrithers BM, Goldway N, Bhatt S, O'Donnell KC, Ross S, Bogenschutz MP.","Am J Psychiatry. 2025 Jan 1;182(1):114-125. doi: 10.1176/appi.ajp.20230887.","Pagni BA","Am J Psychiatry","2025","2025/01/01","","","10.1176/appi.ajp.20230887"
"41577180","Psilocin mediates long-term synaptic depression in the prelimbic cortex through 5-HT(2A) receptor-independent mechanisms","Domi A, Lucente E, Cadeddu D, Bengtsson N, Smedler E, Adermark L.","Neuropharmacology. 2026 May 1;288:110854. doi: 10.1016/j.neuropharm.2026.110854. Epub 2026 Jan 21.","Domi A","Neuropharmacology","2026","2026/01/23","","","10.1016/j.neuropharm.2026.110854"
"40886591","Brain changes associated with depression treatment: a meta-analysis","Perez GM, Rosenberg BM, Xu W, Oathes DJ.","Neuroimage Clin. 2025;48:103874. doi: 10.1016/j.nicl.2025.103874. Epub 2025 Aug 28.","Perez GM","Neuroimage Clin","2025","2025/08/31","PMC12410565","","10.1016/j.nicl.2025.103874"
"34734392","Dosing Psychedelics and MDMA","Liechti ME, Holze F.","Curr Top Behav Neurosci. 2022;56:3-21. doi: 10.1007/7854_2021_270.","Liechti ME","Curr Top Behav Neurosci","2022","2021/11/04","","","10.1007/7854_2021_270"
"36433778","Changes in music-evoked emotion and ventral striatal functional connectivity after psilocybin therapy for depression","Shukuroglou M, Roseman L, Wall M, Nutt D, Kaelen M, Carhart-Harris R.","J Psychopharmacol. 2023 Jan;37(1):70-79. doi: 10.1177/02698811221125354. Epub 2022 Nov 26.","Shukuroglou M","J Psychopharmacol","2023","2022/11/26","PMC9834320","","10.1177/02698811221125354"
"38401463","Deciphering psilocybin: Cytotoxicity, anti-inflammatory effects, and mechanistic insights","Laabi S, LeMmon C, Vogel C, Chacon M, Jimenez VM Jr.","Int Immunopharmacol. 2024 Mar 30;130:111753. doi: 10.1016/j.intimp.2024.111753. Epub 2024 Feb 23.","Laabi S","Int Immunopharmacol","2024","2024/02/24","","","10.1016/j.intimp.2024.111753"
"37817501","Potential use of psilocybin drugs in the treatment of depression","Śladowska K, Kawalec P, Brzostek T, Pilc A.","Expert Opin Emerg Drugs. 2023 Dec;28(4):241-256. doi: 10.1080/14728214.2023.2264180. Epub 2023 Dec 26.","Śladowska K","Expert Opin Emerg Drugs","2023","2023/10/11","","","10.1080/14728214.2023.2264180"
"36263513","Culture, context, and ethics in the therapeutic use of hallucinogens: Psychedelics as active super-placebos?","Dupuis D, Veissière S.","Transcult Psychiatry. 2022 Oct;59(5):571-578. doi: 10.1177/13634615221131465. Epub 2022 Oct 19.","Dupuis D","Transcult Psychiatry","2022","2022/10/20","","","10.1177/13634615221131465"
"35458717","Psychedelics: Alternative and Potential Therapeutic Options for Treating Mood and Anxiety Disorders","Lowe H, Toyang N, Steele B, Grant J, Ali A, Gordon L, Ngwa W.","Molecules. 2022 Apr 14;27(8):2520. doi: 10.3390/molecules27082520.","Lowe H","Molecules","2022","2022/04/23","PMC9025549","","10.3390/molecules27082520"
"38909970","Effects of psilocybin on uncertain punishment learning","Jacobs DS, Bogachuk AP, Le Moing CL, Moghaddam B.","Neurobiol Learn Mem. 2024 Sep;213:107954. doi: 10.1016/j.nlm.2024.107954. Epub 2024 Jun 22.","Jacobs DS","Neurobiol Learn Mem","2024","2024/06/23","PMC11971122","NIHMS2008834","10.1016/j.nlm.2024.107954"
"40710191","Psychedelic-Assisted Therapies for Psychosocial Symptoms in Cancer: A Systematic Review and Meta-Analysis","Schuman HDM, Savard C, Mina R, Barkova S, Conradi HSW, Deleemans JM, Carlson LE.","Curr Oncol. 2025 Jun 30;32(7):380. doi: 10.3390/curroncol32070380.","Schuman HDM","Curr Oncol","2025","2025/07/25","PMC12293737","","10.3390/curroncol32070380"
"37650489","Psilocybin history, action and reaction: A narrative clinical review","Sharma P, Nguyen QA, Matthews SJ, Carpenter E, Mathews DB, Patten CA, Hammond CJ.","J Psychopharmacol. 2023 Sep;37(9):849-865. doi: 10.1177/02698811231190858. Epub 2023 Aug 31.","Sharma P","J Psychopharmacol","2023","2023/08/31","","","10.1177/02698811231190858"
"40129307","Comparing Antidepressant Effects of Psilocybin-Assisted Psychotherapy in Individuals That Were Unmedicated at Initial Screening Versus Individuals Discontinuing Medications for Study Participation: Comparaison des effets antidépresseurs de la psychothérapie assistée par la psilocybine (PAP) chez les personnes non médicamentées à la sélection initiale et les personnes ayant arrêté les médicaments pour participer à l'étude","Chisamore N, Kaczmarek ES, Doyle Z, Johnson DE, Weiglein G, Meshkat S, Brudner RM, Blainey MG, Riva-Cambrin J, McIntyre RS, Rosenblat JD.","Can J Psychiatry. 2025 Oct;70(10):759-767. doi: 10.1177/07067437251328316. Epub 2025 Mar 25.","Chisamore N","Can J Psychiatry","2025","2025/03/25","PMC11948223","","10.1177/07067437251328316"
"41127918","Home-based psilocybin-assisted therapy for a patient with advanced cancer: A case report","Farzin H, Koren B, Ferrier H, Sanders JJ, Garel N.","Palliat Support Care. 2025 Oct 23;23:e189. doi: 10.1017/S1478951525100941.","Farzin H","Palliat Support Care","2025","2025/10/23","PMC13166358","","10.1017/S1478951525100941"
"41891829","Psilocin fosters neuroplasticity in iPSC-derived human cortical neurons","Schmidt M, Hoffrichter A, Davoudi M, Horschitz S, Lau T, Meinhardt MW, Spanagel R, Ladewig J, Köhr G, Koch P.","Elife. 2026 Mar 27;14:RP104006. doi: 10.7554/eLife.104006.","Schmidt M","Elife","2026","2026/03/27","PMC13030890","","10.7554/eLife.104006"
"41078264","Zalsupindole is a Nondissociative, Nonhallucinogenic Neuroplastogen with Therapeutic Effects Comparable to Ketamine and Psychedelics","Agrawal R, Gillie D, Mungenast A, Chytil M, Engel S, Wu MC, Rasmussen K, Salinas E, Olson DE.","ACS Chem Neurosci. 2025 Nov 19;16(22):4388-4399. doi: 10.1021/acschemneuro.5c00667. Epub 2025 Oct 13.","Agrawal R","ACS Chem Neurosci","2025","2025/10/13","","","10.1021/acschemneuro.5c00667"
"40849086","Chronic psilocybin administration increases sociability and alters the gut microbiome in male wild-type mice but not in a preclinical model of obsessive-compulsive disorder","Gattuso JJ, Kong G, Bezcioglu B, Lu D, Ekwudo MN, Wilson C, Gubert C, Hannan AJ, Renoir T.","Neuropharmacology. 2025 Nov 15;279:110648. doi: 10.1016/j.neuropharm.2025.110648. Epub 2025 Aug 21.","Gattuso JJ","Neuropharmacology","2025","2025/08/23","","","10.1016/j.neuropharm.2025.110648"
"38198569","Rapid-acting antidepressant drugs modulate affective bias in rats","Hinchcliffe JK, Stuart SA, Wood CM, Bartlett J, Kamenish K, Arban R, Thomas CW, Selimbeyoglu A, Hurley S, Hengerer B, Gilmour G, Robinson ESJ.","Sci Transl Med. 2024 Jan 10;16(729):eadi2403. doi: 10.1126/scitranslmed.adi2403. Epub 2024 Jan 10.","Hinchcliffe JK","Sci Transl Med","2024","2024/01/10","PMC7615567","EMS193444","10.1126/scitranslmed.adi2403"
"41401486","Psilocybin in late-life mental health: Addressing depression, loneliness, and existential anxiety","Konstantinou GN, Rosenblat J, Hales S, Husain MI, Blumberger DM.","Gen Hosp Psychiatry. 2026 Jan-Feb;98:54-63. doi: 10.1016/j.genhosppsych.2025.12.005. Epub 2025 Dec 9.","Konstantinou GN","Gen Hosp Psychiatry","2026","2025/12/16","","","10.1016/j.genhosppsych.2025.12.005"
"41730563","Psychedelic medicine: mechanisms, evidence, and translation to practice","Jacobs E, Zahid Z, Hinkle J, Nayak S, Yaden DB.","BMJ. 2026 Feb 23;392:e081723. doi: 10.1136/bmj-2024-081723.","Jacobs E","BMJ","2026","2026/02/23","","","10.1136/bmj-2024-081723"
"40258947","Development of a PBPK model of psilocybin/psilocin from Psilocybe cubensis (magic mushroom) in mice, rats, and humans","Thaoboonruang N, Lohitnavy O, Ya K, Lohitnavy M.","Sci Rep. 2025 Apr 21;15(1):13721. doi: 10.1038/s41598-025-98202-w.","Thaoboonruang N","Sci Rep","2025","2025/04/21","PMC12012080","","10.1038/s41598-025-98202-w"
"41099491","A novel psychedelic 5-HT(2A) receptor agonist GM-2505: The pharmacokinetic, safety, and pharmacodynamic profile from a randomized trial healthy volunteer","Marek GJ, Makai-Bölöni S, Umbricht D, Christian EP, Winters J, Dvorak D, Raines S, Hughes ZA, Austin EW, Klein AK, Leong W, Krol FJ, Graaf AJV, Juachon MJ, Otto ME, Borghans LGJM, Jacobs G, Kruegel AC, Sporn J.","J Psychopharmacol. 2026 Jan;40(1):166-178. doi: 10.1177/02698811251378512. Epub 2025 Oct 16.","Marek GJ","J Psychopharmacol","2026","2025/10/16","PMC13198617","","10.1177/02698811251378512"
"40354769","Non-hallucinogenic psychedelics for mood and anxiety disorders: A systematic review","Chen MJQ, Chen-Li D, Chisamore N, Husain MI, Di Vincenzo JD, Mansur RB, Phan L, Johnson D, McIntyre RS, Rosenblat JD.","Psychiatry Res. 2025 Jul;349:116532. doi: 10.1016/j.psychres.2025.116532. Epub 2025 May 8.","Chen MJQ","Psychiatry Res","2025","2025/05/12","","","10.1016/j.psychres.2025.116532"
"40413648","Role of endogenous serotonin in psychedelic-like effects of psilocybin in mice","Erkizia-Santamaría I, Martínez-Álvarez N, Salinas-Novoa L, Meana JJ, Ortega JE.","Int J Neuropsychopharmacol. 2025 Jun 6;28(6):pyaf035. doi: 10.1093/ijnp/pyaf035.","Erkizia-Santamaría I","Int J Neuropsychopharmacol","2025","2025/05/25","PMC12202319","","10.1093/ijnp/pyaf035"
"42616497","Safety and Mental Health Outcomes of Oregon State-Regulated Psilocybin Services","Korthuis PT, Cook RR, Gregoire D, Stauffer CS, Luoma JB, Pertl K, Des Jarlais D, McCarty D, Levander XA, Hoffman KA, Wilson-Poe AR.","JAMA Netw Open. 2026 Aug 3;9(8):e2630608. doi: 10.1001/jamanetworkopen.2026.30608.","Korthuis PT","JAMA Netw Open","2026","2026/08/19","PMC13491119","","10.1001/jamanetworkopen.2026.30608"
"37466289","Personality Change in a Trial of Psilocybin Therapy vs Escitalopram Treatment for Depression - CORRIGENDUM","Weiss B, Ginige I, Shannon L, Giribaldi B, Murphy-Beiner A, Murphy R, Baker-Jones M, Martell J, Nutt DJ, Carhart-Harris RL, Erritzoe D.","Psychol Med. 2024 Jan;54(1):217. doi: 10.1017/S0033291723002039. Epub 2023 Jul 19.","Weiss B","Psychol Med","2024","2023/07/19","","","10.1017/S0033291723002039"
"41644029","MDMA and Psilocybin Regulate Oligodendrocyte-Lineage Cell Numbers and Anxiety-Like Behaviors in a Rat Model of Fear","Bostancıklıoğlu M, Kaplan DS, Bal R, Yiğit E, Ulusal H, Temiz E.","Biol Psychiatry. 2026 Sep 15;100(6):624-637. doi: 10.1016/j.biopsych.2026.01.016. Epub 2026 Feb 3.","Bostancıklıoğlu M","Biol Psychiatry","2026","2026/02/05","","","10.1016/j.biopsych.2026.01.016"
"40899152","Therapeutic Use of Psilocybin in Depression: a Systematic Review of Clinical Evidence","Andrade FRT, Buchborn T, Thalheimer G, Meinhardt MW, Joca S, de Almeida RMM.","Acta Neuropsychiatr. 2025 Sep 3;37:e86. doi: 10.1017/neu.2025.10039.","Andrade FRT","Acta Neuropsychiatr","2025","2025/09/03","PMC13130258","","10.1017/neu.2025.10039"
"38043078","Classical psychedelics in psychiatry - renaissance of interest and therapeutic perspectives","Jachimowski A, Kucia K.","Psychiatr Pol. 2023 Jun 30;57(3):657-670. doi: 10.12740/PP/150053. Epub 2023 Jun 30.","Jachimowski A","Psychiatr Pol","2023","2023/12/03","","","10.12740/PP/150053"
"41290975","A comparative assessment of the antidepressant efficacy of ketamine, psilocybin, and fluoxetine in a chronic stress model","Domżalska M, Kwiatkowska J, Cichoń I, Sokołowska E.","Sci Rep. 2025 Nov 26;15(1):45393. doi: 10.1038/s41598-025-29642-7.","Domżalska M","Sci Rep","2025","2025/11/25","PMC12748859","","10.1038/s41598-025-29642-7"
"42009274","Psilocybin restores behavioral and neuroplastic deficits induced by chronic stress in rats","Bysiek A, Szpręgiel I, Wojtas A, Maćkowiak M, Wawrzczak-Bargieła A, Leśkiewicz M, Trojan E, Kamińska K, Kumorek W, Bilecki W, Gołembiowska K.","Prog Neuropsychopharmacol Biol Psychiatry. 2026 Jun 20;147:111710. doi: 10.1016/j.pnpbp.2026.111710. Epub 2026 Apr 19.","Bysiek A","Prog Neuropsychopharmacol Biol Psychiatry","2026","2026/04/20","","","10.1016/j.pnpbp.2026.111710"
"39288539","New frontiers in the biosynthesis of psychoactive specialized metabolites","Li G, Facchini PJ.","Curr Opin Plant Biol. 2024 Dec;82:102626. doi: 10.1016/j.pbi.2024.102626. Epub 2024 Sep 16.","Li G","Curr Opin Plant Biol","2024","2024/09/17","","","10.1016/j.pbi.2024.102626"
"41879500","Psilocybin: Chemical Foundations and Emerging Therapeutic Potential","Patil SA, Hunsberger HC.","Mini Rev Med Chem. 2026;26(11):782-791. doi: 10.2174/0113895575429775260119043318.","Patil SA","Mini Rev Med Chem","2026","2026/03/25","","","10.2174/0113895575429775260119043318"
"38423367","Predicting the outcome of psilocybin treatment for depression from baseline fMRI functional connectivity","Copa D, Erritzoe D, Giribaldi B, Nutt D, Carhart-Harris R, Tagliazucchi E.","J Affect Disord. 2024 May 15;353:60-69. doi: 10.1016/j.jad.2024.02.089. Epub 2024 Feb 27.","Copa D","J Affect Disord","2024","2024/02/29","","","10.1016/j.jad.2024.02.089"
"39980217","Narrative review of the potential for psychedelics to treat Prolonged Grief Disorder","Ehrenkranz R, Agrawal M, Penberthy JK, Yaden DB.","Int Rev Psychiatry. 2024 Dec;36(8):879-890. doi: 10.1080/09540261.2024.2357668. Epub 2024 May 23.","Ehrenkranz R","Int Rev Psychiatry","2024","2025/02/21","","","10.1080/09540261.2024.2357668"
"40834796","Between enhancement and risk: A critical review of psychedelic microdosing","Totomanova I, Haijen ECHM, Hurks PPM, Ramaekers JG, Kuypers KPC.","Curr Opin Psychol. 2025 Dec;66:102129. doi: 10.1016/j.copsyc.2025.102129. Epub 2025 Aug 6.","Totomanova I","Curr Opin Psychol","2025","2025/08/20","","","10.1016/j.copsyc.2025.102129"
"39543323","Knowledge, attitudes, and concerns about psilocybin and MDMA as novel therapies among U.S. healthcare professionals","Wang E, Mathai DS, Gukasyan N, Nayak S, Garcia-Romeu A.","Sci Rep. 2024 Nov 14;14(1):28022. doi: 10.1038/s41598-024-78736-1.","Wang E","Sci Rep","2024","2024/11/14","PMC11564663","","10.1038/s41598-024-78736-1"
"37926796","Mindfulness meditation and psychedelics: potential synergies and commonalities","Holas P, Kamińska J.","Pharmacol Rep. 2023 Dec;75(6):1398-1409. doi: 10.1007/s43440-023-00551-8. Epub 2023 Nov 6.","Holas P","Pharmacol Rep","2023","2023/11/05","PMC10661803","","10.1007/s43440-023-00551-8"
"34101846","Psilocybin: A brief overview for psychiatric mental health nurse practitioners","Fradkin D.","Perspect Psychiatr Care. 2022 Jul;58(3):1200-1203. doi: 10.1111/ppc.12888. Epub 2021 Jun 8.","Fradkin D","Perspect Psychiatr Care","2022","2021/06/08","","","10.1111/ppc.12888"
"38240068","Older adults in psychedelic-assisted therapy trials: A systematic review","Bouchet L, Sager Z, Yrondi A, Nigam KB, Anderson BT, Ross S, Petridis PD, Beaussant Y.","J Psychopharmacol. 2024 Jan;38(1):33-48. doi: 10.1177/02698811231215420. Epub 2024 Jan 19.","Bouchet L","J Psychopharmacol","2024","2024/01/19","","","10.1177/02698811231215420"
"42185639","Psilocybin modulates social behaviour in male and female mice in a time-dependent manner","Shadani S, McCoy K, Ong L, Greaves E, Conn K, Andrews ZB, Foldi CJ.","Neuropsychopharmacology. 2026 Aug;51(9):1588-1598. doi: 10.1038/s41386-026-02450-x. Epub 2026 May 25.","Shadani S","Neuropsychopharmacology","2026","2026/05/25","PMC13388970","","10.1038/s41386-026-02450-x"
"34922987","Beating pain with psychedelics: Matter over mind?","Elman I, Pustilnik A, Borsook D.","Neurosci Biobehav Rev. 2022 Mar;134:104482. doi: 10.1016/j.neubiorev.2021.12.005. Epub 2021 Dec 16.","Elman I","Neurosci Biobehav Rev","2022","2021/12/19","","","10.1016/j.neubiorev.2021.12.005"
"35301459","The promises and perils of psychedelic pharmacology for psychiatry","McClure-Begley TD, Roth BL.","Nat Rev Drug Discov. 2022 Jun;21(6):463-473. doi: 10.1038/s41573-022-00421-7. Epub 2022 Mar 17.","McClure-Begley TD","Nat Rev Drug Discov","2022","2022/03/18","","","10.1038/s41573-022-00421-7"
"41172953","Psilocybin as a fast-acting and long-lasting antidepressant for adolescence: Proposing NeuroD1 as a biomarker of its long-term plasticity","García-Cabrerizo R, Beruete-Fresnillo I, Bergas-Cladera P, García-Fuster MJ.","Biomed Pharmacother. 2025 Dec;193:118720. doi: 10.1016/j.biopha.2025.118720. Epub 2025 Oct 30.","García-Cabrerizo R","Biomed Pharmacother","2025","2025/10/31","","","10.1016/j.biopha.2025.118720"
"39778644","Clinical and preclinical evidence of psilocybin as antidepressant. A narrative review","Erkizia-Santamaría I, Horrillo I, Meana JJ, Ortega JE.","Prog Neuropsychopharmacol Biol Psychiatry. 2025 Jan 10;136:111249. doi: 10.1016/j.pnpbp.2025.111249. Epub 2025 Jan 6.","Erkizia-Santamaría I","Prog Neuropsychopharmacol Biol Psychiatry","2025","2025/01/08","","","10.1016/j.pnpbp.2025.111249"
"41257994","Negative affective bias in depression following treatment with psilocybin or escitalopram - a secondary analysis from a randomized trial","Martens MAG, Cunha BG, Erritzoe D, Nutt D, Carhart-Harris R, Harmer CJ.","Transl Psychiatry. 2025 Nov 13;15(1):502. doi: 10.1038/s41398-025-03693-w.","Martens MAG","Transl Psychiatry","2025","2025/11/19","PMC12644704","","10.1038/s41398-025-03693-w"
"41283278","Psilocybin and Chronic Pain: A New Perspective for Future Pain Therapists?","Natoli S, Cuomo A, Marchesini M, Luongo L, Lo Bianco G, Guardamagna VA, Yamaguchi S.","Med Sci (Basel). 2025 Nov 20;13(4):277. doi: 10.3390/medsci13040277.","Natoli S","Med Sci (Basel)","2025","2025/11/24","PMC12641700","","10.3390/medsci13040277"
"41708300","Psilocybin-assisted psychotherapy for psycho-existential distress in advanced cancer: a narrative review","Magnani L, Ghirotto L, Fesce F, Re T, Tanzi S, Amerio A, Costanza A.","BMJ Support Palliat Care. 2026 Apr 28;16(3):595-605. doi: 10.1136/spcare-2025-005689.","Magnani L","BMJ Support Palliat Care","2026","2026/02/18","","","10.1136/spcare-2025-005689"
"40781763","Psychedelic-Assisted Therapy: Potential Benefits and Challenges in Mental Health Treatment","Silczuk A, Madejek RJ, Koweszko T, Mularczyk-Tomczewska P, Adamska E, Gujski M, Szulc A.","Med Sci Monit. 2025 Aug 9;31:e948302. doi: 10.12659/MSM.948302.","Silczuk A","Med Sci Monit","2025","2025/08/09","PMC12352260","","10.12659/MSM.948302"
"36707036","Optimizing outcomes in psilocybin therapy: Considerations in participant evaluation and preparation","Modlin NL, Miller TM, Rucker JJ, Kirlic N, Lennard-Jones M, Schlosser D, Aaronson ST.","J Affect Disord. 2023 Apr 1;326:18-25. doi: 10.1016/j.jad.2023.01.077. Epub 2023 Jan 25.","Modlin NL","J Affect Disord","2023","2023/01/27","","","10.1016/j.jad.2023.01.077"
"41944071","Psychedelic-assisted pharmacotherapy: clinical applications and regulatory considerations","Marazziti D, Gambini M, Gurrieri R, Russomanno G, Sità G, Pescini E, Digiuseppe FR, Mucci F.","Expert Opin Pharmacother. 2026 Apr;27(5):451-461. doi: 10.1080/14656566.2026.2654682. Epub 2026 Apr 7.","Marazziti D","Expert Opin Pharmacother","2026","2026/04/07","","","10.1080/14656566.2026.2654682"
"36512813","Psychedelic-Assisted Therapy and Psychedelic Science: A Review and Perspective on Opportunities in Neurosurgery and Neuro-Oncology","Kelly DF, Heinzerling K, Sharma A, Gowrinathan S, Sergi K, Mallari RJ.","Neurosurgery. 2023 Apr 1;92(4):680-694. doi: 10.1227/neu.0000000000002275. Epub 2022 Dec 8.","Kelly DF","Neurosurgery","2023","2022/12/13","PMC9988324","","10.1227/neu.0000000000002275"
"42036582","Psychedelics: Future Therapeutics in Major Depression?","Olivier B, Olivier JDA.","Adv Exp Med Biol. 2026;1502:429-449. doi: 10.1007/978-981-95-6872-7_25.","Olivier B","Adv Exp Med Biol","2026","2026/04/26","","","10.1007/978-981-95-6872-7_25"
"39628414","Psilocybin as a Disease-Modifying Drug—A Salutogenic Approach in Psychiatry","Spangemacher M, Mertens LJ, Färber LV, Jungaberle A, Jungaberle H, Gründer G.","Dtsch Arztebl Int. 2024 Dec 27;121(26):868-874. doi: 10.3238/arztebl.m2024.0224.","Spangemacher M","Dtsch Arztebl Int","2024","2024/12/04","PMC12104993","","10.3238/arztebl.m2024.0224"
"40849544","Above the threshold, beyond the trip: the role of the 5-HT(2A) receptor in psychedelic-induced neuroplasticity and antidepressant effects","Drewko AJ, Habets RLP, Brunt TM.","Mol Psychiatry. 2025 Dec;30(12):5926-5937. doi: 10.1038/s41380-025-03169-9. Epub 2025 Aug 23.","Drewko AJ","Mol Psychiatry","2025","2025/08/23","","","10.1038/s41380-025-03169-9"
"40840197","Endocannabinoids, depression, and treatment resistance: Perspectives on effective therapeutic interventions","Rosa I, Padula LP, Semeraro F, Marrangone C, Inserra A, De Risio L, Boffa M, Zoratto F, Borgi M, Guidotti R, Lorenzo GD, D'Addario C, Pettorruso M, Martinotti G.","Psychiatry Res. 2025 Oct;352:116697. doi: 10.1016/j.psychres.2025.116697. Epub 2025 Aug 16.","Rosa I","Psychiatry Res","2025","2025/08/21","","","10.1016/j.psychres.2025.116697"
"35225726","The Use of Psilocybin in the Treatment of Psychiatric Disorders with Attention to Relative Safety Profile: A Systematic Review","Hodge AT, Sukpraprut-Braaten S, Narlesky M, Strayhan RC.","J Psychoactive Drugs. 2023 Jan-Mar;55(1):40-50. doi: 10.1080/02791072.2022.2044096. Epub 2022 Feb 28.","Hodge AT","J Psychoactive Drugs","2023","2022/02/28","","","10.1080/02791072.2022.2044096"
"40116762","Is there a place for psychedelics in sports practice?","Portes MAM, Werle I, Bertoglio LJ.","Acta Neuropsychiatr. 2025 Mar 21;37:e55. doi: 10.1017/neu.2025.13.","Portes MAM","Acta Neuropsychiatr","2025","2025/03/21","PMC13130271","","10.1017/neu.2025.13"
"40178229","Exploring psilocybin's role in mental health and palliative medicine: a path to improved well-being","Umbacia MA, Leon MX, Quintero JM, Castro LM, Paez V, Dodd S, Bustos RH.","Expert Opin Emerg Drugs. 2025 Jun;30(2):99-108. doi: 10.1080/14728214.2025.2488786. Epub 2025 Apr 10.","Umbacia MA","Expert Opin Emerg Drugs","2025","2025/04/03","","","10.1080/14728214.2025.2488786"
"40701207","Psilocybin as a psychophysical adaptogen in chronic pain rehabilitation","Cherup NP, Finan PH.","J Pain. 2025 Sep;34:105507. doi: 10.1016/j.jpain.2025.105507. Epub 2025 Jul 21.","Cherup NP","J Pain","2025","2025/07/23","PMC12378950","NIHMS2100458","10.1016/j.jpain.2025.105507"
"38833909","Stutterers' experiences on classic psychedelics: A preliminary self-report study","Jackson ES, Goldway N, Gerlach-Houck H, Gold ND.","J Fluency Disord. 2024 Sep;81:106062. doi: 10.1016/j.jfludis.2024.106062. Epub 2024 May 19.","Jackson ES","J Fluency Disord","2024","2024/06/04","","","10.1016/j.jfludis.2024.106062"
"40590216","Examining mystical experiences as a predictor of psilocybin-assisted psychotherapy for treatment-resistant depression","Brudner RM, Kaczmarek E, Blainey MG, Schulz-Quach C, Meshkat S, Doyle Z, Lipsitz O, Offman H, Sethi R, Weiglein G, McIntyre RS, Rosenblat JD.","J Psychopharmacol. 2025 Sep;39(9):950-956. doi: 10.1177/02698811251346697. Epub 2025 Jul 1.","Brudner RM","J Psychopharmacol","2025","2025/07/01","PMC12371138","","10.1177/02698811251346697"
"34812901","Psychedelics for the treatment of depression, anxiety, and existential distress in patients with a terminal illness: a systematic review","Schimmers N, Breeksema JJ, Smith-Apeldoorn SY, Veraart J, van den Brink W, Schoevers RA.","Psychopharmacology (Berl). 2022 Jan;239(1):15-33. doi: 10.1007/s00213-021-06027-y. Epub 2021 Nov 23.","Schimmers N","Psychopharmacology (Berl)","2022","2021/11/23","","","10.1007/s00213-021-06027-y"
"38233467","High-resolution tracking of unconfined zebrafish behavior reveals stimulatory and anxiolytic effects of psilocybin","Braun D, Rosenberg AM, Rabaniam E, Haruvi R, Malamud D, Barbara R, Aiznkot T, Levavi-Sivan B, Kawashima T.","Mol Psychiatry. 2024 Apr;29(4):1046-1062. doi: 10.1038/s41380-023-02391-7. Epub 2024 Jan 17.","Braun D","Mol Psychiatry","2024","2024/01/17","PMC11176078","","10.1038/s41380-023-02391-7"
"41780506","Psilocybin and Ibogaine in Cocaine-Seeking: Extinction Enhancement Without Relapse Prevention","Koutrouli IRA, Brejtr V, Schwendt M, Witek K, Charalambous C, Aleksič K, Miniariková N, Lhotková E, Toman M, Nikolič M, Jurok R, Cihlářová P, Mazoch V, Ryšánek P, Kuchař M, Šíchová K, Páleníček T.","Addict Biol. 2026 Mar;31(3):e70111. doi: 10.1111/adb.70111.","Koutrouli IRA","Addict Biol","2026","2026/03/04","","","10.1111/adb.70111"
"38203271","Limbic System Response to Psilocybin and Ketamine Administration in Rats: A Neurochemical and Behavioral Study","Wojtas A, Bysiek A, Wawrzczak-Bargiela A, Maćkowiak M, Gołembiowska K.","Int J Mol Sci. 2023 Dec 20;25(1):100. doi: 10.3390/ijms25010100.","Wojtas A","Int J Mol Sci","2023","2024/01/11","PMC10779066","","10.3390/ijms25010100"
"35254595","Depression and Long-Term Prescription Opioid Use and Opioid Use Disorder: Implications for Pain Management in Cancer","Bates N, Bello JK, Osazuwa-Peters N, Sullivan MD, Scherrer JF.","Curr Treat Options Oncol. 2022 Mar;23(3):348-358. doi: 10.1007/s11864-022-00954-4. Epub 2022 Mar 7.","Bates N","Curr Treat Options Oncol","2022","2022/03/07","PMC8899439","","10.1007/s11864-022-00954-4"
"38518266","Psychedelic Therapy: A Primer for Primary Care Clinicians-Historical Perspective and Overview","Tabaac BJ, Shinozuka K, Arenas A, Beutler BD, Cherian K, Evans VD, Fasano C, Muir OS.","Am J Ther. 2024 Mar-Apr 01;31(2):e97-e103. doi: 10.1097/MJT.0000000000001727.","Tabaac BJ","Am J Ther","2024","2024/03/22","","","10.1097/MJT.0000000000001727"
"39880687","Effects of Psilocybin on Mouse Brain Microstructure","Frautschi PC, Singh AP, Stowe NA, Grady SM, Zahid Z, Banks MI, Yu JJ.","AJNR Am J Neuroradiol. 2025 Jun 3;46(6):1216-1222. doi: 10.3174/ajnr.A8634.","Frautschi PC","AJNR Am J Neuroradiol","2025","2025/01/29","PMC12152794","","10.3174/ajnr.A8634"
"38700847","Therapeutic Psilocybin's Adverse Effects Mostly Resolved Within 2 Days","Harris E.","JAMA. 2024 May 28;331(20):1699. doi: 10.1001/jama.2024.6733.","Harris E","JAMA","2024","2024/05/03","","","10.1001/jama.2024.6733"
"40281226","Dissociable effects of psilocybin and escitalopram for depression on processing of musical surprises","Harding R, Singer N, Wall MB, Hendler T, Erritzoe D, Nutt D, Carhart-Harris R, Roseman L.","Mol Psychiatry. 2025 Jul;30(7):3188-3196. doi: 10.1038/s41380-025-03035-8. Epub 2025 Apr 26.","Harding R","Mol Psychiatry","2025","2025/04/25","PMC12185350","","10.1038/s41380-025-03035-8"
"42138588","Efficacy and Safety of a Single Dose of Psilocybin for Chronic Suicidal Ideation: An Open-Label Trial","van der Vaart A, LaPratt J, Swartz K, Shoultz A, Lauterbach M, Suppes T, Sackeim HA, Aaronson ST.","J Clin Psychiatry. 2026 May 13;87(2):26m16338. doi: 10.4088/JCP.26m16338.","van der Vaart A","J Clin Psychiatry","2026","2026/05/15","","","10.4088/JCP.26m16338"
"37992112","UNCOVERING THE UNTAPPED POTENTIAL OF PSILOCYBIN THERAPY IN ALLEVIATING CANCER-RELATED DEPRESSION: AN URGENT CALL TO RE-EVALUATE TREATMENT STRATEGIES","Ahmed H, Mushahid H, Arshad T.","Psychiatr Danub. 2023 Winter;35(4):606-607.","Ahmed H","Psychiatr Danub","2023","2023/11/22","","",""
"40541311","Potential therapeutic effects of psychedelics in small doses: Is there a role for microdosing in psychiatry?","Totomanova I, Haijen ECHM, Hurks PPM, Ramaekers JG, Kuypers KPC.","Int Rev Neurobiol. 2025;181:231-268. doi: 10.1016/bs.irn.2025.03.002. Epub 2025 Apr 2.","Totomanova I","Int Rev Neurobiol","2025","2025/06/20","","","10.1016/bs.irn.2025.03.002"
"38605658","Psychedelics and the 'inner healer': Myth or mechanism?","Peill J, Marguilho M, Erritzoe D, Barba T, Greenway KT, Rosas F, Timmermann C, Carhart-Harris R.","J Psychopharmacol. 2024 May;38(5):417-424. doi: 10.1177/02698811241239206. Epub 2024 Apr 12.","Peill J","J Psychopharmacol","2024","2024/04/12","PMC11102647","","10.1177/02698811241239206"
"37334486","Psychedelic medicines for end-of-life care: Pipeline clinical trial review 2022","Jing X, Hoeh NR, Menkes DB.","Palliat Support Care. 2023 Aug;21(4):697-704. doi: 10.1017/S147895152300069X.","Jing X","Palliat Support Care","2023","2023/06/19","","","10.1017/S147895152300069X"
"41620327","Single-dose psilocybin promotes cell-type-specific changes of neurons in the orbitofrontal cortex","Huang Z, Wei X, Wang Y, Tian J, Dong J, Liang B, Lu L, Zhang W.","Neurotherapeutics. 2026 Jan;23(1):e00841. doi: 10.1016/j.neurot.2026.e00841. Epub 2026 Jan 31.","Huang Z","Neurotherapeutics","2026","2026/01/31","PMC12976539","","10.1016/j.neurot.2026.e00841"
"39998940","Psychedelic-assisted Therapy as a Promising Treatment for Irritable Bowel Syndrome","Mauney E, King F 4th, Burton-Murray H, Kuo B.","J Clin Gastroenterol. 2025 May-Jun 01;59(5):385-392. doi: 10.1097/MCG.0000000000002149. Epub 2025 Feb 17.","Mauney E","J Clin Gastroenterol","2025","2025/02/25","PMC12118805","NIHMS2052728","10.1097/MCG.0000000000002149"
"34811715","Psilocybin for the Treatment of Depression: A Promising New Pharmacotherapy Approach","Agin-Liebes G, Davis AK.","Curr Top Behav Neurosci. 2022;56:125-140. doi: 10.1007/7854_2021_282.","Agin-Liebes G","Curr Top Behav Neurosci","2022","2021/11/23","PMC10072288","NIHMS1883011","10.1007/7854_2021_282"
"38033123","Serotonin 2A Receptor (5-HT(2A)R) Agonists: Psychedelics and Non-Hallucinogenic Analogues as Emerging Antidepressants","Duan W, Cao D, Wang S, Cheng J.","Chem Rev. 2024 Jan 10;124(1):124-163. doi: 10.1021/acs.chemrev.3c00375. Epub 2023 Nov 30.","Duan W","Chem Rev","2024","2023/11/30","","","10.1021/acs.chemrev.3c00375"
"42442821","Acceptability and safety of two sequential doses of psilocybin in bipolar II depression: protocol for an open-label single-arm feasibility study","Meyer TD, Vale LN, Ibrahim M, Olmos C, Quevedo J, Soares JC.","BMJ Open. 2026 Jul 13;16(7):e118471. doi: 10.1136/bmjopen-2026-118471.","Meyer TD","BMJ Open","2026","2026/07/13","PMC13365764","","10.1136/bmjopen-2026-118471"
"38518269","Psychedelic Therapy: A Primer for Primary Care Clinicians-Psilocybin","Tabaac BJ, Shinozuka K, Arenas A, Beutler BD, Cherian K, Evans VD, Fasano C, Muir OS.","Am J Ther. 2024 Mar-Apr 01;31(2):e121-e132. doi: 10.1097/MJT.0000000000001724.","Tabaac BJ","Am J Ther","2024","2024/03/22","","","10.1097/MJT.0000000000001724"
"37569888","A Brief Review on the Potential of Psychedelics for Treating Alzheimer's Disease and Related Depression","Pilozzi A, Foster S, Mischoulon D, Fava M, Huang X.","Int J Mol Sci. 2023 Aug 7;24(15):12513. doi: 10.3390/ijms241512513.","Pilozzi A","Int J Mol Sci","2023","2023/08/12","PMC10419627","","10.3390/ijms241512513"
"41493855","The Effect of Magic Mushroom (Psilocybe azurescens) on Social Interaction, Anxiety- and Depressive-Like Behaviors in Male Rats; the Role of Neuroinflammation, Oxidative Stress, and Neurotrophic Factors","Moghadam H, Akbari P, Beirami E, Nabavifard S, Ameli A, Valian N.","J Neurosci Res. 2026 Jan;104(1):e70107. doi: 10.1002/jnr.70107.","Moghadam H","J Neurosci Res","2026","2026/01/06","","","10.1002/jnr.70107"
"39261423","Efficacy, Safety, and Tolerability of Psychedelics in Treatment-Resistant Depression (TRD)","Olivier B, Olivier JDA.","Adv Exp Med Biol. 2024;1456:49-66. doi: 10.1007/978-981-97-4402-2_3.","Olivier B","Adv Exp Med Biol","2024","2024/09/11","","","10.1007/978-981-97-4402-2_3"
"40007438","Acute psilocybin and ketanserin effects on cerebral blood flow: 5-HT2AR neuromodulation in healthy humans","Larsen K, Lindberg U, Ozenne B, McCulloch DE, Armand S, Madsen MK, Johansen A, Stenbæk DS, Knudsen GM, Fisher PM.","J Cereb Blood Flow Metab. 2025 Jul;45(7):1385-1401. doi: 10.1177/0271678X251323364. Epub 2025 Feb 26.","Larsen K","J Cereb Blood Flow Metab","2025","2025/02/26","PMC11863199","","10.1177/0271678X251323364"
"39699759","Therapeutic Potential of MDMA- and Psychedelic-Assisted Psychotherapy for Adolescent Depression and Trauma","Geller J, Whitney E.","Curr Psychiatry Rep. 2025 Feb;27(2):88-97. doi: 10.1007/s11920-024-01577-2. Epub 2024 Dec 19.","Geller J","Curr Psychiatry Rep","2025","2024/12/19","","","10.1007/s11920-024-01577-2"
"39366919","Exploring the biocatalysis of psilocybin and other tryptamines: Enzymatic pathways, synthetic strategies, and industrial implications","Junges LH, Müller-Santos M.","Biotechnol Prog. 2025 Mar-Apr;41(2):e3513. doi: 10.1002/btpr.3513. Epub 2024 Oct 4.","Junges LH","Biotechnol Prog","2025","2024/10/04","","","10.1002/btpr.3513"
"40047885","Licit use of illicit drugs for treating depression: the pill and the process","Torrado Pacheco A, Moghaddam B.","J Clin Invest. 2024 Jun 17;134(12):e180217. doi: 10.1172/JCI180217.","Torrado Pacheco A","J Clin Invest","2024","2025/03/06","PMC11178541","","10.1172/JCI180217"
"39741439","Benefits and Challenges of Ultra-Fast, Short-Acting Psychedelics in the Treatment of Depression","Ramaekers JG, Reckweg JT, Mason NL.","Am J Psychiatry. 2025 Jan 1;182(1):33-46. doi: 10.1176/appi.ajp.20230890.","Ramaekers JG","Am J Psychiatry","2025","2025/01/01","","","10.1176/appi.ajp.20230890"
"37759038","Neuroimaging in psychedelic drug development: past, present, and future","Wall MB, Harding R, Zafar R, Rabiner EA, Nutt DJ, Erritzoe D.","Mol Psychiatry. 2023 Sep;28(9):3573-3580. doi: 10.1038/s41380-023-02271-0. Epub 2023 Sep 27.","Wall MB","Mol Psychiatry","2023","2023/09/27","PMC10730398","","10.1038/s41380-023-02271-0"
"39612154","Psychedelic Research for Alcohol Use Disorder with Comorbid Major Depressive Disorder: An Unmet Need","de Jonge D, van der Meer PB, Kramers C, Schellekens A.","Curr Psychiatry Rep. 2024 Dec;26(12):832-842. doi: 10.1007/s11920-024-01567-4. Epub 2024 Nov 29.","de Jonge D","Curr Psychiatry Rep","2024","2024/11/29","","","10.1007/s11920-024-01567-4"
"42196212","Psilocybin in Older Adults: Therapeutic Opportunities in Inflammation-Driven Disorders of Aging-From Depression to Neurodegeneration","Jóźwiak-Bębenista M, Stasiak A, Sienkiewicz M, Kwiatkowski P, Kowalczyk E.","Int J Mol Sci. 2026 May 9;27(10):4229. doi: 10.3390/ijms27104229.","Jóźwiak-Bębenista M","Int J Mol Sci","2026","2026/05/27","PMC13207415","","10.3390/ijms27104229"
"39168642","Psilocybin-assisted psychotherapy for existential distress: practical considerations for therapeutic application-a review","Kim A, Halton B, Shah A, Seecof OM, Ross S.","Ann Palliat Med. 2024 Nov;13(6):1490-1501. doi: 10.21037/apm-24-35. Epub 2024 Aug 16.","Kim A","Ann Palliat Med","2024","2024/08/21","","","10.21037/apm-24-35"
"42289149","Current status and future prospects of research on psilocybin's regulation of neurotransmitters and their receptors related to the pathogenesis of tinnitus","Lu S, Zhang Z, Xue X, Jiang Y, Zhang C, Liu P, He D, Shen W, Yang S, Wang F.","Hear Res. 2026 Aug;478:109701. doi: 10.1016/j.heares.2026.109701. Epub 2026 Jun 4.","Lu S","Hear Res","2026","2026/06/14","","","10.1016/j.heares.2026.109701"
"34915762","Psilocybin microdosing does not affect emotion-related symptoms and processing: A preregistered field and lab-based study","Marschall J, Fejer G, Lempe P, Prochazkova L, Kuchar M, Hajkova K, van Elk M.","J Psychopharmacol. 2022 Jan;36(1):97-113. doi: 10.1177/02698811211050556. Epub 2021 Dec 17.","Marschall J","J Psychopharmacol","2022","2021/12/17","PMC8801668","","10.1177/02698811211050556"
"34482761","The Role of Psilocybin-Assisted Psychotherapy to Support Patients With Cancer: A Critical Scoping Review of the Research","Lehto RH, Miller M, Sender J.","J Holist Nurs. 2022 Sep;40(3):265-280. doi: 10.1177/08980101211039086. Epub 2021 Sep 6.","Lehto RH","J Holist Nurs","2022","2021/09/06","","","10.1177/08980101211039086"
"39611453","Psychedelics for the Treatment of Obsessive-Compulsive Disorder: Efficacy and Proposed Mechanisms","Collins HM.","Int J Neuropsychopharmacol. 2024 Dec 1;27(12):pyae057. doi: 10.1093/ijnp/pyae057.","Collins HM","Int J Neuropsychopharmacol","2024","2024/11/29","PMC11635828","","10.1093/ijnp/pyae057"
"37264950","Cost-effectiveness of psilocybin-assisted therapy for severe depression: exploratory findings from a decision analytic model","McCrone P, Fisher H, Knight C, Harding R, Schlag AK, Nutt DJ, Neill JC.","Psychol Med. 2023 Dec;53(16):7619-7626. doi: 10.1017/S0033291723001411. Epub 2023 Jun 2.","McCrone P","Psychol Med","2023","2023/06/02","PMC10755218","","10.1017/S0033291723001411"
"38842300","The effects of psilocybin on cognition and emotional processing in healthy adults and adults with depression: a systematic literature review","Ramos L, Vicente SG.","J Clin Exp Neuropsychol. 2024 Jul;46(5):393-421. doi: 10.1080/13803395.2024.2363343. Epub 2024 Jun 6.","Ramos L","J Clin Exp Neuropsychol","2024","2024/06/06","","","10.1080/13803395.2024.2363343"
"40499827","Long-term outcomes of single-dose psilocybin for U.S. military Veterans with severe treatment-resistant depression - 12-month data from an open-label pilot study","Ellis S, Bostian C, Donnelly A, Feng W, Eisen K, Lean M, Conlan E, Ostacher M, Aaronson S, Suppes T.","J Affect Disord. 2025 Nov 15;389:119655. doi: 10.1016/j.jad.2025.119655. Epub 2025 Jun 9.","Ellis S","J Affect Disord","2025","2025/06/11","","","10.1016/j.jad.2025.119655"
"40474592","Classic Psychedelics in Pain Modulation: Mechanisms, Clinical Evidence, and Future Perspectives","Czopek A, Jończyk J, Fryc M, Kluzik D, Zagórska A.","ACS Chem Neurosci. 2025 Jun 18;16(12):2163-2177. doi: 10.1021/acschemneuro.5c00152. Epub 2025 Jun 6.","Czopek A","ACS Chem Neurosci","2025","2025/06/06","PMC12183689","","10.1021/acschemneuro.5c00152"
"41125218","Psychedelic-induced behavioral and developmental effects on zebrafish: a systematic review","de Oliveira AL, de Oliveira DP, Dos Santos RG, Hallak JEC.","Prog Neuropsychopharmacol Biol Psychiatry. 2025 Oct 2;142:111534. doi: 10.1016/j.pnpbp.2025.111534. Epub 2025 Oct 20.","de Oliveira AL","Prog Neuropsychopharmacol Biol Psychiatry","2025","2025/10/22","","","10.1016/j.pnpbp.2025.111534"
"42248535","Changes in anxiety, quality of life, and functioning following psilocybin-assisted therapy in veterans with treatment-resistant depression","Kelly CM, Fradet M, Bostian CM, Donnelly A, Ellis S, Ostacher M, Aaronson S, Suppes T.","J Affect Disord. 2026 Nov 1;412:122063. doi: 10.1016/j.jad.2026.122063. Epub 2026 Jun 4.","Kelly CM","J Affect Disord","2026","2026/06/05","","","10.1016/j.jad.2026.122063"
"39788410","Neurobiological mechanisms of antidepressant properties of psilocybin: A systematic review of blood biomarkers","Constantino JL, van Dalfsen JH, Massetti S, Kamphuis J, Schoevers RA.","Prog Neuropsychopharmacol Biol Psychiatry. 2025 Jan 10;136:111251. doi: 10.1016/j.pnpbp.2025.111251. Epub 2025 Jan 7.","Constantino JL","Prog Neuropsychopharmacol Biol Psychiatry","2025","2025/01/09","","","10.1016/j.pnpbp.2025.111251"
"41765343","Psychedelics and the Extracellular Matrix: Rewiring Neuroplasticity and Metaplasticity for Next-Generation Psychiatric Therapies","Zhang J, Lin C, Lv X, Zhao H, Wang X.","Biol Psychiatry. 2026 Sep 15;100(6):614-623. doi: 10.1016/j.biopsych.2026.02.011. Epub 2026 Feb 28.","Zhang J","Biol Psychiatry","2026","2026/03/01","","","10.1016/j.biopsych.2026.02.011"
"37977425","Antidepressant- and anxiolytic-like activities and acute toxicity evaluation of the Psilocybe cubensis mushroom in experimental models in mice","Hernandez-Leon A, Escamilla-Orozco RI, Tabal-Robles AR, Martínez-Vargas D, Romero-Bautista L, Escamilla-Soto G, González-Romero OS, Torres-Valencia M, González-Trujano ME.","J Ethnopharmacol. 2024 Feb 10;320:117415. doi: 10.1016/j.jep.2023.117415. Epub 2023 Nov 15.","Hernandez-Leon A","J Ethnopharmacol","2024","2023/11/17","","","10.1016/j.jep.2023.117415"
"40782561","A dose of therapy with psilocybin - A meta-analysis of the relationship between the amount of therapy hours and treatment outcomes in psychedelic-assisted therapy","Hultgren J, Hafsteinsson MH, Brulin JG.","Gen Hosp Psychiatry. 2025 Sep-Oct;96:234-243. doi: 10.1016/j.genhosppsych.2025.07.020. Epub 2025 Aug 5.","Hultgren J","Gen Hosp Psychiatry","2025","2025/08/09","","","10.1016/j.genhosppsych.2025.07.020"
"40937732","Concomitant use of antidepressants and classic psychedelics: A scoping review","Tap SC, Thomas K, Páleníček T, Stenbæk DS, Oliveira-Maia AJ, van Dalfsen JH, Schoevers RA.","J Psychopharmacol. 2025 Oct;39(10):1072-1088. doi: 10.1177/02698811251368360. Epub 2025 Sep 12.","Tap SC","J Psychopharmacol","2025","2025/09/12","PMC12572353","","10.1177/02698811251368360"
"42192100","Epigenome-wide association study of psilocybin-induced methylome changes in alcohol use disorder","Urban MM, Zillich L, Rieser NM, Herdener M, Spanagel R, Vollenweider FX, Preller KH, Meinhardt MW.","Transl Psychiatry. 2026 May 26;16(1):283. doi: 10.1038/s41398-026-03961-3.","Urban MM","Transl Psychiatry","2026","2026/05/26","PMC13212986","","10.1038/s41398-026-03961-3"
"40032306","Psychedelic-assisted therapy: An overview for the internist","Barnett BS, Mauney EE, King F 4th.","Cleve Clin J Med. 2025 Mar 3;92(3):171-180. doi: 10.3949/ccjm.92a.24032.","Barnett BS","Cleve Clin J Med","2025","2025/03/03","","","10.3949/ccjm.92a.24032"
"40250599","Psilocybin biosynthesis enhancement through gene source optimization","Keller MR, McKinney MG, Sen AK, Guagliardo FG, Hellwarth EB, Islam KN, Kaplan NA, Gibbons WJ Jr, Kemmerly GE, Meers C, Wang X, Jones JA.","Metab Eng. 2025 Sep;91:119-129. doi: 10.1016/j.ymben.2025.04.003. Epub 2025 Apr 16.","Keller MR","Metab Eng","2025","2025/04/18","","","10.1016/j.ymben.2025.04.003"
"37945694","Synergistic psychedelic - NMDAR modulator treatment for neuropsychiatric disorders","Heresco-Levy U, Lerer B.","Mol Psychiatry. 2024 Jan;29(1):146-152. doi: 10.1038/s41380-023-02312-8. Epub 2023 Nov 9.","Heresco-Levy U","Mol Psychiatry","2024","2023/11/09","","","10.1038/s41380-023-02312-8"
"40619953","Exploring the Therapeutic Effects of Psychedelics Administered to Military Veterans in Naturalistic Retreat Settings","Calnan M, Blest-Hopley G, Busch C, Adams M, Ruffell SGD, Piper T, Roseman L, Kettner H, Carhart-Harris R.","Brain Behav. 2025 Jul;15(7):e70660. doi: 10.1002/brb3.70660.","Calnan M","Brain Behav","2025","2025/07/07","PMC12230355","","10.1002/brb3.70660"
"38570038","Spectral signatures of psilocybin, lysergic acid diethylamide (LSD) and ketamine in healthy volunteers and persons with major depressive disorder and treatment-resistant depression: A systematic review","Le GH, Wong S, Badulescu S, Au H, Di Vincenzo JD, Gill H, Phan L, Rhee TG, Ho R, Teopiz KM, Kwan ATH, Rosenblat JD, Mansur RB, McIntyre RS.","J Affect Disord. 2024 Jun 15;355:342-354. doi: 10.1016/j.jad.2024.03.165. Epub 2024 Apr 1.","Le GH","J Affect Disord","2024","2024/04/03","","","10.1016/j.jad.2024.03.165"
"40553322","Use of Psychedelic Agents in Older Adults with Treatment-Resistant Major Depressive Disorder: What the Evidence Shows","Vinarcsik L, Smoller C, Grossberg G.","Drugs Aging. 2025 Aug;42(8):687-697. doi: 10.1007/s40266-025-01221-5. Epub 2025 Jun 24.","Vinarcsik L","Drugs Aging","2025","2025/06/24","","","10.1007/s40266-025-01221-5"
"42381187","Modeled Long-Term Effects of Psilocybin on Dynamic Activity and Effective Connectivity of Fronto-Striatal-Thalamic Circuits","Pasquini L, Vohryzek J, Escrichs A, Perl YS, Ponce-Alvarez A, Idesis S, Girn M, Roseman L, Mitchell JM, Gazzaley A, Kringelbach M, Nutt DJ, Lyons T, Carhart-Harris RL, Deco G.","Hum Brain Mapp. 2026 Jul;47(10):e70596. doi: 10.1002/hbm.70596.","Pasquini L","Hum Brain Mapp","2026","2026/07/01","PMC13318930","","10.1002/hbm.70596"
"41876058","Psilocybin-assisted therapy for major depressive disorder: Perspective from meta-analysis","Kishi T, Sakuma K, Hatano M, Uchida H, Iwata N.","J Affect Disord. 2026 Aug 1;406:121675. doi: 10.1016/j.jad.2026.121675. Epub 2026 Mar 22.","Kishi T","J Affect Disord","2026","2026/03/24","","","10.1016/j.jad.2026.121675"
"41748534","Psychedelic therapy and cultural humility","Gearin A, Docherty J, Sun X, Cheung EH, Tanuseputro P.","Transl Psychiatry. 2026 Feb 27;16(1):143. doi: 10.1038/s41398-026-03913-x.","Gearin A","Transl Psychiatry","2026","2026/02/26","PMC12988178","","10.1038/s41398-026-03913-x"
"39655426","The revival of psilocybin between scientific excitement, evidence of efficacy, and real-world challenges","Scala M, Fabbri C, Fusar-Poli P, Di Lorenzo G, Ferrara M, Amerio A, Fusar-Poli L, Pichiecchio A, Asteggiano C, Menchetti M, De Ronchi D; MNESYS - Mood and Psychosis Sub-Project (Spoke 5); Fanelli G, Serretti A.","CNS Spectr. 2024 Dec;29(6):570-584. doi: 10.1017/S1092852924002268. Epub 2024 Dec 10.","Scala M","CNS Spectr","2024","2024/12/10","","","10.1017/S1092852924002268"
"41422160","The serotonin 1B receptor is required for some of the behavioral effects of psilocybin in mice","Fleury S, Nautiyal KM.","Mol Psychiatry. 2026 May;31(5):2685-2697. doi: 10.1038/s41380-025-03387-1. Epub 2025 Dec 20.","Fleury S","Mol Psychiatry","2026","2025/12/20","PMC13099419","","10.1038/s41380-025-03387-1"
"37874530","Cardiovascular safety of psychedelic medicine: current status and future directions","Wsół A.","Pharmacol Rep. 2023 Dec;75(6):1362-1380. doi: 10.1007/s43440-023-00539-4. Epub 2023 Oct 24.","Wsół A","Pharmacol Rep","2023","2023/10/24","PMC10661823","","10.1007/s43440-023-00539-4"
"41418682","Stepping back into life: How Psychedelic Assisted Psychotherapy transforms the way of life of the terminally ill","Dwyer J, Johnston RB, O'Callaghan C, Ross M.","Gen Hosp Psychiatry. 2026 Jan-Feb;98:86-96. doi: 10.1016/j.genhosppsych.2025.12.002. Epub 2025 Dec 10.","Dwyer J","Gen Hosp Psychiatry","2026","2025/12/19","","","10.1016/j.genhosppsych.2025.12.002"
"37968944","Efficacy and Safety of Four Psychedelic-Assisted Therapies for Adults with Symptoms of Depression, Anxiety, and Posttraumatic Stress Disorder: A Systematic Review and Meta-Analysis","Bahji A, Lunsky I, Gutierrez G, Vazquez G.","J Psychoactive Drugs. 2025 Jan-Mar;57(1):1-16. doi: 10.1080/02791072.2023.2278586. Epub 2023 Nov 15.","Bahji A","J Psychoactive Drugs","2025","2023/11/16","PMC12129050","NIHMS2085570","10.1080/02791072.2023.2278586"
"40156912","Premorbid characteristics of the SAPAP3 mouse model of obsessive-compulsive disorder: behavior, neuroplasticity, and psilocybin treatment","Lazar M, Brownstien M, Botvinnik A, Shevakh C, Shahar O, Lifschytz T, Lerer B.","Int J Neuropsychopharmacol. 2025 May 9;28(5):pyaf022. doi: 10.1093/ijnp/pyaf022.","Lazar M","Int J Neuropsychopharmacol","2025","2025/03/29","PMC12062877","","10.1093/ijnp/pyaf022"
"38525640","LSD and psilocybin for chronic nociplastic pain: A narrative review of the literature supporting the use of classic psychedelic agents in chronic pain","Van Der Walt J, Parker R.","S Afr Med J. 2023 Nov 6;113(11):22-26. doi: 10.7196/SAMJ.2023.v113i11.814.","Van Der Walt J","S Afr Med J","2023","2024/03/25","","","10.7196/SAMJ.2023.v113i11.814"
"42285092","Psilocybin restores behavior and 5-HT(2A) signaling while reducing microglial density after chronic traumatic brain injury in rats","Allen J, Jupp B, Baker TL, Haskali MB, Brkljača R, Plummer Z, Sun M, Brand J, Christie BR, Debert CT, McDonald SJ, O'Brien TJ, Casillas-Espinosa PM, Shultz SR.","Cell Rep Med. 2026 Jul 21;7(7):102867. doi: 10.1016/j.xcrm.2026.102867. Epub 2026 Jun 12.","Allen J","Cell Rep Med","2026","2026/06/12","PMC13400183","","10.1016/j.xcrm.2026.102867"
"39614355","Psilocybin as a novel treatment for chronic pain","Askey T, Lasrado R, Maiarú M, Stephens GJ.","Br J Pharmacol. 2026 Jul;183(14):3992-4005. doi: 10.1111/bph.17420. Epub 2024 Nov 29.","Askey T","Br J Pharmacol","2026","2024/11/29","","","10.1111/bph.17420"
"37015972","5-MeO-DMT modifies innate behaviors and promotes structural neural plasticity in mice","Jefferson SJ, Gregg I, Dibbs M, Liao C, Wu H, Davoudian PA, Woodburn SC, Wehrle PH, Sprouse JS, Sherwood AM, Kaye AP, Pittenger C, Kwan AC.","Neuropsychopharmacology. 2023 Aug;48(9):1257-1266. doi: 10.1038/s41386-023-01572-w. Epub 2023 Apr 4.","Jefferson SJ","Neuropsychopharmacology","2023","2023/04/04","PMC10354037","","10.1038/s41386-023-01572-w"
"37523886","Assessing the risk of symptom worsening in psilocybin-assisted therapy for depression: A systematic review and individual participant data meta-analysis","Simonsson O, Carlbring P, Carhart-Harris R, Davis AK, Nutt DJ, Griffiths RR, Erritzoe D, Goldberg SB.","Psychiatry Res. 2023 Sep;327:115349. doi: 10.1016/j.psychres.2023.115349. Epub 2023 Jul 23.","Simonsson O","Psychiatry Res","2023","2023/07/31","PMC10528683","NIHMS1920394","10.1016/j.psychres.2023.115349"
"37230065","Neurobiological Correlates of Psilocybin Response in Depression","Qasim S, Zaheer Z, Jawad MY, Shad MU.","Prim Care Companion CNS Disord. 2023 May 23;25(3):22r03419. doi: 10.4088/PCC.22r03419.","Qasim S","Prim Care Companion CNS Disord","2023","2023/05/25","","","10.4088/PCC.22r03419"
"39019922","Longitudinal experiences of Canadians receiving compassionate access to psilocybin-assisted psychotherapy","de la Salle S, Kettner H, Thibault Lévesque J, Garel N, Dames S, Patchett-Marble R, Rej S, Gloeckler S, Erritzoe D, Carhart-Harris R, Greenway KT.","Sci Rep. 2024 Jul 17;14(1):16524. doi: 10.1038/s41598-024-66817-0.","de la Salle S","Sci Rep","2024","2024/07/17","PMC11254907","","10.1038/s41598-024-66817-0"
"39756636","Early psilocybin intervention alleviates behavioral despair and cognitive impairment in stressed Wistar rats","Wang Z, Robbins B, Zhuang R, Sandini T, van Bruggen R, Li XM, Zhang Y.","Prog Neuropsychopharmacol Biol Psychiatry. 2025 Jan 10;136:111243. doi: 10.1016/j.pnpbp.2024.111243. Epub 2025 Jan 3.","Wang Z","Prog Neuropsychopharmacol Biol Psychiatry","2025","2025/01/05","","","10.1016/j.pnpbp.2024.111243"
"40266291","Incremental efficacy systematic review and meta-analysis of psilocybin-for-depression RCTs","Borgogna NC, Owen T, Petrovitch D, Vaughn J, Johnson DAL, Pagano LA Jr, Aita SL, Hill BD.","Psychopharmacology (Berl). 2025 Oct;242(10):2139-2157. doi: 10.1007/s00213-025-06788-w. Epub 2025 Apr 23.","Borgogna NC","Psychopharmacology (Berl)","2025","2025/04/23","PMC12449434","","10.1007/s00213-025-06788-w"
"40022486","Serotonergic Psychedelics Rapidly Modulate Evoked Glutamate Release in Cultured Cortical Neurons","Petrušková A, Guhathakurta D, Akdaş EY, Perelló-Amorós B, Frischknecht R, Weiss EM, Páleníček T, Fejtová A.","J Neurochem. 2025 Mar;169(3):e70020. doi: 10.1111/jnc.70020.","Petrušková A","J Neurochem","2025","2025/03/01","PMC11871419","","10.1111/jnc.70020"
"35157985","The Therapeutic Potential of Psychedelic-assisted Therapies for Symptom Control in Patients Diagnosed With Serious Illness: A Systematic Review","Maia LO, Beaussant Y, Garcia ACM.","J Pain Symptom Manage. 2022 Jun;63(6):e725-e738. doi: 10.1016/j.jpainsymman.2022.01.024. Epub 2022 Feb 11.","Maia LO","J Pain Symptom Manage","2022","2022/02/14","","","10.1016/j.jpainsymman.2022.01.024"
"42257400","Short- and Long-Acting Psychedelics: Structure-Activity Relationships, Pharmacology, and Implications for Neuropsychiatric Therapeutics","Bhat A, Zolali E, Sakib MA, Rahimian M, McMahon LR, German N, Obeng S.","ACS Chem Neurosci. 2026 Jun 17;17(12):2278-2301. doi: 10.1021/acschemneuro.6c00202. Epub 2026 Jun 8.","Bhat A","ACS Chem Neurosci","2026","2026/06/08","PMC13281395","","10.1021/acschemneuro.6c00202"
"36990794","[Contribution of serotonin 5-HT(2A) receptor to antidepressant effect of serotonergic psychedelics]","Ibi D.","Nihon Yakurigaku Zasshi. 2023 May 1;158(3):229-232. doi: 10.1254/fpj.22141. Epub 2023 Mar 29.","Ibi D","Nihon Yakurigaku Zasshi","2023","2023/03/29","","","10.1254/fpj.22141"
"40058407","Side effects of microdosing lysergic acid diethylamide and psilocybin: A systematic review of potential physiological and psychiatric outcomes","Modzelewski S, Stankiewicz A, Waszkiewicz N, Łukasiewicz K.","Neuropharmacology. 2025 Jun 15;271:110402. doi: 10.1016/j.neuropharm.2025.110402. Epub 2025 Mar 7.","Modzelewski S","Neuropharmacology","2025","2025/03/09","","","10.1016/j.neuropharm.2025.110402"
"37264814","Personality change in a trial of psilocybin therapy v. escitalopram treatment for depression","Weiss B, Ginige I, Shannon L, Giribaldi B, Murphy-Beiner A, Murphy R, Baker-Jones M, Martell J, Nutt DJ, Carhart-Harris RL, Erritzoe D.","Psychol Med. 2024 Jan;54(1):178-192. doi: 10.1017/S0033291723001514. Epub 2023 Jun 2.","Weiss B","Psychol Med","2024","2023/06/02","PMC10692311","NIHMS1932967","10.1017/S0033291723001514"
"40574457","Australia's psychedelic experiment: reflections from a psychiatrist clinical researcher","Bayes A.","Australas Psychiatry. 2025 Aug;33(4):609-611. doi: 10.1177/10398562251347890. Epub 2025 Jun 26.","Bayes A","Australas Psychiatry","2025","2025/06/27","","","10.1177/10398562251347890"
"39532819","Preliminary Evidence of Sleep Improvements Following Psilocybin Administration, and their Involvement in Antidepressant Therapeutic Action","Reid MJ, Kettner H, Blanken TF, Weiss B, Carhart-Harris R.","Curr Psychiatry Rep. 2024 Nov;26(11):659-669. doi: 10.1007/s11920-024-01539-8. Epub 2024 Nov 13.","Reid MJ","Curr Psychiatry Rep","2024","2024/11/12","PMC11579049","","10.1007/s11920-024-01539-8"
"41955843","Psychedelics as a potential treatment for borderline personality disorder: A narrative review","Artna E, Sandhu G, Chisamore N, Lipsitz O, Kaczmarek ES, Johnson DE, Rosenblat JD, Sediqzadah S.","Psychiatry Res. 2026 Jul;361:117152. doi: 10.1016/j.psychres.2026.117152. Epub 2026 Apr 2.","Artna E","Psychiatry Res","2026","2026/04/09","","","10.1016/j.psychres.2026.117152"
"41563753","Psychological Therapy Quantity and Depressive Symptom Reduction in Psychedelic-Assisted Therapy: A Systematic Review and Meta-Analysis","Florineth GA, Klima I, Boeker AL, Catzeflis P, Wopfner A, Denier N, Bracht T, Adorjan K, Pfammatter M, Müller F, Soravia LM.","JAMA Netw Open. 2026 Jan 2;9(1):e2554843. doi: 10.1001/jamanetworkopen.2025.54843.","Florineth GA","JAMA Netw Open","2026","2026/01/21","PMC12824788","","10.1001/jamanetworkopen.2025.54843"
"40470809","From molecules to meaning: unpacking the antidepressant mechanisms of psychedelic drugs","Acero VP, Flatt TA, Gooch PM, Gaughan SJ, Levin AW, Davis AK.","Expert Rev Clin Pharmacol. 2025 May;18(5):263-280. doi: 10.1080/17512433.2025.2515866. Epub 2025 Jun 11.","Acero VP","Expert Rev Clin Pharmacol","2025","2025/06/05","","","10.1080/17512433.2025.2515866"
"35489438","Diverse therapeutic developments for post-traumatic stress disorder (PTSD) indicate common mechanisms of memory modulation","Raut SB, Marathe PA, van Eijk L, Eri R, Ravindran M, Benedek DM, Ursano RJ, Canales JJ, Johnson LR.","Pharmacol Ther. 2022 Nov;239:108195. doi: 10.1016/j.pharmthera.2022.108195. Epub 2022 Apr 27.","Raut SB","Pharmacol Ther","2022","2022/04/30","","","10.1016/j.pharmthera.2022.108195"
"42036580","New Antidepressant Development in the Treatment of Depression","Spiti A, Caldirola D, Perna G.","Adv Exp Med Biol. 2026;1502:391-414. doi: 10.1007/978-981-95-6872-7_23.","Spiti A","Adv Exp Med Biol","2026","2026/04/26","","","10.1007/978-981-95-6872-7_23"
"37409550","Addressing the Current Knowledge and Gaps in Research Surrounding Lysergic Acid Diethylamide (LSD), Psilocybin, and Psilocin in Rodent Models","Ezeaka UC, Kim HJJ, Laprairie RB.","Curr Top Med Chem. 2023;23(23):2232-2241. doi: 10.2174/1568026623666230705151922.","Ezeaka UC","Curr Top Med Chem","2023","2023/07/06","","","10.2174/1568026623666230705151922"
"38236234","Psilocybe cubensis extract potently prevents fear memory recall and freezing behavior in short- but not long-term in a rat model of posttraumatic stress disorder","Ghofrani-Jahromi Z, Nouri-Darehno S, Rahimi-Danesh M, Talaee N, Jasemi E, Razmi A, Vaseghi S.","Behav Neurosci. 2024 Apr;138(2):73-84. doi: 10.1037/bne0000579. Epub 2024 Jan 18.","Ghofrani-Jahromi Z","Behav Neurosci","2024","2024/01/18","","","10.1037/bne0000579"
"40378942","The pharmacological treatment of anxiety in people with eating disorders: A systematic review","Morris R, Keeler J, Treasure J, Himmerich H.","Pharmacol Res. 2025 Jun;216:107782. doi: 10.1016/j.phrs.2025.107782. Epub 2025 May 14.","Morris R","Pharmacol Res","2025","2025/05/16","","","10.1016/j.phrs.2025.107782"
"36515370","Risks and benefits of psilocybin use in people with bipolar disorder: An international web-based survey on experiences of 'magic mushroom' consumption","Morton E, Sakai K, Ashtari A, Pleet M, Michalak EE, Woolley J.","J Psychopharmacol. 2023 Jan;37(1):49-60. doi: 10.1177/02698811221131997. Epub 2022 Dec 14.","Morton E","J Psychopharmacol","2023","2022/12/14","PMC9834328","","10.1177/02698811221131997"
"34852736","Psychedelics and Hallucinogens in Psychiatry: Finding New Pharmacological Targets","Sousa TR, Rema J, Machado S, Novais F.","Curr Top Med Chem. 2022;22(15):1250-1260. doi: 10.2174/1568026621666211201145800.","Sousa TR","Curr Top Med Chem","2022","2021/12/02","","","10.2174/1568026621666211201145800"
"41484687","The effects of psilocybin on psychological distress in cancer patients: a systematic review and meta-analysis","Moshfeghinia R, Mostafavi S, Jazi K, Ghasemi AR, Khosravaninezhad Y, Narayanan S, Ahmadi J, Pasalar M.","BMC Psychol. 2026 Jan 2;14(1):149. doi: 10.1186/s40359-025-03935-y.","Moshfeghinia R","BMC Psychol","2026","2026/01/04","PMC12866516","","10.1186/s40359-025-03935-y"
"39829391","Catalyst for change: Psilocybin's antidepressant mechanisms-A systematic review","Liebnau J, Betzler F, Kerber A.","J Psychopharmacol. 2025 May;39(5):397-415. doi: 10.1177/02698811241312866. Epub 2025 Jan 20.","Liebnau J","J Psychopharmacol","2025","2025/01/20","PMC12099018","","10.1177/02698811241312866"
"41087124","Structure-Guided Design of Novel 5-HT(2A) Partial Agonists as Psychedelic Analogues with Antidepressant Effects","Li R, Yan H, Chen Y, Liu Y, Tang L, Yu J, Liu J, Wang H, Wang S, Cheng J.","J Med Chem. 2025 Oct 23;68(20):21683-21700. doi: 10.1021/acs.jmedchem.5c02045. Epub 2025 Oct 14.","Li R","J Med Chem","2025","2025/10/14","","","10.1021/acs.jmedchem.5c02045"
"37403379","Risk of bias in randomized clinical trials on psychedelic medicine: A systematic review","Hovmand OR, Poulsen ED, Arnfred S, Storebø OJ.","J Psychopharmacol. 2023 Jul;37(7):649-659. doi: 10.1177/02698811231180276. Epub 2023 Jul 4.","Hovmand OR","J Psychopharmacol","2023","2023/07/05","PMC10350724","","10.1177/02698811231180276"
"41749057","Psilocybin for psychiatric disorders: History, clinical trials, neuroimaging, and regulations","Yonezawa K, Hirata M, Takano H, Kusudo K, Tomiyama S, Harada L, Suzuki K, Nutt DJ, Uchida H, Tani H.","Psychiatry Clin Neurosci. 2026 Jun;80(6):438-458. doi: 10.1111/pcn.70042. Epub 2026 Feb 26.","Yonezawa K","Psychiatry Clin Neurosci","2026","2026/02/26","","","10.1111/pcn.70042"
"41474478","Psilocybin: clinical potential, mechanistic insights, and biotechnological advances for scalable production","Islas-Vargas J, Armenta S, Rivera-Román ÁA, Hernández-León S, Méndez-Hernández JE, Arce-Cervantes O.","World J Microbiol Biotechnol. 2025 Dec 31;42(1):19. doi: 10.1007/s11274-025-04758-0.","Islas-Vargas J","World J Microbiol Biotechnol","2025","2025/12/31","","","10.1007/s11274-025-04758-0"
"38117395","Unveiling the Psychedelic Journey: An Appraisal of Psilocybin as a Profound Antidepressant Therapy","Shah FI, Shehzadi S, Akram F, Haq IU, Javed B, Sabir S, Kazim Y, Ashfaq S.","Mol Biotechnol. 2025 Jan;67(1):36-53. doi: 10.1007/s12033-023-00994-7. Epub 2023 Dec 20.","Shah FI","Mol Biotechnol","2025","2023/12/20","","","10.1007/s12033-023-00994-7"
"41881122","The role of therapeutic alliance in psilocybin treatment for treatment-resistant depression: A post hoc path analysis","Goodwin GM, Aaronson ST, Alvarez O, Carhart-Harris R, Croal M, Feifel D, Hellerstein DJ, Husain MI, Kelly JR, Kirlic N, Licht RW, Marwood L, Nowakowska A, Páleníček T, Repantis D, Schoevers RA, Simmons H, Soares JC, Somers M, Tsai J, Wahba M, Williams E, Young AH, Young MB, Zisook S, Malievskaia E.","J Affect Disord. 2026 Aug 1;406:121662. doi: 10.1016/j.jad.2026.121662. Epub 2026 Mar 23.","Goodwin GM","J Affect Disord","2026","2026/03/25","","","10.1016/j.jad.2026.121662"
"38764044","Is it now time to prepare psychiatry for a psychedelic future?","Nutt D, Crome I, Young AH.","Br J Psychiatry. 2024 Aug;225(2):308-310. doi: 10.1192/bjp.2024.76.","Nutt D","Br J Psychiatry","2024","2024/05/19","","","10.1192/bjp.2024.76"
"41762772","Advancing cancer neuroscience through stress modulation: Interdisciplinary potential of psilocybin and ketamine","Courtes AC, Myers B, Daly N, Jones G, Soares JC, Zarate CA Jr, Machado-Vieira R.","Gen Hosp Psychiatry. 2026 May-Jun;100:1-11. doi: 10.1016/j.genhosppsych.2026.02.011. Epub 2026 Feb 25.","Courtes AC","Gen Hosp Psychiatry","2026","2026/02/28","","","10.1016/j.genhosppsych.2026.02.011"
"41707717","Psilocybin-assisted cognitive behavioral therapy for major depressive disorder: A pilot trial","Weintraub MJ, Jeffrey JK, Ichinose MC, Bergman RL, Shapiro B, Barnett G, Artin H, Lynn M, Salimian A, Grody S, Ramesh R, Eales L, Grob CS, Miklowitz DJ.","J Affect Disord. 2026 Jun 15;403:121423. doi: 10.1016/j.jad.2026.121423. Epub 2026 Feb 16.","Weintraub MJ","J Affect Disord","2026","2026/02/18","PMC13138500","NIHMS2166479","10.1016/j.jad.2026.121423"
"42152689","From trials to clinics: investigators' perspectives on translating psychedelic research into clinical care","Mitchell J, Neitzke-Spruill L, Mathai DS, Robinson JO, Kavan Z, Averil LA, McGuire AL.","Transl Behav Med. 2026 Jan 7;16(1):ibag027. doi: 10.1093/tbm/ibag027.","Mitchell J","Transl Behav Med","2026","2026/05/19","","","10.1093/tbm/ibag027"
"41494523","Neuroscience: What doesn't kill you makes you stronger","Kucukdereli H, Douglass AM.","Curr Biol. 2026 Jan 5;36(1):R27-R29. doi: 10.1016/j.cub.2025.11.056.","Kucukdereli H","Curr Biol","2026","2026/01/06","","","10.1016/j.cub.2025.11.056"
"42385294","Psychedelics and autism spectrum disorder: Mechanistic insights, translational evidence and ethical challenges","Claudino Dos Santos JC, Bolan SJ, Lodetti G, Viana GL, Rico EP, Gonçalves CL.","J Psychiatr Res. 2026 Oct;201:418-430. doi: 10.1016/j.jpsychires.2026.06.035. Epub 2026 Jun 23.","Claudino Dos Santos JC","J Psychiatr Res","2026","2026/07/01","","","10.1016/j.jpsychires.2026.06.035"
"42517555","Participants' Music Experiences Associated With Psychedelic-Assisted Psychotherapy for Life-Threatening Illness: Interpretivist Research","O'Callaghan C, Kallianis V, Ross M.","J Music Ther. 2026 Jul 24;63(2):thag015. doi: 10.1093/jmt/thag015.","O'Callaghan C","J Music Ther","2026","2026/07/28","","","10.1093/jmt/thag015"
"42379141","Contribution of the Serotonin 5-HT(2A) Receptor to the Therapeutic Effect of Psilocin on Social Behavior Deficits in Mice Repeatedly Exposed to Social Defeat Stress","Ibi D, Takaba R, Yoshida K, Kawase R, Kitagawa H, Matsushita M, Ito K, Uno S, Nishimura F, Kitagaki S, Hiramatsu M.","Neuropsychopharmacol Rep. 2026 Sep;46(3):e70152. doi: 10.1002/npr2.70152.","Ibi D","Neuropsychopharmacol Rep","2026","2026/06/30","PMC13318401","","10.1002/npr2.70152"
"39741437","Psilocybin: From Psychiatric Pariah to Perceived Panacea","Fonzo GA, Wolfgang AS, Barksdale BR, Krystal JH, Carpenter LL, Kraguljac NV, Grzenda A, McDonald WM, Widge AS, Rodriguez CI, Nemeroff CB.","Am J Psychiatry. 2025 Jan 1;182(1):54-78. doi: 10.1176/appi.ajp.20230682.","Fonzo GA","Am J Psychiatry","2025","2025/01/01","PMC11694823","NIHMS1987831","10.1176/appi.ajp.20230682"
"40684956","Mapping psilocybin therapy: A systematic review of therapeutic frameworks, adaptations, and standardization across contemporary clinical trials","Kittur ME, Burgos M LA, Jones BDM, Blumberger DM, Mulsant BH, Rosenblat JD, Husain MI.","J Affect Disord. 2025 Dec 15;391:119952. doi: 10.1016/j.jad.2025.119952. Epub 2025 Jul 18.","Kittur ME","J Affect Disord","2025","2025/07/20","","","10.1016/j.jad.2025.119952"
"38632313","Psychological flexibility as a mechanism of change in psilocybin-assisted therapy for major depression: results from an exploratory placebo-controlled trial","Sloshower J, Zeifman RJ, Guss J, Krause R, Safi-Aghdam H, Pathania S, Pittman B, D'Souza DC.","Sci Rep. 2024 Apr 17;14(1):8833. doi: 10.1038/s41598-024-58318-x.","Sloshower J","Sci Rep","2024","2024/04/17","PMC11024097","","10.1038/s41598-024-58318-x"
"39419768","Moving psychedelic-assisted therapies from promising research into routine clinical practice: Lessons from the field of implementation science","Adams DR, Allen H, Nicol GE, Cabassa LJ.","Transl Behav Med. 2024 Nov 25;14(12):744-752. doi: 10.1093/tbm/ibae053.","Adams DR","Transl Behav Med","2024","2024/10/17","PMC11587814","","10.1093/tbm/ibae053"
"42113605","Trials, trips, and tribulations: pathways for implementing psychedelic therapy in Ireland","Kelly JR, Sheridan C, Iusan P, Coakley L, Burke L, Brennan C, MacDonald A, Ivers JH, Trepel D, Tormey G, Finnegan M, Young GW, Harkin A.","Int J Neuropsychopharmacol. 2026 Jun 2;29(6):pyag028. doi: 10.1093/ijnp/pyag028.","Kelly JR","Int J Neuropsychopharmacol","2026","2026/05/11","PMC13248946","","10.1093/ijnp/pyag028"
"41360373","The effect of dextromethorphan on reward-related behaviors: A systematic review of preclinical and clinical evidence","Teopiz KM, Le GH, Wong S, McIntyre RS.","J Affect Disord. 2026 Apr 1;398:120836. doi: 10.1016/j.jad.2025.120836. Epub 2025 Dec 6.","Teopiz KM","J Affect Disord","2026","2025/12/08","","","10.1016/j.jad.2025.120836"
"40113127","Exploring the potential of psychedelic-assisted psychotherapy for moral injury: A scoping review","Kurkova V, Winkler O, Greenshaw A, Jetly R, Swainson J, Lodewyk K, Saghafi P, Dennett E, Burback L.","Prog Neuropsychopharmacol Biol Psychiatry. 2025 Apr 2;138:111333. doi: 10.1016/j.pnpbp.2025.111333. Epub 2025 Mar 18.","Kurkova V","Prog Neuropsychopharmacol Biol Psychiatry","2025","2025/03/20","","","10.1016/j.pnpbp.2025.111333"
"38301886","Serotonergic Psychedelics: A Comparative Review of Efficacy, Safety, Pharmacokinetics, and Binding Profile","Holze F, Singh N, Liechti ME, D'Souza DC.","Biol Psychiatry Cogn Neurosci Neuroimaging. 2024 May;9(5):472-489. doi: 10.1016/j.bpsc.2024.01.007. Epub 2024 Feb 1.","Holze F","Biol Psychiatry Cogn Neurosci Neuroimaging","2024","2024/02/01","","","10.1016/j.bpsc.2024.01.007"
"39935673","Hallucinogen-Persisting Perception Disorder in a 16-Year-Old Adolescent","Mori-Kreiner A, Aggarwal A, Bordoloi M.","Psychopharmacol Bull. 2025 Feb 3;55(2):94-99. doi: 10.64719/pb.4525.","Mori-Kreiner A","Psychopharmacol Bull","2025","2025/02/12","PMC11809505","","10.64719/pb.4525"
"41617652","PSilocybin for psYCHological and existential distress in PALliative care (PSYCHED-PAL): A single arm unblinded clinical trial","Downar J, Lapenskie J, Anderson K, Parsons G, Polskaia N, Lalumiere G, Lawlor P.","Palliat Med. 2026 Apr;40(4):514-523. doi: 10.1177/02692163261416269. Epub 2026 Jan 30.","Downar J","Palliat Med","2026","2026/01/30","PMC13062460","","10.1177/02692163261416269"
"39864573","Mice lacking the serotonin transporter do not respond to the behavioural effects of psilocybin","Gattuso JJ, Wilson C, Li S, Hannan AJ, Renoir T.","Eur J Pharmacol. 2025 Mar 15;991:177304. doi: 10.1016/j.ejphar.2025.177304. Epub 2025 Jan 27.","Gattuso JJ","Eur J Pharmacol","2025","2025/01/26","","","10.1016/j.ejphar.2025.177304"
"39305768","Exploring the regulatory framework of psychedelics in the US & Europe","Behera HK, Joga R, Yerram S, Karnati P, Mergu T, Gandhi K, M S, Nathiya D, Singh RP, Srivastava S, Kumar S.","Asian J Psychiatr. 2024 Dec;102:104242. doi: 10.1016/j.ajp.2024.104242. Epub 2024 Sep 17.","Behera HK","Asian J Psychiatr","2024","2024/09/21","","","10.1016/j.ajp.2024.104242"
"35285280","A systematic literature review and meta-analysis of the effect of psilocybin and methylenedioxymethamphetamine on mental, behavioural or developmental disorders","Kisely S, Connor M, Somogyi AA, Siskind D.","Aust N Z J Psychiatry. 2023 Mar;57(3):362-378. doi: 10.1177/00048674221083868. Epub 2022 Mar 12.","Kisely S","Aust N Z J Psychiatry","2023","2022/03/14","","","10.1177/00048674221083868"
"39343309","Single-dose psilocybin for U.S. military Veterans with severe treatment-resistant depression - A first-in-kind open-label pilot study","Ellis S, Bostian C, Feng W, Fischer E, Schwartz G, Eisen K, Lean M, Conlan E, Ostacher M, Aaronson S, Suppes T.","J Affect Disord. 2025 Jan 15;369:381-389. doi: 10.1016/j.jad.2024.09.133. Epub 2024 Sep 27.","Ellis S","J Affect Disord","2025","2024/09/29","","","10.1016/j.jad.2024.09.133"
"40022427","Acute Effects and Pharmacokinetics of LSD after Paroxetine or Placebo Pre-Administration in a Randomized, Double-Blind, Cross-Over Phase I Trial","Becker AM, Humbert-Droz M, Mueller L, Jelušić A, Tolev A, Straumann I, Avedisian I, Erne L, Thomann J, Luethi D, Grünblatt E, Meyer Zu Schwabedissen H, Liechti ME.","Clin Pharmacol Ther. 2025 Jun;117(6):1784-1792. doi: 10.1002/cpt.3618. Epub 2025 Feb 28.","Becker AM","Clin Pharmacol Ther","2025","2025/03/01","PMC12087691","","10.1002/cpt.3618"
"39670342","The safety of psilocybin-assisted psychotherapy: A systematic review","Freitas RR, Gotsis ES, Gallo AT, Fitzgibbon BM, Bailey NW, Fitzgerald PB.","Aust N Z J Psychiatry. 2025 Feb;59(2):128-151. doi: 10.1177/00048674241289024. Epub 2024 Dec 13.","Freitas RR","Aust N Z J Psychiatry","2025","2024/12/13","","","10.1177/00048674241289024"
"39436632","Anxiety and Affective Symptoms Related to the Use of Classic Psychedelics: A Systematic Review","Viljoen G, Betzler F.","Curr Top Behav Neurosci. 2026;77:241-270. doi: 10.1007/7854_2024_534.","Viljoen G","Curr Top Behav Neurosci","2026","2024/10/22","","","10.1007/7854_2024_534"
"38105653","Acceptability of psilocybin-assisted group therapy in patients with cancer and major depressive disorder: Qualitative analysis","Beaussant Y, Tarbi E, Nigam K, Miner S, Sager Z, Sanders JJ, Ljuslin M, Guérin B, Thambi P, Tulsky JA, Agrawal M.","Cancer. 2024 Apr 1;130(7):1147-1157. doi: 10.1002/cncr.35024. Epub 2023 Dec 18.","Beaussant Y","Cancer","2024","2023/12/18","","","10.1002/cncr.35024"
"41329968","Natural hallucinogens of fungal and animal origin: action and potentialapplications - a narrative review","Ciszowski K, Ziaja A, Niedzielska-Andres E, Pomierny-Chamioło L.","Folia Med Cracov. 2025 Jul 31;65(2):5-18. doi: 10.24425/fmc.2025.156119.","Ciszowski K","Folia Med Cracov","2025","2025/12/02","","","10.24425/fmc.2025.156119"
"39389119","The association between study design and antidepressant effects in psychedelic-assisted therapy: A meta-analysis","Li JR, Chiang KT, Kao YC, Yu CL, Yang FC, Liang CS, Hsu TW.","J Affect Disord. 2025 Jan 15;369:421-428. doi: 10.1016/j.jad.2024.10.016. Epub 2024 Oct 9.","Li JR","J Affect Disord","2025","2024/10/10","","","10.1016/j.jad.2024.10.016"
"41365493","Acute Blockade of the Serotonin Transporter With Low Doses of Escitalopram Does Not Alter the Behavioural Responses to Acute Psilocybin","Kleditzsch N, Gattuso JJ, Hannan AJ, Renoir T.","Eur J Neurosci. 2025 Dec;62(11):e70351. doi: 10.1111/ejn.70351.","Kleditzsch N","Eur J Neurosci","2025","2025/12/09","","","10.1111/ejn.70351"
"41974301","The astrocytes in the prefrontal cortex contribute to the rapid antidepressant-like effects of psilocybin in the chronic restraint stress mouse model","Qiao YX, Dai W, Yao YS, Wei QQ, Yue CX, Yin YY, Li YF, Zhang LM.","Prog Neuropsychopharmacol Biol Psychiatry. 2026 Apr 2;146:111698. doi: 10.1016/j.pnpbp.2026.111698. Epub 2026 Apr 12.","Qiao YX","Prog Neuropsychopharmacol Biol Psychiatry","2026","2026/04/13","","","10.1016/j.pnpbp.2026.111698"
"41232997","Placebo Effects in the Treatment of Depression-Implications for the Psychedelic Renaissance","Ansari M, Elliott SI, Holmes SE, Sanacora G.","Neurol Clin. 2026 Feb;44(1):63-75. doi: 10.1016/j.ncl.2025.08.009. Epub 2025 Sep 24.","Ansari M","Neurol Clin","2026","2025/11/13","","","10.1016/j.ncl.2025.08.009"
"41410211","Psilocybin-assisted therapy for individuals with palliative care needs: A systematic review of safety and efficacy","Matos ARS, Silva AC, Rego L, Fernandes R, Gonçalves S.","Palliat Med. 2026 Jan;40(1):7-20. doi: 10.1177/02692163251383335. Epub 2025 Dec 18.","Matos ARS","Palliat Med","2026","2025/12/18","","","10.1177/02692163251383335"
"41493065","An exploration of the relationships between the effects of psilocybin on behavior, 5-HT(2A) receptor occupancy, and neuroplastic effects in mice","Maltby CJ, Klein AK, Paschen E, Pinto J, Dvorak D, Hedde JR, Hanks AN, Bianchi M, Hughes ZA.","J Psychopharmacol. 2026 Jan;40(1):81-94. doi: 10.1177/02698811251395386. Epub 2026 Jan 6.","Maltby CJ","J Psychopharmacol","2026","2026/01/06","PMC13198623","","10.1177/02698811251395386"
"34131812","Psychedelic perceptions: mental health service user attitudes to psilocybin therapy","Corrigan K, Haran M, McCandliss C, McManus R, Cleary S, Trant R, Kelly Y, Ledden K, Rush G, O'Keane V, Kelly JR.","Ir J Med Sci. 2022 Jun;191(3):1385-1397. doi: 10.1007/s11845-021-02668-2. Epub 2021 Jun 15.","Corrigan K","Ir J Med Sci","2022","2021/06/16","PMC8205319","","10.1007/s11845-021-02668-2"
"39592825","Reconsidering evidence for psychedelic-induced psychosis: an overview of reviews, a systematic review, and meta-analysis of human studies","Sabé M, Sulstarova A, Glangetas A, De Pieri M, Mallet L, Curtis L, Richard-Lepouriel H, Penzenstadler L, Seragnoli F, Thorens G, Zullino D, Preller K, Böge K, Leucht S, Correll CU, Solmi M, Kaiser S, Kirschner M.","Mol Psychiatry. 2025 Mar;30(3):1223-1255. doi: 10.1038/s41380-024-02800-5. Epub 2024 Nov 27.","Sabé M","Mol Psychiatry","2025","2024/11/26","PMC11835720","","10.1038/s41380-024-02800-5"
"40619050","Behavioural and pharmacological evaluation of the psilocybin analogue baeocystin in Wistar rats","Danda H, Mazochová K, Šíchová K, Mazoch V, Olejníková-Ladislavová L, Syrová K, Jurásek B, Cihlářová P, Jurok R, Páleníček T, Kuchař M.","Prog Neuropsychopharmacol Biol Psychiatry. 2025 Jul 13;140:111439. doi: 10.1016/j.pnpbp.2025.111439. Epub 2025 Jul 5.","Danda H","Prog Neuropsychopharmacol Biol Psychiatry","2025","2025/07/06","","","10.1016/j.pnpbp.2025.111439"
"41643299","Real-world effectiveness and safety of psychedelic-assisted psychotherapy: Outcomes from a large-scale compassionate use cohort in Switzerland","Aboulafia-Brakha T, Buchard A, Mabilais C, Alaux S, Amberger C, Furtado L, Seragnoli F, Briefer JF, Thorens G, Sabé M, Szczesniak L, Iuga R, Zullino D, Penzenstadler L.","Psychiatry Res. 2026 Apr;358:116992. doi: 10.1016/j.psychres.2026.116992. Epub 2026 Feb 2.","Aboulafia-Brakha T","Psychiatry Res","2026","2026/02/05","","","10.1016/j.psychres.2026.116992"
"38105655","Psilocybin-assisted group therapy in patients with cancer diagnosed with a major depressive disorder","Agrawal M, Richards W, Beaussant Y, Shnayder S, Ameli R, Roddy K, Stevens N, Richards B, Schor N, Honstein H, Jenkins B, Bates M, Thambi P.","Cancer. 2024 Apr 1;130(7):1137-1146. doi: 10.1002/cncr.35010. Epub 2023 Dec 18.","Agrawal M","Cancer","2024","2023/12/18","","","10.1002/cncr.35010"
"37585245","Have Effective Antidepressants Finally Arrived? Developments in Major Depressive Disorder Therapy","Thase ME.","J Clin Psychiatry. 2023 Aug 14;84(4):mulmdd3048sho. doi: 10.4088/JCP.mulmdd3048sho.","Thase ME","J Clin Psychiatry","2023","2023/08/16","","","10.4088/JCP.mulmdd3048sho"
"39775022","Moderating factors in psilocybin-assisted treatment affecting mood and personality: A naturalistic, open-label investigation","Irrmischer M, Puxty D, Yıldırım BO, Deijen JB, Engelbregt H.","Psychopharmacology (Berl). 2025 Apr;242(4):725-740. doi: 10.1007/s00213-024-06733-3. Epub 2025 Jan 7.","Irrmischer M","Psychopharmacology (Berl)","2025","2025/01/08","PMC11890248","","10.1007/s00213-024-06733-3"
"39349428","Psilocybin increases optimistic engagement over time: computational modelling of behaviour in rats","Fisher EL, Smith R, Conn K, Corcoran AW, Milton LK, Hohwy J, Foldi CJ.","Transl Psychiatry. 2024 Sep 30;14(1):394. doi: 10.1038/s41398-024-03103-7.","Fisher EL","Transl Psychiatry","2024","2024/09/30","PMC11442808","","10.1038/s41398-024-03103-7"
"35924888","Antidepressant effects of a psychedelic experience in a large prospective naturalistic sample","Nygart VA, Pommerencke LM, Haijen E, Kettner H, Kaelen M, Mortensen EL, Nutt DJ, Carhart-Harris RL, Erritzoe D.","J Psychopharmacol. 2022 Aug;36(8):932-942. doi: 10.1177/02698811221101061.","Nygart VA","J Psychopharmacol","2022","2022/08/04","PMC9353970","","10.1177/02698811221101061"
"39893004","Evaluating the potential for psilocybin as a treatment for post-traumatic stress disorder","Miller CE, Zoladz PR.","J Pharmacol Exp Ther. 2025 Jan;392(1):100026. doi: 10.1124/jpet.124.002237. Epub 2024 Nov 22.","Miller CE","J Pharmacol Exp Ther","2025","2025/02/01","","","10.1124/jpet.124.002237"
"40440859","Lessons learned from the regulatory alignment in ketamine, esketamine and arketamine clinical trials: A cross-sectional analysis of protocols from ClinicalTrials.gov","Swieczkowski D, Kwaśny A, Sadko K, Pruc M, Gaca Z, Szarpak L, Cubała WJ.","Psychiatry Res. 2025 Aug;350:116559. doi: 10.1016/j.psychres.2025.116559. Epub 2025 May 22.","Swieczkowski D","Psychiatry Res","2025","2025/05/29","","","10.1016/j.psychres.2025.116559"
"41869862","Trip killers: Addressing a critical knowledge gap in psychedelic research","O'Mahony B, Harrington C, Harkin A, Lally N.","J Psychopharmacol. 2026 May;40(5):687-702. doi: 10.1177/02698811261431056. Epub 2026 Mar 23.","O'Mahony B","J Psychopharmacol","2026","2026/03/23","PMC13310301","","10.1177/02698811261431056"
"39489287","Psilocybin reduces grooming in the SAPAP3 knockout mouse model of compulsive behaviour","Gattuso JJ, Wilson C, Hannan AJ, Renoir T.","Neuropharmacology. 2025 Jan 1;262:110202. doi: 10.1016/j.neuropharm.2024.110202. Epub 2024 Nov 2.","Gattuso JJ","Neuropharmacology","2025","2024/11/03","","","10.1016/j.neuropharm.2024.110202"
"40660894","Attitudes toward psychedelics and psychedelic-assisted psychotherapy among Australian mental healthcare providers","Nadeem Z, Parker S, McGovern H, Sebben B, Oestreich LK.","Aust N Z J Psychiatry. 2025 Sep;59(9):798-809. doi: 10.1177/00048674251346679. Epub 2025 Jul 15.","Nadeem Z","Aust N Z J Psychiatry","2025","2025/07/15","PMC12397547","","10.1177/00048674251346679"
"41540686","[Clinical application and mechanistic studies of psychedelics for treatment of depression: progress and future challenges]","Xia K, Gao T.","Nan Fang Yi Ke Da Xue Xue Bao. 2026 Jan 20;46(1):1-5. doi: 10.12122/j.issn.1673-4254.2026.01.01.","Xia K","Nan Fang Yi Ke Da Xue Xue Bao","2026","2026/01/16","PMC12809046","","10.12122/j.issn.1673-4254.2026.01.01"
"40849009","The therapeutic use of psychedelic drugs: Legal, policy, and neuroscientific perspectives","Rahmani S, Crupi R, Riley AL, Davidson T.","Pharmacol Biochem Behav. 2025 Nov;256:174087. doi: 10.1016/j.pbb.2025.174087. Epub 2025 Aug 21.","Rahmani S","Pharmacol Biochem Behav","2025","2025/08/23","","","10.1016/j.pbb.2025.174087"
"40541316","Psychedelics for the treatment of end-of-life distress in patients with a life-threatening disease","Tap S, Bostoen T, Breeksema J, Schoevers R.","Int Rev Neurobiol. 2025;181:357-393. doi: 10.1016/bs.irn.2025.03.001. Epub 2025 Apr 22.","Tap S","Int Rev Neurobiol","2025","2025/06/20","","","10.1016/bs.irn.2025.03.001"
"41148143","Ketamine, Psychedelics, and Psychotherapy: Reframing, Redefining, Renaming Treatment Models","Swainson J, Brietzke E, Khullar A, McIntyre RS, Soares CN.","Can J Psychiatry. 2026 Feb;71(2):83-88. doi: 10.1177/07067437251389090. Epub 2025 Oct 28.","Swainson J","Can J Psychiatry","2026","2025/10/28","PMC12568541","","10.1177/07067437251389090"
"40348309","The effect of psychedelic microdosing on animal behavior: A review with recommendations for the field","Syed OA, Petranker R, Tsang B.","Neurosci Biobehav Rev. 2025 Jul;174:106204. doi: 10.1016/j.neubiorev.2025.106204. Epub 2025 May 9.","Syed OA","Neurosci Biobehav Rev","2025","2025/05/10","","","10.1016/j.neubiorev.2025.106204"
"40064389","Current Evidence for the Role of Rapid-Acting Antidepressants in Bipolar Depression: A Perspective and Plan for Action","Repple J, Bayas M, Möser C, Kobayashi NF, Reif A.","Biol Psychiatry. 2025 Aug 15;98(4):333-342. doi: 10.1016/j.biopsych.2025.02.903. Epub 2025 Mar 8.","Repple J","Biol Psychiatry","2025","2025/03/10","","","10.1016/j.biopsych.2025.02.903"
"38888164","Developing the Open Psychedelic Evaluation Nexus consensus measures for assessment of supervised psilocybin services: An e-Delphi study","Korthuis PT, Hoffman K, Wilson-Poe AR, Luoma JB, Bazinet A, Pertl K, Morgan DL, Cook RR, Bielavitz S, Myers R, Wolf RC, McCarty D, Stauffer CS.","J Psychopharmacol. 2024 Aug;38(8):761-768. doi: 10.1177/02698811241257839. Epub 2024 Jun 18.","Korthuis PT","J Psychopharmacol","2024","2024/06/18","","","10.1177/02698811241257839"
"40461729","Psychedelics in the Treatment of Neurologic and Psychiatric Disorders: Coincidence or a New Point of View","Lashgari NA, Khalaji M, Rana P, Badrabadi F, Rahnama M, Nasoori H, Momeni Roudsari N, Khosravi Nia MM, Shafaroodi H.","Mol Neurobiol. 2025 Nov;62(11):15070-15092. doi: 10.1007/s12035-025-05097-9. Epub 2025 Jun 4.","Lashgari NA","Mol Neurobiol","2025","2025/06/03","","","10.1007/s12035-025-05097-9"
"41412413","Psychedelic experiences elicited by serotonergic psychedelics: Molecular mechanisms and functional connectivity changes in the brain","Vollebregt R, Storm AEM, Lucassen PJ, Somers M.","Neurosci Biobehav Rev. 2026 Feb;181:106529. doi: 10.1016/j.neubiorev.2025.106529. Epub 2025 Dec 16.","Vollebregt R","Neurosci Biobehav Rev","2026","2025/12/18","","","10.1016/j.neubiorev.2025.106529"
"40045361","Further education in psychedelic-assisted therapy - experiences from Switzerland","Aicher HD, Müller F, Gasser P.","BMC Med Educ. 2025 Mar 5;25(1):341. doi: 10.1186/s12909-025-06871-y.","Aicher HD","BMC Med Educ","2025","2025/03/05","PMC11881254","","10.1186/s12909-025-06871-y"
"37983270","Novel Psilocin Prodrugs with Altered Pharmacological Properties as Candidate Therapies for Treatment-Resistant Anxiety Disorders","Raithatha SA, Hagel JM, Matinkhoo K, Yu L, Press D, Cook SG, Sharma G, Dhananjaya D, Jensen G, Lee JB, Cai C, Gallant J, Bains J, Tucker JE, Facchini PJ.","J Med Chem. 2024 Jan 25;67(2):1024-1043. doi: 10.1021/acs.jmedchem.3c01225. Epub 2023 Nov 20.","Raithatha SA","J Med Chem","2024","2023/11/20","PMC10823477","","10.1021/acs.jmedchem.3c01225"
"40743107","Synthesis of Psilocin, Psilocybin and 5-MeO-DMT Succinate, All Labelled With Carbon-14 at the Indole 2-Position","Brown R, Hamilton NM, Mallon C, Stevenson J, Faley MT, Kargbo RB, Sherwood AM, Upeandran B.","J Labelled Comp Radiopharm. 2025 Jul-Aug;68(9-10):e4155. doi: 10.1002/jlcr.4155.","Brown R","J Labelled Comp Radiopharm","2025","2025/07/31","","","10.1002/jlcr.4155"
"40202903","In Vitro Psilocybin Synthesis by Co-Immobilized Enzymes","Schäfer T, Sherwood A, Kirkland T, Krüger T, Worbs J, Kniemeyer O, Gressler M, Hoffmeister D.","Chemistry. 2025 May 22;31(29):e202501037. doi: 10.1002/chem.202501037. Epub 2025 Apr 21.","Schäfer T","Chemistry","2025","2025/04/09","PMC12099186","","10.1002/chem.202501037"
"40456393","Neurocognitive effects of psilocybin: A systematic and comprehensive review of neuroimaging studies in humans","Berkovitch L, Fauvel B, Preller KH, Gaillard R.","Neurosci Biobehav Rev. 2025 Aug;175:106239. doi: 10.1016/j.neubiorev.2025.106239. Epub 2025 May 31.","Berkovitch L","Neurosci Biobehav Rev","2025","2025/06/02","","","10.1016/j.neubiorev.2025.106239"
"38184069","Effect of a single psilocybin treatment on Fos protein expression in male rat brain","Funk D, Araujo J, Slassi M, Lanthier J, Atkinson J, Feng D, Lau W, Lê A, Higgins GA.","Neuroscience. 2024 Feb 16;539:1-11. doi: 10.1016/j.neuroscience.2024.01.001. Epub 2024 Jan 4.","Funk D","Neuroscience","2024","2024/01/06","","","10.1016/j.neuroscience.2024.01.001"
"38981146","Addressing a major interference in the quantification of psilocin in mouse plasma: Development of a validated liquid chromatography tandem mass spectrometry method","Khajavinia A, Michel D, Ezeaka UC, Purves RW, Laprairie RB, El-Aneed A.","J Chromatogr A. 2024 Aug 16;1730:465123. doi: 10.1016/j.chroma.2024.465123. Epub 2024 Jul 4.","Khajavinia A","J Chromatogr A","2024","2024/07/09","","","10.1016/j.chroma.2024.465123"
"39725123","Concurrent stress modulates the acute and post-acute effects of psilocybin in a sex-dependent manner","Farinha-Ferreira M, Miranda-Lourenço C, Galipeau C, Lenkei Z, Sebastião AM.","Neuropharmacology. 2025 Mar 15;266:110280. doi: 10.1016/j.neuropharm.2024.110280. Epub 2024 Dec 24.","Farinha-Ferreira M","Neuropharmacology","2025","2024/12/26","","","10.1016/j.neuropharm.2024.110280"
"38279085","Psilocybin-assisted therapy for severe alcohol use disorder: protocol for a double-blind, randomized, placebo-controlled, 7-month parallel-group phase II superiority trial","Vanderijst L, Hever F, Buot A, Dauré C, Benoit J, Hanak C, Veeser J, Morgiève M, Campanella S, Kornreich C, Mallet L, Leys C, Noël X.","BMC Psychiatry. 2024 Jan 26;24(1):77. doi: 10.1186/s12888-024-05502-y.","Vanderijst L","BMC Psychiatry","2024","2024/01/26","PMC10821548","","10.1186/s12888-024-05502-y"
"40891276","Psychedelics as pharmacotherapeutics for substance use disorders: A scoping review on clinical trials and perspectives on underlying neurobiology","Wittenkeller L, Gudelsky G, Winhusen TJ, Amato D.","Br J Pharmacol. 2026 Jul;183(14):4022-4047. doi: 10.1111/bph.70181. Epub 2025 Sep 2.","Wittenkeller L","Br J Pharmacol","2026","2025/09/02","","","10.1111/bph.70181"
"41546846","Safety and Efficacy of Monoamine Oxidase Inhibitors in Patients Who Use Psychoactive Substances: Potential Drug Interactions and Substance Use Disorder Treatment Data","Rached G, Campana A, Fiani D, Nguyen C, Van den Eynde V, Gillman PK, Barnett BS.","CNS Drugs. 2026 Mar;40(3):359-417. doi: 10.1007/s40263-025-01256-7. Epub 2026 Jan 17.","Rached G","CNS Drugs","2026","2026/01/17","","","10.1007/s40263-025-01256-7"
"39754904","Efficacy and safety of psilocybin in the treatment of Major Depressive Disorder (MDD): A dose-response network meta-analysis of randomized placebo-controlled clinical trials","Swieczkowski D, Kwaśny A, Pruc M, Gaca Z, Szarpak L, Cubała WJ.","Psychiatry Res. 2025 Feb;344:116337. doi: 10.1016/j.psychres.2024.116337. Epub 2024 Dec 23.","Swieczkowski D","Psychiatry Res","2025","2025/01/04","","","10.1016/j.psychres.2024.116337"
"38019032","Psilocybin as a lead candidate molecule in preclinical therapeutic studies of psychiatric disorders: A systematic review","Gattuso JJ, Wilson C, Hannan AJ, Renoir T.","J Neurochem. 2024 Sep;168(9):1687-1720. doi: 10.1111/jnc.16017. Epub 2023 Nov 29.","Gattuso JJ","J Neurochem","2024","2023/11/29","","","10.1111/jnc.16017"
"40259688","Evaluating the effectiveness of psilocybin in alleviating distress among cancer patients: A systematic review","Lapid MI, Pagali SR, Randall AL, Donovan KA, Bronars CA, Gauthier TA, Bock J, Lim SD, Carey EC, Sokolowski E, Ulrich AM, Hassett LC, Kung S, Whitford KJ, Olivier KR, D'Andre SD.","Palliat Support Care. 2025 Apr 22;23:e99. doi: 10.1017/S147895152500032X.","Lapid MI","Palliat Support Care","2025","2025/04/22","PMC13166453","","10.1017/S147895152500032X"
"40245934","Regulatory Alignment of Psilocybin Clinical Trials in Major Depressive Disorder on ClinicalTrials.gov: A Cross-Sectional Analysis","Swieczkowski D, Kwaśny A, Pruc M, Gaca Z, Szarpak L, Cubała WJ.","Pharmacopsychiatry. 2025 Jul;58(4):187-197. doi: 10.1055/a-2529-7029. Epub 2025 Apr 17.","Swieczkowski D","Pharmacopsychiatry","2025","2025/04/17","","","10.1055/a-2529-7029"
"34519567","Assessing the effects of methodological differences on outcomes in the use of psychedelics in the treatment of anxiety and depressive disorders: A systematic review and meta-analysis","Leger RF, Unterwald EM.","J Psychopharmacol. 2022 Jan;36(1):20-30. doi: 10.1177/02698811211044688. Epub 2021 Sep 14.","Leger RF","J Psychopharmacol","2022","2021/09/14","","","10.1177/02698811211044688"
"38648420","Discovery and Structure-Activity Relationships of 2,5-Dimethoxyphenylpiperidines as Selective Serotonin 5-HT(2A) Receptor Agonists","M Ro Rsted E, Jensen AA, Smits G, Frydenvang K, Kristensen JL.","J Med Chem. 2024 May 9;67(9):7224-7244. doi: 10.1021/acs.jmedchem.4c00082. Epub 2024 Apr 22.","M Ro Rsted E","J Med Chem","2024","2024/04/22","PMC11089506","","10.1021/acs.jmedchem.4c00082"
"39787428","Exploring Psychedelics Pharmacology: A Scoping Review Charting the Course of Psilocybin Pharmacokinetics","Manzano-Nunez R, Gomez DA, Toledo-Mendoza C, Perez-Otero M, Matilla IL, Prats C, Perez-Lopez E, Pardo H, Díaz-Pellicer P, De La Torre-Fornell R, Aldea AM.","Clin Neuropharmacol. 2025 Jan-Feb 01;48(1):13-19. doi: 10.1097/WNF.0000000000000617.","Manzano-Nunez R","Clin Neuropharmacol","2025","2025/01/09","","","10.1097/WNF.0000000000000617"
"41584153","Self-administered complementary and alternative methods of treating mental disorders among students in Wrocław: a cross-sectional study","Sobieraj J, Sleziak J, Szyszka M, Błażejewska M, Łukańko K, Soczomska P, Bodziony K, Piotrowski P.","Front Public Health. 2026 Jan 8;13:1734137. doi: 10.3389/fpubh.2025.1734137. eCollection 2025.","Sobieraj J","Front Public Health","2026","2026/01/26","PMC12823540","","10.3389/fpubh.2025.1734137"
"39969076","The effect of Psilocybe cubensis alkaloids on depressive-like behavior in mice exposed to maternal separation with respect to hippocampal gene expression and DNA methylation of Slc6a4 and Nr3c1","Jasemi E, Razmi A, Vaseghi S, Amiri S, Najafi SMA.","Behav Pharmacol. 2025 Apr 1;36(2-3):115-126. doi: 10.1097/FBP.0000000000000813. Epub 2025 Feb 20.","Jasemi E","Behav Pharmacol","2025","2025/02/19","","","10.1097/FBP.0000000000000813"
"39033264","Current Perspectives on the Clinical Research and Medicalization of Psychedelic Drugs for Addiction Treatments: Safety, Efficacy, Limitations and Challenges","Gomez-Escolar A, Folch-Sanchez D, Stefaniuk J, Swithenbank Z, Nisa A, Braddick F, Idrees Chaudhary N, van der Meer PB, Batalla A.","CNS Drugs. 2024 Oct;38(10):771-789. doi: 10.1007/s40263-024-01101-3. Epub 2024 Jul 20.","Gomez-Escolar A","CNS Drugs","2024","2024/07/20","","","10.1007/s40263-024-01101-3"
"40177917","De Novo Biosynthesis of Antidepressant Psilocybin in Escherichia coli","Huang Z, Yao Y, Di R, Zhang J, Pan Y, Liu G.","Microb Biotechnol. 2025 Apr;18(4):e70135. doi: 10.1111/1751-7915.70135.","Huang Z","Microb Biotechnol","2025","2025/04/03","PMC11966237","","10.1111/1751-7915.70135"
"41184102","Psilocybin-assisted therapy for demoralisation in hospice patients: feasibility, safety and preliminary efficacy","Beaussant Y, Sager Z, Brennan C, Kristan I, Ljuslin M, Mazzola E, Macdonald D, Murphy ME, Nigam K, Rinaldi AD, Sanders J, Schaefer KG, Sholevar R, Summer L, Waliji-Banglawala A, Yudilevich-Espinoza S, Tulsky JA.","BMJ Support Palliat Care. 2026 Feb 27;16(2):423-433. doi: 10.1136/spcare-2025-005773.","Beaussant Y","BMJ Support Palliat Care","2026","2025/11/03","","","10.1136/spcare-2025-005773"
"40663181","Biochemical Insights into Diverse Psilocybe Mushrooms and Their Metabolites as Sources of Neuroactive Agents: A Review","Sudhakaran G, Chakraborty S, Kumar A, Bharti SAK, Csaba V, Valan Arasu M, Namasivayam SKR, Arockiaraj J.","Curr Microbiol. 2025 Jul 15;82(9):386. doi: 10.1007/s00284-025-04379-8.","Sudhakaran G","Curr Microbiol","2025","2025/07/15","","","10.1007/s00284-025-04379-8"
"41205366","Efficacy, all-cause discontinuation, and safety of serotonergic psychedelics and MDMA to treat mental disorders: A living systematic review with meta-analysis","Højlund M, Kafali HY, Kırmızı B, Fusar-Poli P, Correll CU, Cortese S, Sabé M, Fiedorowicz J, Saraf G, Zein J, Berk M, Husain MI, Rosenblat JD, Rubaiyat R, Corace K, Wong S, Hatcher S, Kaluzienski M, Yatham LN, Cipriani A, Gosling CJ, Carhart-Harris R, Tanuseputro P, Myran DT, Fabiano N, Moher D, Mayo LM, Nicholls SG, White T, Prisco M, Radua J, Vieta E, Ladha KS, Katz J, Veroniki AA, Solmi M.","Eur Neuropsychopharmacol. 2025 Dec;101:41-55. doi: 10.1016/j.euroneuro.2025.09.011. Epub 2025 Nov 7.","Højlund M","Eur Neuropsychopharmacol","2025","2025/11/08","","","10.1016/j.euroneuro.2025.09.011"
"41830808","Psychedelics for treatment of negative symptoms and depressive symptoms in schizophrenia spectrum disorder: A narrative review","Sabé M, Grof P, Sackett NB, Tai S, Kryskow P, Bershad A, Turkington D, Buonarroti M, De Pieri M, Baniotopoulos P, Eskinazi M, Böge K, Leucht S, Seragnoli F, Furtado L, Brakha TA, Curtis L, Kirschner M, Kaiser S, Penzenstadler L, Zullino D, Højlund M, Gallo J, Solmi M, Sapienza J, Bosia M, La Torre J.","Schizophr Res. 2026 Jun;292:69-78. doi: 10.1016/j.schres.2026.03.003. Epub 2026 Mar 13.","Sabé M","Schizophr Res","2026","2026/03/14","","","10.1016/j.schres.2026.03.003"
"37932583","Interaction of hallucinogenic rapid-acting antidepressants with mGlu2/3 receptor ligands as a window for more effective therapies","Chruścicka-Smaga B, Machaczka A, Szewczyk B, Pilc A.","Pharmacol Rep. 2023 Dec;75(6):1341-1349. doi: 10.1007/s43440-023-00547-4. Epub 2023 Nov 7.","Chruścicka-Smaga B","Pharmacol Rep","2023","2023/11/06","PMC10660980","","10.1007/s43440-023-00547-4"
"35233648","Effects of the 5-HT(2A) receptor antagonist volinanserin on head-twitch response and intracranial self-stimulation depression induced by different structural classes of psychedelics in rodents","Jaster AM, Elder H, Marsh SA, de la Fuente Revenga M, Negus SS, González-Maeso J.","Psychopharmacology (Berl). 2022 Jun;239(6):1665-1677. doi: 10.1007/s00213-022-06092-x. Epub 2022 Mar 2.","Jaster AM","Psychopharmacology (Berl)","2022","2022/03/02","PMC10055857","NIHMS1881144","10.1007/s00213-022-06092-x"
"39503404","Masking Influences: A Systematic Review of Placebo Control and Masking in Psychedelic Studies","Barstowe A, Kajonius PJ.","J Psychoactive Drugs. 2026 Jan-Mar;58(1):7-17. doi: 10.1080/02791072.2024.2424272. Epub 2024 Nov 6.","Barstowe A","J Psychoactive Drugs","2026","2024/11/06","","","10.1080/02791072.2024.2424272"
"41558304","Insights from the psychedelic experience integration session: Verbatims differentiate 3-month abstinence in alcohol use disorder with depressive symptoms","Garcia Garcia M, Belahda D, Graux C, Serrand C, Igounenc N, Sergent F, Mura T, Luquiens A.","J Affect Disord. 2026 May 1;400:121215. doi: 10.1016/j.jad.2026.121215. Epub 2026 Jan 19.","Garcia Garcia M","J Affect Disord","2026","2026/01/20","","","10.1016/j.jad.2026.121215"
"41878960","[Perspectives opened up by the physiopathological understanding of psychiatric disorders]","Girault N, Quiroga L, Jedrecy S, Bertin S, Djonouma N, Fossati P.","Rev Prat. 2026 Mar;76(3):318-324.","Girault N","Rev Prat","2026","2026/03/25","","",""
"40279353","Psilocybin-assisted psychotherapy as a rapid-acting treatment for cancer-related depression and anxiety: Evidence from a network meta-analysis","Swieczkowski D, Kwaśny A, Pruc M, Gaca Z, Szarpak L, Cubała WJ.","Int J Psychiatry Med. 2025 Nov;60(6):603-623. doi: 10.1177/00912174251337572. Epub 2025 Apr 25.","Swieczkowski D","Int J Psychiatry Med","2025","2025/04/25","","","10.1177/00912174251337572"
"42412648","[Psychedelics and pyschodelic-associated psychotherapies - Who is PAP for after all?]","Papp N, Gonda X.","Psychiatr Hung. 2025;40(3-4):318-327.","Papp N","Psychiatr Hung","2025","2026/07/07","","",""
"39761065","Psychedelic Treatments in Adolescent Psychopharmacology: Considering Safety, Ethics, and Scientific Rigor","Sutherland I, Ho MF, Croarkin PE.","J Child Adolesc Psychopharmacol. 2025 Apr;35(3):118-125. doi: 10.1089/cap.2024.0082. Epub 2025 Jan 6.","Sutherland I","J Child Adolesc Psychopharmacol","2025","2025/01/06","","","10.1089/cap.2024.0082"
"38411629","Are ""mystical experiences"" essential for antidepressant actions of ketamine and the classic psychedelics?","Hashimoto K.","Eur Arch Psychiatry Clin Neurosci. 2025 Aug;275(5):1333-1346. doi: 10.1007/s00406-024-01770-7. Epub 2024 Feb 27.","Hashimoto K","Eur Arch Psychiatry Clin Neurosci","2025","2024/02/27","PMC12270972","","10.1007/s00406-024-01770-7"
"42178235","Pharmacotherapeutic Management of Depression in Patients With Cancer: A Review of Mechanistic and Clinical Evidence","Hajivalizadeh S, Farahmand K, Kazemzadeh K, Hajivalizadeh G, Shamabadi A.","Cancer Rep (Hoboken). 2026 May;9(5):e70587. doi: 10.1002/cnr2.70587.","Hajivalizadeh S","Cancer Rep (Hoboken)","2026","2026/05/24","PMC13240069","","10.1002/cnr2.70587"
"42296474","Music Playlist Use in Clinical Trials of Psychedelic Assisted Psychotherapy: A Systematic Review","Cruz L, Beserra FR, Freind JMK, Rodrigues SE, Mograbi DC.","J Clin Psychol. 2026 Sep;82(9):1263-1270. doi: 10.1002/jclp.70167. Epub 2026 Jun 15.","Cruz L","J Clin Psychol","2026","2026/06/15","PMC13441328","","10.1002/jclp.70167"
"40994136","Characteristics of Ongoing Clinical Trials of Psychogenic Substances for Psychiatric Disorders","Havlik JL, Isaac S, Raman P, Tran N, Hidalgo K, Suppes T.","J Clin Psychopharmacol. 2025 Nov-Dec 01;45(6):619-623. doi: 10.1097/JCP.0000000000002095. Epub 2025 Sep 25.","Havlik JL","J Clin Psychopharmacol","2025","2025/09/25","","","10.1097/JCP.0000000000002095"
"41940853","Psychedelic Therapies for Comorbid Major Depressive Disorder and Chronic Pain: A Review of Putative Mechanisms of Action","Kazdan J, Ladha KS, Husain MI.","Pharmacol Res Perspect. 2026 Apr;14(2):e70238. doi: 10.1002/prp2.70238.","Kazdan J","Pharmacol Res Perspect","2026","2026/04/06","PMC13051862","","10.1002/prp2.70238"
"38743110","Disentangling the acute subjective effects of classic psychedelics from their enduring therapeutic properties","Atiq MA, Baker MR, Voort JLV, Vargas MV, Choi DS.","Psychopharmacology (Berl). 2025 Jul;242(7):1481-1506. doi: 10.1007/s00213-024-06599-5. Epub 2024 May 14.","Atiq MA","Psychopharmacology (Berl)","2025","2024/05/14","PMC12226698","","10.1007/s00213-024-06599-5"
"40128500","Classic Psychedelics for the Treatment of Depression: Potential Benefits and Challenges","Ghaznavi S, Richter SG.","Drugs. 2025 May;85(5):609-626. doi: 10.1007/s40265-025-02172-2. Epub 2025 Mar 24.","Ghaznavi S","Drugs","2025","2025/03/25","","","10.1007/s40265-025-02172-2"
"42301163","Hallucinogen-Assisted Psychotherapy for Trauma Disorders: A Bionian Lens","Miller CWT, Kozak Z.","Psychodyn Psychiatry. 2026 Jun;54(2):308-337. doi: 10.1521/pdps.2026.54.2.308.","Miller CWT","Psychodyn Psychiatry","2026","2026/06/16","","","10.1521/pdps.2026.54.2.308"
"37241141","The Need for Psychiatric Treatment among Polish Users of Psychoactive Substances Is Increasing: This and Other Results from the Newest PolDrugs Survey","Więckiewicz G, Marek J, Stokłosa I, Szafoni S, Pluta S, Smukowska K, Żebrowska G, Stokłosa M, Gorczyca P, Pudlo R.","Medicina (Kaunas). 2023 May 9;59(5):908. doi: 10.3390/medicina59050908.","Więckiewicz G","Medicina (Kaunas)","2023","2023/05/27","PMC10221474","","10.3390/medicina59050908"
"41571194","Insights into psilocybin use among people with bipolar disorder: A thematic analysis of Reddit posts","Mills L, Rossell SL, Carruthers SP.","J Affect Disord. 2026 May 1;400:121220. doi: 10.1016/j.jad.2026.121220. Epub 2026 Jan 20.","Mills L","J Affect Disord","2026","2026/01/22","","","10.1016/j.jad.2026.121220"
"39480198","Psilocybin for major depressive disorder: An updated systematic review and meta-analysis of randomized clinical trials","Aghajanian S, Shafiee A, Parvizi Omran S, Rezaei Nejad A, Jafarabady K, Kohandel Gargari O, Rajai S, Mohammadi I, Bahrami Babaheidari T, Bakhtiyari M.","J Psychopharmacol. 2026 Jan;40(1):110-118. doi: 10.1177/02698811241287542. Epub 2024 Oct 31.","Aghajanian S","J Psychopharmacol","2026","2024/10/31","","","10.1177/02698811241287542"
"42076014","Electrocorticographic Changes and Neuronal Maturation in the Antidepressant-like and Anxiolytic Effects of Micro- or Macrodosing of Psilocybe cubensis Mushroom in Mice","Sánchez-Cortés FE, Vega-Rivera NM, Escamilla-Orozco R, Martínez-Vargas D, Hernandez-Leon A, Escamilla-Cervantes I, Tabal-Robles AR, Torres-Valencia M, Romero-Bautista L, González-Trujano ME, Estrada-Camarena E.","Molecules. 2026 Apr 18;31(8):1331. doi: 10.3390/molecules31081331.","Sánchez-Cortés FE","Molecules","2026","2026/05/04","PMC13119131","","10.3390/molecules31081331"
"38773523","Effect of MDMA-assisted therapy on mood and anxiety symptoms in advanced-stage cancer (EMMAC): study protocol for a double-blind, randomised controlled trial","Bhagavan C, Glue P, Evans W, Reynolds L, Turner T, King C, Russell BR, Morunga E, Mills JL, Layton G, Menkes DB.","Trials. 2024 May 21;25(1):336. doi: 10.1186/s13063-024-08174-x.","Bhagavan C","Trials","2024","2024/05/21","PMC11110200","","10.1186/s13063-024-08174-x"
"41575100","[Role of psychedelics in psychiatry: a true therapeutic revolution or a trend?]","Sabé M, Seragnoli F, Penzenstadler L, Thorens G.","Rev Prat. 2025 Oct;75(8):903-906.","Sabé M","Rev Prat","2025","2026/01/23","","",""
"40962065","Temporal dynamics in neuroimaging as correlates of therapeutic response to psilocybin in major depressive disorder: A systematic review and critical appraisal","Sabbah SG, Li S, Wong S, Le GH, Badulescu S, Hawco C, Rosenblat JD, McIntyre RS.","J Affect Disord. 2026 Jan 15;393(Pt A):120335. doi: 10.1016/j.jad.2025.120335. Epub 2025 Sep 15.","Sabbah SG","J Affect Disord","2026","2025/09/17","","","10.1016/j.jad.2025.120335"
"39632810","Synergistic, multi-level understanding of psychedelics: three systematic reviews and meta-analyses of their pharmacology, neuroimaging and phenomenology","Shinozuka K, Jerotic K, Mediano P, Zhao AT, Preller KH, Carhart-Harris R, Kringelbach ML.","Transl Psychiatry. 2024 Dec 4;14(1):485. doi: 10.1038/s41398-024-03187-1.","Shinozuka K","Transl Psychiatry","2024","2024/12/05","PMC11618481","","10.1038/s41398-024-03187-1"
"38326357","Effects of DMT on mental health outcomes in healthy volunteers","Timmermann C, Zeifman RJ, Erritzoe D, Nutt DJ, Carhart-Harris RL.","Sci Rep. 2024 Feb 7;14(1):3097. doi: 10.1038/s41598-024-53363-y.","Timmermann C","Sci Rep","2024","2024/02/07","PMC10850177","","10.1038/s41598-024-53363-y"
"41502021","Pharmacological Management of Anxiety in End-of-Life Care: A Systematic Review of Benzodiazepines, Opioids, and Psilocybin","Freitas da Costa B, Hartmann P, Pagnin D.","Hum Psychopharmacol. 2026 Jan;41(1):e70032. doi: 10.1002/hup.70032.","Freitas da Costa B","Hum Psychopharmacol","2026","2026/01/08","PMC12780303","","10.1002/hup.70032"
"40052631","Psychedelics for Cancer Pain and Associated Psychological Distress: A Narrative Review of a Potential Strategy","Belitzky E, Ravani Carvalho LV, Taylor M, Ortiz CN, Baum L, Fiellin DA, Lustberg MB.","Cancer Med. 2025 Mar;14(5):e70586. doi: 10.1002/cam4.70586.","Belitzky E","Cancer Med","2025","2025/03/07","PMC11886891","","10.1002/cam4.70586"
"41389560","Difficulties following naturalistic psychedelic use and associations with adverse childhood experiences","Olofsson M, Osika W, Goldberg SB, Hendricks PS, Petrovic P, White T, Stenfors CUD, Chaturvedi S, Simonsson O.","Int J Drug Policy. 2026 Feb;148:105105. doi: 10.1016/j.drugpo.2025.105105. Epub 2025 Dec 13.","Olofsson M","Int J Drug Policy","2026","2025/12/13","PMC12758006","NIHMS2130555","10.1016/j.drugpo.2025.105105"
"39519725","Psilocin, the Psychoactive Metabolite of Psilocybin, Modulates Select Neuroimmune Functions of Microglial Cells in a 5-HT(2) Receptor-Dependent Manner","Wiens KR, Brooks NAH, Riar I, Greuel BK, Lindhout IA, Klegeris A.","Molecules. 2024 Oct 28;29(21):5084. doi: 10.3390/molecules29215084.","Wiens KR","Molecules","2024","2024/11/09","PMC11547910","","10.3390/molecules29215084"
"40230191","From Efficacy to Effectiveness: Evaluating Psychedelic Randomized Controlled Trials for Trustworthy Evidence-Based Policy and Practice","Schenberg EE.","Pharmacol Res Perspect. 2025 Apr;13(2):e70097. doi: 10.1002/prp2.70097.","Schenberg EE","Pharmacol Res Perspect","2025","2025/04/15","PMC11997373","","10.1002/prp2.70097"
"40528492","The Music for Subanesthetic Infusions of Ketamine randomised clinical trial: ketamine as a psychedelic treatment for highly refractory depression","Greenway KT, Garel N, Dinh-Williams LL, Thibault Lévesque J, Kaelen M, Dagenais-Beaulé V, de la Salle S, Erritzoe D, Looper K, Turecki G, Rej S, Richard-Devantoy S.","Br J Psychiatry. 2026 May;228(5):437-445. doi: 10.1192/bjp.2025.102. Epub 2025 Jun 18.","Greenway KT","Br J Psychiatry","2026","2025/06/18","","","10.1192/bjp.2025.102"
"38678087","Psilocybin restrains activity-based anorexia in female rats by enhancing cognitive flexibility: contributions from 5-HT1A and 5-HT2A receptor mechanisms","Conn K, Milton LK, Huang K, Munguba H, Ruuska J, Lemus MB, Greaves E, Homman-Ludiye J, Oldfield BJ, Foldi CJ.","Mol Psychiatry. 2024 Oct;29(10):3291-3304. doi: 10.1038/s41380-024-02575-9. Epub 2024 Apr 27.","Conn K","Mol Psychiatry","2024","2024/04/27","PMC11449803","","10.1038/s41380-024-02575-9"
"39302087","Naturalistic psychedelic therapy: The role of relaxation and subjective drug effects in antidepressant response","Calder AE, Rausch B, Liechti ME, Holze F, Hasler G.","J Psychopharmacol. 2024 Oct;38(10):873-886. doi: 10.1177/02698811241278873. Epub 2024 Sep 20.","Calder AE","J Psychopharmacol","2024","2024/09/20","PMC11487903","","10.1177/02698811241278873"
"35064398","Psychedelic-assisted psychotherapy for the treatment of major depression: a synthesis of phenomenological explanations","Miceli McMillan R, Jordens C.","Med Health Care Philos. 2022 Jun;25(2):225-237. doi: 10.1007/s11019-022-10070-7. Epub 2022 Jan 22.","Miceli McMillan R","Med Health Care Philos","2022","2022/01/22","","","10.1007/s11019-022-10070-7"
"40254808","Exploring the Role of Psychedelics in Modulating Ego and Treating Neuropsychiatric Disorders","Wang H, Wang X.","ACS Chem Neurosci. 2025 May 7;16(9):1636-1638. doi: 10.1021/acschemneuro.5c00247. Epub 2025 Apr 20.","Wang H","ACS Chem Neurosci","2025","2025/04/21","","","10.1021/acschemneuro.5c00247"
"39394457","Striking long-term beneficial effects of single dose psilocybin and psychedelic mushroom extract in the SAPAP3 rodent model of OCD-like excessive self-grooming","Brownstien M, Lazar M, Botvinnik A, Shevakh C, Blakolmer K, Lerer L, Lifschytz T, Lerer B.","Mol Psychiatry. 2025 Mar;30(3):1172-1183. doi: 10.1038/s41380-024-02786-0. Epub 2024 Oct 11.","Brownstien M","Mol Psychiatry","2025","2024/10/11","PMC11835722","","10.1038/s41380-024-02786-0"
"41405025","Psilocybin in the real world: Regulatory, ethical, and operational challenges in Australia's clinical landscape","Dutton M, Schwenn P, Mitchell J, Hoffmann P, Bailey NW, Fitzgerald PB, Lagopoulos J, Can AT.","Aust N Z J Psychiatry. 2026 Feb;60(2):115-122. doi: 10.1177/00048674251398677. Epub 2025 Dec 17.","Dutton M","Aust N Z J Psychiatry","2026","2025/12/17","PMC12831811","","10.1177/00048674251398677"
"35285721","Top Ten Tips Palliative Care Clinicians Should Know About Psychedelic-Assisted Therapy in the Context of Serious Illness","Rosa WE, Sager Z, Miller M, Bernstein I, Doerner Rinaldi A, Addicott K, Ljuslin M, Adrian C, Back AL, Beachy J, Bossis AP, Breitbart WS, Cosimano MP, Fischer SM, Guss J, Knighton E, Phelps J, Richards BD, Richards WA, Tulsky JA, Williams MT, Beaussant Y.","J Palliat Med. 2022 Aug;25(8):1273-1281. doi: 10.1089/jpm.2022.0036. Epub 2022 Mar 14.","Rosa WE","J Palliat Med","2022","2022/03/14","PMC9467634","","10.1089/jpm.2022.0036"
"39701143","The Australia story: Current status and future challenges for the clinical applications of psychedelics","Nutt DJ, Hunt P, Schlag AK, Fitzgerald P.","Br J Pharmacol. 2026 Jul;183(14):4048-4057. doi: 10.1111/bph.17398. Epub 2024 Dec 19.","Nutt DJ","Br J Pharmacol","2026","2024/12/19","","","10.1111/bph.17398"
"39257234","Pharmacokinetics of Psilocybin, a Tryptamine Alkaloid in Magic Mushroom (Psilocybe cubensis): A Systematic Review","Thaoboonruang N, Lohitnavy M, Lohitnavy O.","J Psychoactive Drugs. 2025 Sep-Oct;57(4):386-398. doi: 10.1080/02791072.2024.2399128. Epub 2024 Sep 10.","Thaoboonruang N","J Psychoactive Drugs","2025","2024/09/11","","","10.1080/02791072.2024.2399128"
"40413068","[Psilocybin in the setting of treatment-resistant unipolar depression: A case report]","Dumenil M, Cordova G, El-Hage W.","Encephale. 2025 Dec;51(6):691-694. doi: 10.1016/j.encep.2025.02.007. Epub 2025 May 23.","Dumenil M","Encephale","2025","2025/05/24","","","10.1016/j.encep.2025.02.007"
"37842884","Acute but not long-lasting antidepressant-like effect of psilocybin in differential reinforcement of low-rate 72 schedule in rats","Malikowska-Racia N, Koniewski M, Golebiowska J, Popik P.","J Psychopharmacol. 2023 Nov;37(11):1149-1156. doi: 10.1177/02698811231205692. Epub 2023 Oct 16.","Malikowska-Racia N","J Psychopharmacol","2023","2023/10/16","","","10.1177/02698811231205692"
"42345450","The intersection between psychedelics and schizophrenia spectrum disorders: Reevaluating risk and therapeutic potential","Brar PS, Price RB, Ross S, Tofighi B, Sarpal DK.","J Psychopharmacol. 2026 Jul;40(7):1037-1053. doi: 10.1177/02698811261456191. Epub 2026 Jun 25.","Brar PS","J Psychopharmacol","2026","2026/06/25","PMC13376330","","10.1177/02698811261456191"
"41677823","Therapeutic effects of psilocybin in major depressive disorder: a systematic review and meta-analysis exploring dose effects","He Z, Wang Y, Chen J, Cheng J, Feng Y, Niu S, Yan J.","Eur Arch Psychiatry Clin Neurosci. 2026 Jun;276(4):1487-1503. doi: 10.1007/s00406-025-02165-y. Epub 2026 Feb 12.","He Z","Eur Arch Psychiatry Clin Neurosci","2026","2026/02/12","","","10.1007/s00406-025-02165-y"
"41546918","Bridging the reporting gap: Application of the ReSPCT guidelines in psilocybin clinical trial protocols","Swieczkowski D, Kwaśny A, Sadko K, Cubała WJ.","Eur Neuropsychopharmacol. 2026 Apr;105:112746. doi: 10.1016/j.euroneuro.2025.112746. Epub 2026 Jan 16.","Swieczkowski D","Eur Neuropsychopharmacol","2026","2026/01/17","","","10.1016/j.euroneuro.2025.112746"
"41931735","Bioactive compounds from Psilocybe cubensis mycelial cultures with transient anxiolytic effects in mice","Kala K, Bederska-Lojewska D, Lazur J, Gasior K, Maslanka A, Szewczyk A, Sulkowska-Ziaja K, Turek J, Szewczyk B, Pilc A, Muszynska B.","J Physiol Pharmacol. 2026 Feb;77(1):89-101. doi: 10.26402/jpp.2026.1.07. Epub 2026 Apr 2.","Kala K","J Physiol Pharmacol","2026","2026/04/03","","","10.26402/jpp.2026.1.07"
"37646119","The changing outlook of psychedelic drugs: The importance of risk assessment and occupational exposure limits","Videira NB, Nair V, Paquet V, Calhoun D.","J Appl Toxicol. 2024 Feb;44(2):216-234. doi: 10.1002/jat.4533. Epub 2023 Aug 30.","Videira NB","J Appl Toxicol","2024","2023/08/30","","","10.1002/jat.4533"
"39791347","Use of psychedelic treatments in psychiatric clinical practice: an EPA policy paper","Destoop M, Mohr P, Butlen F, Kéri P, Samochowiec J, De Picker L, Fiorillo A, Kuypers KPC, Dom G.","Eur Psychiatry. 2025 Jan 10;68(1):e3. doi: 10.1192/j.eurpsy.2024.1806.","Destoop M","Eur Psychiatry","2025","2025/01/10","PMC11795445","","10.1192/j.eurpsy.2024.1806"
"39675677","Psychedelic use and bipolar disorder - An investigation of recreational use and its impact on mental health","Meyer TD, Ibrahim M, Vale LN, Soares JC.","J Affect Disord. 2025 Mar 15;373:505-511. doi: 10.1016/j.jad.2024.12.044. Epub 2024 Dec 13.","Meyer TD","J Affect Disord","2025","2024/12/15","","","10.1016/j.jad.2024.12.044"
"40694950","Unraveling the policies, legislations, and regulations of psychedelics in Australia, Canada, Netherlands, New Zealand, and India","Joga R, Yerram S, Patnam JD, Choudhary KK, Varpe P, Raghuvanshi RS, Srivastava S.","Health Policy. 2025 Nov;161:105392. doi: 10.1016/j.healthpol.2025.105392. Epub 2025 Jul 8.","Joga R","Health Policy","2025","2025/07/22","","","10.1016/j.healthpol.2025.105392"
"41202968","Engineering artificial biosynthetic pathways for efficient microbial production of psilocybin and psilocin","Guo C, Luu NNT, Adwer MM, Hosseinzadeh H, Balan V, Yan Y, Lin Y.","Metab Eng. 2026 Mar;94:24-34. doi: 10.1016/j.ymben.2025.11.002. Epub 2025 Nov 5.","Guo C","Metab Eng","2026","2025/11/07","","","10.1016/j.ymben.2025.11.002"
"40112231","Psychedelic Drugs in Mental Disorders: Current Clinical Scope and Deep Learning-Based Advanced Perspectives","Kim SH, Yang S, Jung J, Choi J, Kang M, Joo JY.","Adv Sci (Weinh). 2025 Apr;12(15):e2413786. doi: 10.1002/advs.202413786. Epub 2025 Mar 20.","Kim SH","Adv Sci (Weinh)","2025","2025/03/20","PMC12005819","","10.1002/advs.202413786"
"40275842","[Treatment with psychedelics : potential benefits in Parkinson's disease]","Penzenstadler L, Baudois S, Lingenberg A, Catalano Chiuvé S, Tomkova E, Fleury V.","Rev Med Suisse. 2025 Apr 23;21(915):849-852. doi: 10.53738/REVMED.2025.21.915.47180.","Penzenstadler L","Rev Med Suisse","2025","2025/04/25","","","10.53738/REVMED.2025.21.915.47180"
"40138527","Existing evidence for the use of psychedelics in patients with cancer and other serious illness: A narrative review","Bires J.","J Psychosoc Oncol. 2025;43(6):793-807. doi: 10.1080/07347332.2025.2482917. Epub 2025 Mar 26.","Bires J","J Psychosoc Oncol","2025","2025/03/26","","","10.1080/07347332.2025.2482917"
"40327705","A protocol for a scoping review of variations among psychedelic interventions for psychological suffering associated with the end-of-life","Kratina S, Strike C, Schwartz R, Nayfeh A, Jopling S, Lo C, Rush B.","PLoS One. 2025 May 6;20(5):e0318343. doi: 10.1371/journal.pone.0318343. eCollection 2025.","Kratina S","PLoS One","2025","2025/05/06","PMC12054867","","10.1371/journal.pone.0318343"
"37146908","How does psilocybin therapy work? An exploration of experiential avoidance as a putative mechanism of change","Zeifman RJ, Wagner AC, Monson CM, Carhart-Harris RL.","J Affect Disord. 2023 Aug 1;334:100-112. doi: 10.1016/j.jad.2023.04.105. Epub 2023 May 3.","Zeifman RJ","J Affect Disord","2023","2023/05/05","","","10.1016/j.jad.2023.04.105"
"40440674","Divergent Effects of Psilocybin for 2 Patients Participating in a Psilocybin-assisted Cognitive Behavioral Therapy Trial for Major Depressive Disorder","Weintraub MJ, Miklowitz DJ, Jeffrey JK.","J Psychiatr Pract. 2025 May 1;31(3):169-172. doi: 10.1097/PRA.0000000000000853.","Weintraub MJ","J Psychiatr Pract","2025","2025/05/29","","","10.1097/PRA.0000000000000853"
"38009828","Association of Hallucinogen Persisting Perception Disorder with Trait Neuroticism and Mental Health Symptoms","Hadley M, Halliday A, Stone JM.","J Psychoactive Drugs. 2025 Jan-Mar;57(1):47-53. doi: 10.1080/02791072.2023.2287081. Epub 2023 Nov 27.","Hadley M","J Psychoactive Drugs","2025","2023/11/27","","","10.1080/02791072.2023.2287081"
"39499579","Australian psychologists' attitudes towards psychedelic-assisted therapy and training following a world-first drug down-scheduling","Negrine JJ, Puljević C, Ferris J, Liknaitzky P, Perlman C, Piatkowski T.","Drug Alcohol Rev. 2025 Jan;44(1):336-346. doi: 10.1111/dar.13973. Epub 2024 Nov 5.","Negrine JJ","Drug Alcohol Rev","2025","2024/11/05","","","10.1111/dar.13973"
"39952893","The Acceptability of Psychedelic-Assisted Therapy Amongst Mental Health Consumers: Utilising the Theory of Planned Behaviour","Louie E, Towers E, Morse AR, Watt J, Bryant Z, Haber P, Morley K.","Int J Ment Health Nurs. 2025 Feb;34(1):e70010. doi: 10.1111/inm.70010.","Louie E","Int J Ment Health Nurs","2025","2025/02/14","PMC11828729","","10.1111/inm.70010"
"39447981","Examining differences in the effects and contexts of naturalistic psilocybin use for White participants vs. Participants of Color: A longitudinal online survey study","Jones G, Lowe MX, Nayak S, Sepeda N, Kettner H, Carhart-Harris R, Jackson H, Garcia-Romeu A.","J Affect Disord. 2025 Feb 1;370:54-61. doi: 10.1016/j.jad.2024.10.058. Epub 2024 Oct 22.","Jones G","J Affect Disord","2025","2024/10/24","","","10.1016/j.jad.2024.10.058"
"40829966","Avoiding Stigma and Sensationalism in Therapeutic Psilocybin Communications: Considerations for Reaching Older Patients","Gillespie CM, Bering JM.","Am J Geriatr Psychiatry. 2025 Dec;33(12):1251-1259. doi: 10.1016/j.jagp.2025.07.003. Epub 2025 Jul 23.","Gillespie CM","Am J Geriatr Psychiatry","2025","2025/08/19","","","10.1016/j.jagp.2025.07.003"
"42198984","Improving access to novel treatments for treatment-resistant depression: The potential role of specialist clinics in Australia","Giri Y, Furst P, Loo CK, Clark SR, Tibrewal P.","Aust N Z J Psychiatry. 2026 Jul;60(7):625-632. doi: 10.1177/00048674261450390. Epub 2026 May 26.","Giri Y","Aust N Z J Psychiatry","2026","2026/05/27","","","10.1177/00048674261450390"
"41747432","Trip sitting or just sitting? Session facilitators substantially influence psychedelic experiences in clinical trials but not in healthy ones","Goldy SP, Sepeda ND, Hilbert SN, Bari BA, Garcia-Romeu A, Gukasyan N, Barrett FS, Yaden DB, Nayak SM.","Psychiatry Res. 2026 May;359:117010. doi: 10.1016/j.psychres.2026.117010. Epub 2026 Feb 13.","Goldy SP","Psychiatry Res","2026","2026/02/26","","","10.1016/j.psychres.2026.117010"
"42308914","Anxiety-related platform in zebrafish (Danio rerio) larvae: An integrated analysis of behavioural and molecular assay in drug screening research","Potoczna M, Kasica N, Chmielewska-Krzesińska M, Dybalska-Szczepanek J, Wąsowicz K, Sokołowska E, Podlasz P.","Biomed Pharmacother. 2026 Aug;201:119680. doi: 10.1016/j.biopha.2026.119680. Epub 2026 Jun 17.","Potoczna M","Biomed Pharmacother","2026","2026/06/17","","","10.1016/j.biopha.2026.119680"
"39741434","Compass Psychological Support Model for COMP360 Psilocybin Treatment of Serious Mental Health Conditions","Kirlić N, Lennard-Jones M, Atli M, Malievskaia E, Modlin NL, Peck SK, Gaillard A, Goodwin GM, Koelpin D.","Am J Psychiatry. 2025 Jan 1;182(1):126-132. doi: 10.1176/appi.ajp.20230884.","Kirlić N","Am J Psychiatry","2025","2025/01/01","","","10.1176/appi.ajp.20230884"
"41958297","Psilocybin elicits a conserved glucocorticoid-responsive gene signature across five 5-HT2A receptor-rich brain regions in rat","Veysi A, Atanasovski D, Ardalan M, Motamed N, Eriksson E.","Acta Neuropsychiatr. 2026 Apr 10;38:e37. doi: 10.1017/neu.2026.10075.","Veysi A","Acta Neuropsychiatr","2026","2026/04/10","PMC13202413","","10.1017/neu.2026.10075"
"41362124","The Relationship Between Participant Pretreatment Clinical Presentation and the Quality of Psilocybin Experience: A Retrospective Analysis","Kirlić N, Atli M, Mistry S, Gold M, Goodwin GM.","J Clin Psychopharmacol. 2026 Mar-Apr 01;46(2):140-149. doi: 10.1097/JCP.0000000000002119. Epub 2025 Dec 9.","Kirlić N","J Clin Psychopharmacol","2026","2025/12/09","","","10.1097/JCP.0000000000002119"
"40691651","""I've learned that I'm open-minded to this possibility"": A qualitative study to evaluate the acceptability of a psilocybin-aided smoking cessation treatment for people with HIV who smoke","Cioe PA, Stang GS, Azam D, Dugal S.","Addict Sci Clin Pract. 2025 Jul 21;20(1):56. doi: 10.1186/s13722-025-00563-0.","Cioe PA","Addict Sci Clin Pract","2025","2025/07/21","PMC12278509","","10.1186/s13722-025-00563-0"
"41699879","Psychedelic- and Substance-Assisted Therapies in Global Mental Health: Bridging Cultures, Evidence, and Access","Halm S.","Brain Behav. 2026 Feb;16(2):e71265. doi: 10.1002/brb3.71265.","Halm S","Brain Behav","2026","2026/02/17","PMC12910117","","10.1002/brb3.71265"
"39878200","Down the Rabbit Hole: A Large-Scale Survey of Psychedelic Users' Patterns of Use and Perceived Effects","Cuttler C, Stueber A, Simone J, Mayo LM.","J Psychoactive Drugs. 2026 Jul-Aug;58(3):265-277. doi: 10.1080/02791072.2025.2452226. Epub 2025 Jan 29.","Cuttler C","J Psychoactive Drugs","2026","2025/01/29","","","10.1080/02791072.2025.2452226"
"42224931","Mystery shopper assessments of cannabis retailer practices and regulatory compliance in five U.S. states, 2025","Berg CJ, LoParco CR, Rossheim ME, McCready DM, Langan L, Platt E, Romm KF, Johnson M, Speer MB, Burris S, Cavazos-Rehg PA.","Drug Alcohol Depend. 2026 Aug 1;285:113218. doi: 10.1016/j.drugalcdep.2026.113218. Epub 2026 May 26.","Berg CJ","Drug Alcohol Depend","2026","2026/06/01","PMC13311656","NIHMS2184204","10.1016/j.drugalcdep.2026.113218"
"39655749","Psychedelics as an intervention for psychological, existential distress in terminally ill patients: A systematic review and network meta-analysis","Marchi M, Farina R, Rachedi K, Laonigro F, Žuljević MF, Pingani L, Ferrari S, Somers M, Boks MPM, Galeazzi GM.","J Psychopharmacol. 2026 Jan;40(1):119-133. doi: 10.1177/02698811241303594. Epub 2024 Dec 10.","Marchi M","J Psychopharmacol","2026","2024/12/10","PMC13199639","","10.1177/02698811241303594"
"41451514","The 3D-ASCr scale: A revalidation of the core dimensions of the Altered States of Consciousness Rating Scale 5D(11)-ASC for psychedelic research","Stocker K, Hartmann M, Schmid Y, Vogt SB, Becker AM, Ley L, Straumann I, Arikci D, Klaiber A, Erne L, Vizeli P, Holze F, Liechti ME.","J Psychopharmacol. 2026 May;40(5):850-862. doi: 10.1177/02698811251397328. Epub 2025 Dec 26.","Stocker K","J Psychopharmacol","2026","2025/12/26","PMC13310268","","10.1177/02698811251397328"
"41645048","Challenges with clinical trial participants in studies with classical psychedelics: A position statement from the National Network of Depression Centers' task group on psychedelics and related compounds","Lewis BR, Reid MJ, Novick AM, Byrne K, Niciu MJ, Fonzo GA, Meyer TD, Feifel D, El-Mallakh RS, Soares J, Suppes T, Barrett FS.","J Psychopharmacol. 2026 May;40(5):667-677. doi: 10.1177/02698811251413490. Epub 2026 Feb 5.","Lewis BR","J Psychopharmacol","2026","2026/02/05","","","10.1177/02698811251413490"
"42304595","Expectations and Motivations for Participation in Clinical Trials Utilizing Psychedelics for Treatment-Resistant Depression: A Qualitative Study","Poppe C, Lyck L, Bechtold L, Repantis D.","Brain Behav. 2026 Jun;16(6):e71544. doi: 10.1002/brb3.71544.","Poppe C","Brain Behav","2026","2026/06/17","PMC13272625","","10.1002/brb3.71544"
"40233965","Psilocybin-Assisted suppoRtive psychoTherapy IN the treatment of prolonged Grief (PARTING) trial: protocol for an open-label pilot trial for cancer-related bereavement","Beesley VL, Kennedy TJ, Maccallum F, Ross M, Harvey R, Rossell SL, Sarris J, Perkins D, Neale RE, Bennett-Levy J, Johnson S, Beebe H, Roset N, Strobel J, Parker S.","BMJ Open. 2025 Apr 15;15(4):e095992. doi: 10.1136/bmjopen-2024-095992.","Beesley VL","BMJ Open","2025","2025/04/15","PMC12004488","","10.1136/bmjopen-2024-095992"
"39632615","Consistent evidence that brain serotonin 2A receptor binding is positively associated with personality-based risk markers of depression","Høgsted ES, Beliveau V, Ozenne B, Madsen MK, Svarer C, Dam VH, Johansen A, Fisher P, Knudsen GM, Frokjaer VG, Sankar A.","Br J Psychiatry. 2025 Mar;226(3):137-143. doi: 10.1192/bjp.2024.143. Epub 2024 Dec 5.","Høgsted ES","Br J Psychiatry","2025","2024/12/05","","","10.1192/bjp.2024.143"
"41973961","An Open-Label Study of Single-Dose Psilocybin for Borderline Personality Disorder With Co-Occurring Major Depressive Disorder","Grant JE, Boutouis S, O'Brien M, Avila L, Neelapu M, Ehsan D.","Clin Neuropharmacol. 2026 Jul-Aug 01;49(4):163-169. doi: 10.1097/WNF.0000000000000683. Epub 2026 Apr 1.","Grant JE","Clin Neuropharmacol","2026","2026/04/13","","","10.1097/WNF.0000000000000683"
"39541872","Structural insights into tryptamine psychedelics: The role of hydroxyl indole ring site in 5-HT(2A) receptor activation and psychedelic-like activity","Zhang M, Yang Y, Yang Z, Wen X, Zhang C, Xiao P, Wang Y, Sun J, Wang H, Wang X.","Eur J Med Chem. 2025 Jan 5;281:117049. doi: 10.1016/j.ejmech.2024.117049. Epub 2024 Nov 12.","Zhang M","Eur J Med Chem","2025","2024/11/14","","","10.1016/j.ejmech.2024.117049"
"41493095","Psychoactive mushroom edibles: trends and toxicities reported to the United States National Poison Data System®, 2023-2024","Jorgenson DM, Santos Leon E, Vakkalanka JP, Krispin S, Radke JB.","Clin Toxicol (Phila). 2026 Mar;64(3):192-199. doi: 10.1080/15563650.2025.2599402. Epub 2026 Jan 6.","Jorgenson DM","Clin Toxicol (Phila)","2026","2026/01/06","","","10.1080/15563650.2025.2599402"
"42300394","MFCC-DFT mapping of ligand recognition at the 5-HT(2A) receptor: energetic analysis of the interactions between serotonin, psychedelics, and antipsychotics","Junior WSC, Bezerra KS, Matias EGC, Oliveira JIN, Fulco UL.","Phys Chem Chem Phys. 2026 Jul 1;28(25):15251-15263. doi: 10.1039/d6cp00943c.","Junior WSC","Phys Chem Chem Phys","2026","2026/06/16","","","10.1039/d6cp00943c"
"41952163","Evaluation of a facilitator training program in a randomized controlled trial of psilocybin treatment for depression","Morel NS, Stenbaek DS, Lundberg J, Beckman M.","BMC Med Educ. 2026 Apr 9;26(1):635. doi: 10.1186/s12909-026-09124-8.","Morel NS","BMC Med Educ","2026","2026/04/09","PMC13091270","","10.1186/s12909-026-09124-8"
"40433994","Attitudes Toward Psychedelic Treatments by Individuals With Histories of Substance Use or Psychiatric Disorders: A Survey Study","Prostko S, Wu A, Maddams S, Szpak V, Rosenblum N, Hilt LM, Suzuki J.","J Addict Med. 2026 Jan-Feb 01;20(1):83-91. doi: 10.1097/ADM.0000000000001517. Epub 2025 May 28.","Prostko S","J Addict Med","2026","2025/05/28","","","10.1097/ADM.0000000000001517"
"42414566","CSF galanin and noradrenaline downregulation by psilocybin therapy in major depressive disorder","Paslawski W, Doyon D, Ekman CJ, Yngwe H, Mamula D, Zareba-Paslawska J, Beckman M, Xu ZD, Hökfelt T, Tiger M, Lundberg J, Svenningsson P.","Neuropsychopharmacology. 2026 Sep;51(10):1898-1901. doi: 10.1038/s41386-026-02490-3. Epub 2026 Jul 7.","Paslawski W","Neuropsychopharmacology","2026","2026/07/07","PMC13487249","","10.1038/s41386-026-02490-3"
"42058096","A phase 1 study of a second experience with Group Retreat Psilocybin Therapy for partial responders after a first experience","Back AL, McGregor BA, Thorn LL, Harvey K, Blom D, Callan G, Guy J, Kumar S, Hershberg R, Layer M, Levin J, Myers S, Perez J, Salmonson K, Thompson P, Whinney J.","Front Public Health. 2026 Apr 14;14:1810904. doi: 10.3389/fpubh.2026.1810904. eCollection 2026.","Back AL","Front Public Health","2026","2026/04/30","PMC13122983","","10.3389/fpubh.2026.1810904"
"37652000","Adapting psychedelic medicine for headache and chronic pain disorders","Schindler EAD, Hendricks PS.","Expert Rev Neurother. 2023 Jul-Dec;23(10):867-882. doi: 10.1080/14737175.2023.2246655. Epub 2023 Aug 31.","Schindler EAD","Expert Rev Neurother","2023","2023/08/31","","","10.1080/14737175.2023.2246655"
"37651119","Single-Dose Psilocybin Treatment for Major Depressive Disorder: A Randomized Clinical Trial","Raison CL, Sanacora G, Woolley J, Heinzerling K, Dunlop BW, Brown RT, Kakar R, Hassman M, Trivedi RP, Robison R, Gukasyan N, Nayak SM, Hu X, O'Donnell KC, Kelmendi B, Sloshower J, Penn AD, Bradley E, Kelly DF, Mletzko T, Nicholas CR, Hutson PR, Tarpley G, Utzinger M, Lenoch K, Warchol K, Gapasin T, Davis MC, Nelson-Douthit C, Wilson S, Brown C, Linton W, Ross S, Griffiths RR.","JAMA. 2023 Sep 5;330(9):843-853. doi: 10.1001/jama.2023.14530.","Raison CL","JAMA","2023","2023/08/31","PMC10472268","","10.1001/jama.2023.14530"
"37594163","A Proposal to Study the Safety and Efficacy of Psilocybe cubensis in Preclinical and Clinical Studies as a Therapeutic Alternative for Major Depressive Disorder","Escamilla R, González-Trujano ME, González Mariscal JM, Torres-Valencia JM, Guzmán-González H, Vega JL, Loizaga-Velder A.","J Psychoactive Drugs. 2023 Nov-Dec;55(5):570-580. doi: 10.1080/02791072.2023.2246459. Epub 2023 Aug 18.","Escamilla R","J Psychoactive Drugs","2023","2023/08/18","","","10.1080/02791072.2023.2246459"
"37562384","[Psychedelic Experiences: Phenomenology, Therapeutic Potentials and Explanatory Models]","Chernoff T, Kliger B, Venturini DH.","Vertex. 2023 Jul 10;34(160, abr.-jun.):100-112. doi: 10.53680/vertex.v34i160.463.","Chernoff T","Vertex","2023","2023/08/10","","","10.53680/vertex.v34i160.463"
"37490982","Natural psychedelics in the treatment of depression; a review focusing on neurotransmitters","Jahanabadi S, Amiri S, Karkeh-Abadi M, Razmi A.","Fitoterapia. 2023 Sep;169:105620. doi: 10.1016/j.fitote.2023.105620. Epub 2023 Jul 23.","Jahanabadi S","Fitoterapia","2023","2023/07/25","","","10.1016/j.fitote.2023.105620"
"37142308","Study protocol of an open-label proof-of-concept trial examining the safety and clinical efficacy of psilocybin-assisted therapy for veterans with PTSD","Davis AK, Levin AW, Nagib PB, Armstrong SB, Lancelotta RL.","BMJ Open. 2023 May 4;13(5):e068884. doi: 10.1136/bmjopen-2022-068884.","Davis AK","BMJ Open","2023","2023/05/04","PMC10163450","","10.1136/bmjopen-2022-068884"
"36990027","In silico characterization of the psilocybin biosynthesis pathway","Irvine W, Tyler M, Delgoda R.","Comput Biol Chem. 2023 Jun;104:107854. doi: 10.1016/j.compbiolchem.2023.107854. Epub 2023 Mar 23.","Irvine W","Comput Biol Chem","2023","2023/03/29","","","10.1016/j.compbiolchem.2023.107854"
"36985596","The Effect of Combined Treatment of Psilocybin and Eugenol on Lipopolysaccharide-Induced Brain Inflammation in Mice","Zanikov T, Gerasymchuk M, Ghasemi Gojani E, Robinson GI, Asghari S, Groves A, Haselhorst L, Nandakumar S, Stahl C, Cameron M, Li D, Rodriguez-Juarez R, Snelling A, Hudson D, Fiselier A, Kovalchuk O, Kovalchuk I.","Molecules. 2023 Mar 14;28(6):2624. doi: 10.3390/molecules28062624.","Zanikov T","Molecules","2023","2023/03/29","PMC10056123","","10.3390/molecules28062624"
"36921889","Preclinical perspectives on the mechanisms underlying the therapeutic actions of psilocybin in psychiatric disorders","Wulff AB, Nichols CD, Thompson SM.","Neuropharmacology. 2023 Jun 15;231:109504. doi: 10.1016/j.neuropharm.2023.109504. Epub 2023 Mar 13.","Wulff AB","Neuropharmacology","2023","2023/03/15","","","10.1016/j.neuropharm.2023.109504"
"36682063","Educational Materials and Image Induction Increase Treatment Credibility","Low F, Earleywine M.","J Psychoactive Drugs. 2024 Jan-Mar;56(1):56-65. doi: 10.1080/02791072.2022.2154722. Epub 2023 Jan 22.","Low F","J Psychoactive Drugs","2024","2023/01/22","","","10.1080/02791072.2022.2154722"
"38662012","Past Is Prologue: Ethical Issues in Pediatric Psychedelics Research and Treatment","Edelsohn GA, Sisti D.","Perspect Biol Med. 2023;66(1):129-144. doi: 10.1353/pbm.2023.0007.","Edelsohn GA","Perspect Biol Med","2023","2024/04/25","","","10.1353/pbm.2023.0007"
"36564939","Beliefs and Perceived Barriers Regarding Psychedelic-assisted Therapy in a Pilot Study of Service Members and Veterans With a History of Traumatic Brain Injury","Gray JC, Murphy M, Carter SE, Johnson MW, Wolfgang AS, Roy MJ, Maples-Keller JL.","Mil Med. 2023 Nov 3;188(11-12):e3356-e3362. doi: 10.1093/milmed/usac400.","Gray JC","Mil Med","2023","2022/12/24","PMC10629986","","10.1093/milmed/usac400"
"36564671","Probing the antidepressant potential of psilocybin: integrating insight from human research and animal models towards an understanding of neural circuit mechanisms","Meccia J, Lopez J, Bagot RC.","Psychopharmacology (Berl). 2023 Jan;240(1):27-40. doi: 10.1007/s00213-022-06297-0. Epub 2022 Dec 24.","Meccia J","Psychopharmacology (Berl)","2023","2022/12/23","","","10.1007/s00213-022-06297-0"
"36017784","Adverse events in clinical treatments with serotonergic psychedelics and MDMA: A mixed-methods systematic review","Breeksema JJ, Kuin BW, Kamphuis J, van den Brink W, Vermetten E, Schoevers RA.","J Psychopharmacol. 2022 Oct;36(10):1100-1117. doi: 10.1177/02698811221116926. Epub 2022 Aug 26.","Breeksema JJ","J Psychopharmacol","2022","2022/08/26","PMC9548934","","10.1177/02698811221116926"
"35963476","Differences across sexes on head-twitch behavior and 5-HT(2A) receptor signaling in C57BL/6J mice","Jaster AM, Younkin J, Cuddy T, de la Fuente Revenga M, Poklis JL, Dozmorov MG, González-Maeso J.","Neurosci Lett. 2022 Sep 25;788:136836. doi: 10.1016/j.neulet.2022.136836. Epub 2022 Aug 10.","Jaster AM","Neurosci Lett","2022","2022/08/13","PMC10114867","NIHMS1879251","10.1016/j.neulet.2022.136836"
"35939083","The Watts Connectedness Scale: a new scale for measuring a sense of connectedness to self, others, and world","Watts R, Kettner H, Geerts D, Gandy S, Kartner L, Mertens L, Timmermann C, Nour MM, Kaelen M, Nutt D, Carhart-Harris R, Roseman L.","Psychopharmacology (Berl). 2022 Nov;239(11):3461-3483. doi: 10.1007/s00213-022-06187-5. Epub 2022 Aug 8.","Watts R","Psychopharmacology (Berl)","2022","2022/08/08","PMC9358368","","10.1007/s00213-022-06187-5"
"35934973","Where do we go next in antidepressant drug discovery? A new generation of antidepressants: a pivotal role of AMPA receptor potentiation and mGlu2/3 receptor antagonism","Pilc A, Machaczka A, Kawalec P, Smith JL, Witkin JM.","Expert Opin Drug Discov. 2022 Oct;17(10):1131-1146. doi: 10.1080/17460441.2022.2111415. Epub 2022 Aug 22.","Pilc A","Expert Opin Drug Discov","2022","2022/08/08","","","10.1080/17460441.2022.2111415"
"35724682","[Attitudes of Mental Health Experts Towards Psilocybin]","Schmidt C, Wolff M, Gründer G, Jungaberle H.","Fortschr Neurol Psychiatr. 2023 Mar;91(3):80-87. doi: 10.1055/a-1846-1161. Epub 2022 Jun 20.","Schmidt C","Fortschr Neurol Psychiatr","2023","2022/06/20","","","10.1055/a-1846-1161"
"35638179","Postpartum depression: A role for psychedelics?","Jairaj C, Rucker JJ.","J Psychopharmacol. 2022 Aug;36(8):920-931. doi: 10.1177/02698811221093793. Epub 2022 May 30.","Jairaj C","J Psychopharmacol","2022","2022/05/31","PMC9354062","","10.1177/02698811221093793"
"35388724","Adverse experiences resulting in emergency medical treatment seeking following the use of magic mushrooms","Kopra EI, Ferris JA, Winstock AR, Young AH, Rucker JJ.","J Psychopharmacol. 2022 Aug;36(8):965-973. doi: 10.1177/02698811221084063. Epub 2022 Apr 7.","Kopra EI","J Psychopharmacol","2022","2022/04/07","PMC9353971","","10.1177/02698811221084063"
"35217796","Direct comparison of the acute effects of lysergic acid diethylamide and psilocybin in a double-blind placebo-controlled study in healthy subjects","Holze F, Ley L, Müller F, Becker AM, Straumann I, Vizeli P, Kuehne SS, Roder MA, Duthaler U, Kolaczynska KE, Varghese N, Eckert A, Liechti ME.","Neuropsychopharmacology. 2022 May;47(6):1180-1187. doi: 10.1038/s41386-022-01297-2. Epub 2022 Feb 25.","Holze F","Neuropsychopharmacology","2022","2022/02/26","PMC9018810","","10.1038/s41386-022-01297-2"
"34979875","Exploring the Credibility of Psilocybin-assisted Therapy and Cognitive-behavioral Therapy for Depression","Altman BR, Earleywine M, De Leo J.","J Psychoactive Drugs. 2022 Nov-Dec;54(5):462-470. doi: 10.1080/02791072.2021.2020382. Epub 2022 Jan 3.","Altman BR","J Psychoactive Drugs","2022","2022/01/04","","","10.1080/02791072.2021.2020382"
"34766186","[Rapid-acting antidepressants-neurobiological mechanisms of action]","Gass P, Vasilescu AN, Inta D.","Nervenarzt. 2022 Mar;93(3):223-233. doi: 10.1007/s00115-021-01225-7. Epub 2021 Nov 11.","Gass P","Nervenarzt","2022","2021/11/12","","","10.1007/s00115-021-01225-7"
"34519052","From psychiatry to neurology: Psychedelics as prospective therapeutics for neurodegenerative disorders","Kozlowska U, Nichols C, Wiatr K, Figiel M.","J Neurochem. 2022 Jul;162(1):89-108. doi: 10.1111/jnc.15509. Epub 2021 Oct 22.","Kozlowska U","J Neurochem","2022","2021/09/14","","","10.1111/jnc.15509"
"38692675","Psilocybin for depression","De Giorgi R, Ede R.","BMJ. 2024 May 1;385:q798. doi: 10.1136/bmj.q798.","De Giorgi R","BMJ","2024","2024/05/01","","","10.1136/bmj.q798"
"38598225","Treating Bipolar Depression Using Psilocybin-Validity Threats Regarding Efficacy and Safety-Reply","Aaronson ST, van der Vaart A, Sackeim HA.","JAMA Psychiatry. 2024 Jun 1;81(6):634. doi: 10.1001/jamapsychiatry.2024.0423.","Aaronson ST","JAMA Psychiatry","2024","2024/04/10","","","10.1001/jamapsychiatry.2024.0423"
"38161302","Psychological Support for Psilocybin Treatment: Reply to Letters on Our Commentary","Goodwin GM, Malievskaia E, Fonzo GA, Nemeroff CB.","Am J Psychiatry. 2024 Jan 1;181(1):79-81. doi: 10.1176/appi.ajp.20230905.","Goodwin GM","Am J Psychiatry","2024","2024/01/01","","","10.1176/appi.ajp.20230905"
"38161296","Is Poorly Assisted Psilocybin Treatment an Increasing Risk?","Schenberg EE, King F 4th, da Fonseca JE, Roseman L.","Am J Psychiatry. 2024 Jan 1;181(1):75-76. doi: 10.1176/appi.ajp.20230664.","Schenberg EE","Am J Psychiatry","2024","2024/01/01","","","10.1176/appi.ajp.20230664"
"36652915","Is psilocybin an effective antidepressant and what is its Mechanism of action?","Mann JJ.","Cell Rep Med. 2023 Jan 17;4(1):100906. doi: 10.1016/j.xcrm.2022.100906.","Mann JJ","Cell Rep Med","2023","2023/01/18","PMC9873942","","10.1016/j.xcrm.2022.100906"
"35387542","Can the revival of serotonergic psychedelic drugs as treatments for mental disorders help to characterize their risks and benefits?","Husain MI, Umer M, Mulsant BH.","Expert Opin Drug Saf. 2022 Jun;21(6):721-724. doi: 10.1080/14740338.2022.2063274. Epub 2022 Apr 11.","Husain MI","Expert Opin Drug Saf","2022","2022/04/07","","","10.1080/14740338.2022.2063274"
"37414491","Next generation antidepressants with novel mechanisms for treatment resistant depression","Chen MH, Tu PC, Su TP.","Prog Brain Res. 2023;278:149-168. doi: 10.1016/bs.pbr.2023.02.005. Epub 2023 Mar 10.","Chen MH","Prog Brain Res","2023","2023/07/06","","","10.1016/bs.pbr.2023.02.005"
"37253556","Ethical considerations for psychedelic-assisted therapy in military clinical settings","Hoener S, Wolfgang A, Nissan D, Howe E.","J Med Ethics. 2024 Mar 20;50(4):258-262. doi: 10.1136/jme-2023-108943.","Hoener S","J Med Ethics","2024","2023/05/30","","","10.1136/jme-2023-108943"
"37000971","Psilocybin facilitates fear extinction in mice by promoting hippocampal neuroplasticity","Du Y, Li Y, Zhao X, Yao Y, Wang B, Zhang L, Wang G.","Chin Med J (Engl). 2023 Dec 20;136(24):2983-2992. doi: 10.1097/CM9.0000000000002647. Epub 2023 Mar 30.","Du Y","Chin Med J (Engl)","2023","2023/03/31","PMC10752473","","10.1097/CM9.0000000000002647"
"36781142","Unblinding and demand characteristics in the treatment of depression","Goodwin GM, Croal M, Marwood L, Malievskaia E.","J Affect Disord. 2023 May 1;328:1-5. doi: 10.1016/j.jad.2023.02.030. Epub 2023 Feb 11.","Goodwin GM","J Affect Disord","2023","2023/02/13","","","10.1016/j.jad.2023.02.030"
"36674849","The Bright Side of Psychedelics: Latest Advances and Challenges in Neuropharmacology","Mastinu A, Anyanwu M, Carone M, Abate G, Bonini SA, Peron G, Tirelli E, Pucci M, Ribaudo G, Oselladore E, Premoli M, Gianoncelli A, Uberti DL, Memo M.","Int J Mol Sci. 2023 Jan 10;24(2):1329. doi: 10.3390/ijms24021329.","Mastinu A","Int J Mol Sci","2023","2023/01/21","PMC9865175","","10.3390/ijms24021329"
"36327140","Characterization of the Gateway Decarboxylase for Psilocybin Biosynthesis","Schäfer T, Kramer K, Werten S, Rupp B, Hoffmeister D.","Chembiochem. 2022 Dec 16;23(24):e202200551. doi: 10.1002/cbic.202200551. Epub 2022 Nov 22.","Schäfer T","Chembiochem","2022","2022/11/03","","","10.1002/cbic.202200551"
"36180111","Animal Behavior in Psychedelic Research","Odland AU, Kristensen JL, Andreasen JT.","Pharmacol Rev. 2022 Oct;74(4):1176-1205. doi: 10.1124/pharmrev.122.000590.","Odland AU","Pharmacol Rev","2022","2022/09/30","","","10.1124/pharmrev.122.000590"
"36001741","Skepticism about Recent Evidence That Psilocybin ""Liberates"" Depressed Minds","Doss MK, Barrett FS, Corlett PR.","ACS Chem Neurosci. 2022 Sep 7;13(17):2540-2543. doi: 10.1021/acschemneuro.2c00461. Epub 2022 Aug 24.","Doss MK","ACS Chem Neurosci","2022","2022/08/24","","","10.1021/acschemneuro.2c00461"
"35953638","Psilocybin Efficacy and Mechanisms of Action in Major Depressive Disorder: a Review","Prouzeau D, Conejero I, Voyvodic PL, Becamel C, Abbar M, Lopez-Castroman J.","Curr Psychiatry Rep. 2022 Oct;24(10):573-581. doi: 10.1007/s11920-022-01361-0. Epub 2022 Aug 12.","Prouzeau D","Curr Psychiatry Rep","2022","2022/08/11","","","10.1007/s11920-022-01361-0"
"35522087","The Pharmacology and Clinical Applications of Psychedelic Medicines Within Midwifery Practice","Stein CA, Penn A, Van Hope S, Dorsen CG, Mangini M.","J Midwifery Womens Health. 2022 May;67(3):373-383. doi: 10.1111/jmwh.13371. Epub 2022 May 6.","Stein CA","J Midwifery Womens Health","2022","2022/05/06","PMC9322528","","10.1111/jmwh.13371"
"35341564","Human behavioral pharmacology of psychedelics","Strickland JC, Johnson MW.","Adv Pharmacol. 2022;93:105-132. doi: 10.1016/bs.apha.2021.10.003. Epub 2021 Nov 11.","Strickland JC","Adv Pharmacol","2022","2022/03/28","","","10.1016/bs.apha.2021.10.003"
"35294453","Phenomenological assessment of psychedelics induced experiences: Translation and validation of the German Challenging Experience Questionnaire (CEQ) and Ego-Dissolution Inventory (EDI)","Dworatzyk K, Jansen T, Schmidt TT.","PLoS One. 2022 Mar 16;17(3):e0264927. doi: 10.1371/journal.pone.0264927. eCollection 2022.","Dworatzyk K","PLoS One","2022","2022/03/16","PMC8926265","","10.1371/journal.pone.0264927"
"34816433","Psychedelic-inspired approaches for treating neurodegenerative disorders","Saeger HN, Olson DE.","J Neurochem. 2022 Jul;162(1):109-127. doi: 10.1111/jnc.15544. Epub 2021 Dec 5.","Saeger HN","J Neurochem","2022","2021/11/24","PMC9126991","NIHMS1759083","10.1111/jnc.15544"
"34734390","Psychedelics as Novel Therapeutics in Alzheimer's Disease: Rationale and Potential Mechanisms","Garcia-Romeu A, Darcy S, Jackson H, White T, Rosenberg P.","Curr Top Behav Neurosci. 2022;56:287-317. doi: 10.1007/7854_2021_267.","Garcia-Romeu A","Curr Top Behav Neurosci","2022","2021/11/04","","","10.1007/7854_2021_267"
"34613430","Low doses of LSD reduce broadband oscillatory power and modulate event-related potentials in healthy adults","Murray CH, Tare I, Perry CM, Malina M, Lee R, de Wit H.","Psychopharmacology (Berl). 2022 Jun;239(6):1735-1747. doi: 10.1007/s00213-021-05991-9. Epub 2021 Oct 6.","Murray CH","Psychopharmacology (Berl)","2022","2021/10/06","PMC9847217","NIHMS1858969","10.1007/s00213-021-05991-9"
"36411539","Psilocybin reduces symptoms in treatment resistant depression, trial results show","Iacobucci G.","BMJ. 2022 Nov 2;379:o2623. doi: 10.1136/bmj.o2623.","Iacobucci G","BMJ","2022","2022/11/22","","","10.1136/bmj.o2623"
"37455605","Bayesian analysis of real-world data as evidence for drug approval: Remembering Sir Michael Rawlins","Szigeti B, Phillips LD, Nutt D.","Br J Clin Pharmacol. 2023 Sep;89(9):2646-2648. doi: 10.1111/bcp.15841. Epub 2023 Jul 17.","Szigeti B","Br J Clin Pharmacol","2023","2023/07/17","","","10.1111/bcp.15841"
"40908054","Clinical psychedelic research in adolescents: a scoping review and overview of ethical considerations","Rajwani K, Jacobs E, Bruce L, Hokanson J, Almonte MT, Feroz F, Waldman E, Cheung K, Levy N, Savulescu J, Singh I, Yaden DB, Earp BD.","Lancet Child Adolesc Health. 2025 Oct;9(10):744-752. doi: 10.1016/S2352-4642(25)00208-1.","Rajwani K","Lancet Child Adolesc Health","2025","2025/09/04","","","10.1016/S2352-4642(25)00208-1"
"39499526","Enhanced visual contrast suppression during peak psilocybin effects: Psychophysical results from a pilot randomized controlled trial","Swanson LR, Jungers S, Varghese R, Cullen KR, Evans MD, Nielson JL, Schallmo MP.","J Vis. 2024 Nov 4;24(12):5. doi: 10.1167/jov.24.12.5.","Swanson LR","J Vis","2024","2024/11/05","PMC11540033","","10.1167/jov.24.12.5"
"39449146","Substrate recognition by the 4-hydroxytryptamine kinase PsiK in psilocybin biosynthesis","Rogge K, Wagner TJ, Hoffmeister D, Rupp B, Werten S.","FEBS Lett. 2025 Feb;599(3):447-455. doi: 10.1002/1873-3468.15042. Epub 2024 Oct 24.","Rogge K","FEBS Lett","2025","2024/10/25","PMC11808438","","10.1002/1873-3468.15042"
"39446753","Critical appraisal of evidence supporting prescription of psychedelics from clinic websites in Ontario, Canada","Kim K, Yusuf A, Sud A, Persaud N, Kirubarajan A, Moller M, Lloyd T, O'Neill B.","PLoS One. 2024 Oct 24;19(10):e0309911. doi: 10.1371/journal.pone.0309911. eCollection 2024.","Kim K","PLoS One","2024","2024/10/24","PMC11500855","","10.1371/journal.pone.0309911"
"39427449","The impact of antidepressant discontinuation prior to treatment with psilocybin for treatment-resistant depression","Marwood L, Croal M, Mistry S, Simmons H, Tsai J, Young MB, Goodwin GM.","J Psychiatr Res. 2024 Dec;180:198-203. doi: 10.1016/j.jpsychires.2024.10.009. Epub 2024 Oct 11.","Marwood L","J Psychiatr Res","2024","2024/10/20","","","10.1016/j.jpsychires.2024.10.009"
"39412581","Psilocybin and the glutamatergic pathway: implications for the treatment of neuropsychiatric diseases","Szpręgiel I, Bysiek A.","Pharmacol Rep. 2024 Dec;76(6):1297-1304. doi: 10.1007/s43440-024-00660-y. Epub 2024 Oct 16.","Szpręgiel I","Pharmacol Rep","2024","2024/10/16","PMC11582295","","10.1007/s43440-024-00660-y"
"39298596","Psychedelic research at a crossroads","Armstrong SB, Davis AK.","Science. 2024 Sep 20;385(6715):1255. doi: 10.1126/science.adt1024. Epub 2024 Sep 19.","Armstrong SB","Science","2024","2024/09/19","","","10.1126/science.adt1024"
"39196383","[Psychedelic and dissociative agents in psychiatry: challenges in the treatment]","Jungwirth J, Bavato F, Quednow BB.","Nervenarzt. 2024 Sep;95(9):803-810. doi: 10.1007/s00115-024-01727-0. Epub 2024 Aug 28.","Jungwirth J","Nervenarzt","2024","2024/08/28","PMC11374839","","10.1007/s00115-024-01727-0"
"39094057","Therapeutic Potential of Psychedelic Drugs: Navigating High Hopes, Strong Claims, Weak Evidence, and Big Money","Humphreys K, Todd Korthuis P, Stjepanović D, Hall W.","Annu Rev Psychol. 2025 Jan;76(1):143-165. doi: 10.1146/annurev-psych-020124-023532. Epub 2024 Dec 3.","Humphreys K","Annu Rev Psychol","2025","2024/08/02","PMC11890197","NIHMS2055935","10.1146/annurev-psych-020124-023532"
"39024488","[Psilocybin fungi microdose treatment in major depressive disorder: a case report]","Zarankin M, Pellegrini MS, Zenteno F.","Vertex. 2024 Jul 10;35(164, abr.-jun.):33-39. doi: 10.53680/vertex.v35i164.544.","Zarankin M","Vertex","2024","2024/07/18","","","10.53680/vertex.v35i164.544"
"38907608","Attitudes toward psychedelics and psychedelic-assisted therapy among potential mental health service users and the general population in Australia","Nadeem Z, Parker S, McGovern H, Oestreich LK.","Aust N Z J Psychiatry. 2024 Oct;58(10):904-913. doi: 10.1177/00048674241261779. Epub 2024 Jun 22.","Nadeem Z","Aust N Z J Psychiatry","2024","2024/06/22","PMC11420588","","10.1177/00048674241261779"
"38903003","Hypertensive Emergency Secondary to Combining Psilocybin Mushrooms, Extended Release Dextroamphetamine-Amphetamine, and Tranylcypromine","Barnett BS, Koons CJ, Van den Eynde V, Gillman PK, Bodkin JA.","J Psychoactive Drugs. 2025 Jul-Aug;57(3):297-303. doi: 10.1080/02791072.2024.2368617. Epub 2024 Jun 21.","Barnett BS","J Psychoactive Drugs","2025","2024/06/21","","","10.1080/02791072.2024.2368617"
"38880945","The cyclical revival of psychedelics in psychiatric treatment","Appiani FJ, Caroff SN.","Curr Med Res Opin. 2024 Aug;40(8):1389-1396. doi: 10.1080/03007995.2024.2368725. Epub 2024 Jun 20.","Appiani FJ","Curr Med Res Opin","2024","2024/06/16","","","10.1080/03007995.2024.2368725"
"38734406","Clinical Research Trials of Psychedelic-Assisted Therapy in Adolescents Aged 16 to 17 Years: Rationale Balanced With Caution","Jeffrey JK, Weintraub MJ, Grob CS.","J Am Acad Child Adolesc Psychiatry. 2024 Dec;63(12):1196-1198. doi: 10.1016/j.jaac.2024.03.021. Epub 2024 May 9.","Jeffrey JK","J Am Acad Child Adolesc Psychiatry","2024","2024/05/11","","","10.1016/j.jaac.2024.03.021"
"38670693","The Intersection of Mental Health and Sexual and Gender Minority Identities for Older Adults Living with Human Immunodeficiency Virus: A Narrative Review","Agor D, Knettel BA, Daici K, Meanley S.","Nurs Clin North Am. 2024 Jun;59(2):253-271. doi: 10.1016/j.cnur.2024.01.005. Epub 2024 Feb 19.","Agor D","Nurs Clin North Am","2024","2024/04/26","","","10.1016/j.cnur.2024.01.005"
"38579460","Safety and risk assessment of psychedelic psychotherapy: A meta-analysis and systematic review","Romeo B, Kervadec E, Fauvel B, Strika-Bruneau L, Amirouche A, Verroust V, Piolino P, Benyamina A.","Psychiatry Res. 2024 May;335:115880. doi: 10.1016/j.psychres.2024.115880. Epub 2024 Mar 31.","Romeo B","Psychiatry Res","2024","2024/04/05","","","10.1016/j.psychres.2024.115880"
"38548735","Methyl transfer in psilocybin biosynthesis","Hudspeth J, Rogge K, Dörner S, Müll M, Hoffmeister D, Rupp B, Werten S.","Nat Commun. 2024 Mar 28;15(1):2709. doi: 10.1038/s41467-024-46997-z.","Hudspeth J","Nat Commun","2024","2024/03/29","PMC10978996","","10.1038/s41467-024-46997-z"
"38483940","The therapeutic alliance between study participants and intervention facilitators is associated with acute effects and clinical outcomes in a psilocybin-assisted therapy trial for major depressive disorder","Levin AW, Lancelotta R, Sepeda ND, Gukasyan N, Nayak S, Wagener TL, Barrett FS, Griffiths RR, Davis AK.","PLoS One. 2024 Mar 14;19(3):e0300501. doi: 10.1371/journal.pone.0300501. eCollection 2024.","Levin AW","PLoS One","2024","2024/03/14","PMC10939230","","10.1371/journal.pone.0300501"
"37882914","Preclinical models of treatment-resistant depression: challenges and perspectives","Kolasa M, Faron-Górecka A.","Pharmacol Rep. 2023 Dec;75(6):1326-1340. doi: 10.1007/s43440-023-00542-9. Epub 2023 Oct 26.","Kolasa M","Pharmacol Rep","2023","2023/10/26","PMC10661811","","10.1007/s43440-023-00542-9"
"37783788","Repeated low doses of psilocybin increase resilience to stress, lower compulsive actions, and strengthen cortical connections to the paraventricular thalamic nucleus in rats","Kiilerich KF, Lorenz J, Scharff MB, Speth N, Brandt TG, Czurylo J, Xiong M, Jessen NS, Casado-Sainz A, Shalgunov V, Kjaerby C, Satała G, Bojarski AJ, Jensen AA, Herth MM, Cumming P, Overgaard A, Palner M.","Mol Psychiatry. 2023 Sep;28(9):3829-3841. doi: 10.1038/s41380-023-02280-z. Epub 2023 Oct 2.","Kiilerich KF","Mol Psychiatry","2023","2023/10/02","","","10.1038/s41380-023-02280-z"
"37689275","Psilocybin induces acute and persisting alterations in immune status in healthy volunteers: An experimental, placebo-controlled study","Mason NL, Szabo A, Kuypers KPC, Mallaroni PA, de la Torre Fornell R, Reckweg JT, Tse DHY, Hutten NRPW, Feilding A, Ramaekers JG.","Brain Behav Immun. 2023 Nov;114:299-310. doi: 10.1016/j.bbi.2023.09.004. Epub 2023 Sep 7.","Mason NL","Brain Behav Immun","2023","2023/09/09","","","10.1016/j.bbi.2023.09.004"
"37615379","Beyond Psilocybin: Reviewing the Therapeutic Potential of Other Serotonergic Psychedelics in Mental and Substance Use Disorders","Wong S, Yu AY, Fabiano N, Finkelstein O, Pasricha A, Jones BDM, Rosenblat JD, Blumberger DM, Mulsant BH, Husain MI.","J Psychoactive Drugs. 2024 Sep-Oct;56(4):513-529. doi: 10.1080/02791072.2023.2251133. Epub 2023 Aug 24.","Wong S","J Psychoactive Drugs","2024","2023/08/24","","","10.1080/02791072.2023.2251133"
"37414490","Functional MRI markers for treatment-resistant depression: Insights and challenges","Kotoula V, Evans JW, Punturieri C, Johnson SC, Zarate CA Jr.","Prog Brain Res. 2023;278:117-148. doi: 10.1016/bs.pbr.2023.04.001. Epub 2023 Jun 5.","Kotoula V","Prog Brain Res","2023","2023/07/06","PMC10501192","NIHMS1929967","10.1016/bs.pbr.2023.04.001"
"37379962","Molecular mechanisms of rapid-acting antidepressants: New perspectives for developing antidepressants","Chen T, Cheng L, Ma J, Yuan J, Pi C, Xiong L, Chen J, Liu H, Tang J, Zhong Y, Zhang X, Liu Z, Zuo Y, Shen H, Wei Y, Zhao L.","Pharmacol Res. 2023 Aug;194:106837. doi: 10.1016/j.phrs.2023.106837. Epub 2023 Jun 26.","Chen T","Pharmacol Res","2023","2023/06/28","","","10.1016/j.phrs.2023.106837"
"37302533","HOPE: A Pilot Study of Psilocybin Enhanced Group Psychotherapy in Patients With Cancer","Lewis BR, Garland EL, Byrne K, Durns T, Hendrick J, Beck A, Thielking P.","J Pain Symptom Manage. 2023 Sep;66(3):258-269. doi: 10.1016/j.jpainsymman.2023.06.006. Epub 2023 Jun 10.","Lewis BR","J Pain Symptom Manage","2023","2023/06/11","","","10.1016/j.jpainsymman.2023.06.006"
"37003433","The need for establishing best practices and gold standards in psychedelic medicine","Feduccia A, Agin-Liebes G, Price CM, Grinsell N, Paradise S, Rabin DM.","J Affect Disord. 2023 Jul 1;332:47-54. doi: 10.1016/j.jad.2023.03.083. Epub 2023 Mar 30.","Feduccia A","J Affect Disord","2023","2023/04/01","","","10.1016/j.jad.2023.03.083"
"36630260","5-HT2ARs Mediate Therapeutic Behavioral Effects of Psychedelic Tryptamines","Cameron LP, Patel SD, Vargas MV, Barragan EV, Saeger HN, Warren HT, Chow WL, Gray JA, Olson DE.","ACS Chem Neurosci. 2023 Feb 1;14(3):351-358. doi: 10.1021/acschemneuro.2c00718. Epub 2023 Jan 11.","Cameron LP","ACS Chem Neurosci","2023","2023/01/11","PMC9939288","NIHMS1873408","10.1021/acschemneuro.2c00718"
"36587787","Genome sequencing progenies of magic mushrooms (Psilocybe subaeruginosa) identifies tetrapolar mating and gene duplications in the psilocybin pathway","McTaggart AR, James TY, Slot JC, Barlow C, Fechner N, Shuey LS, Drenth A.","Fungal Genet Biol. 2023 Mar;165:103769. doi: 10.1016/j.fgb.2022.103769. Epub 2022 Dec 29.","McTaggart AR","Fungal Genet Biol","2023","2023/01/01","","","10.1016/j.fgb.2022.103769"
"36445079","DNA Authentication and Chemical Analysis of Psilocybe Mushrooms Reveal Widespread Misdeterminations in Fungaria and Inconsistencies in Metabolites","Bradshaw AJ, Backman TA, Ramírez-Cruz V, Forrister DL, Winter JM, Guzmán-Dávalos L, Furci G, Stamets P, Dentinger BTM.","Appl Environ Microbiol. 2022 Dec 20;88(24):e0149822. doi: 10.1128/aem.01498-22. Epub 2022 Nov 29.","Bradshaw AJ","Appl Environ Microbiol","2022","2022/11/29","PMC9764976","","10.1128/aem.01498-22"
"35882885","Psilocybin reduces low frequency oscillatory power and neuronal phase-locking in the anterior cingulate cortex of awake rodents","Golden CT, Chadderton P.","Sci Rep. 2022 Jul 26;12(1):12702. doi: 10.1038/s41598-022-16325-w.","Golden CT","Sci Rep","2022","2022/07/26","PMC9325720","","10.1038/s41598-022-16325-w"
"35679988","Don't be afraid, try to meditate- potential effects on neural activity and connectivity of psilocybin-assisted mindfulness-based intervention for social anxiety disorder: A systematic review","Felsch CL, Kuypers KPC.","Neurosci Biobehav Rev. 2022 Aug;139:104724. doi: 10.1016/j.neubiorev.2022.104724. Epub 2022 Jun 6.","Felsch CL","Neurosci Biobehav Rev","2022","2022/06/09","","","10.1016/j.neubiorev.2022.104724"
"35638159","Neural mechanisms underlying psilocybin's therapeutic potential - the need for preclinical in vivo electrophysiology","Smausz R, Neill J, Gigg J.","J Psychopharmacol. 2022 Jul;36(7):781-793. doi: 10.1177/02698811221092508. Epub 2022 May 30.","Smausz R","J Psychopharmacol","2022","2022/05/31","PMC9247433","","10.1177/02698811221092508"
"35045580","Novel Antidepressants in the Pipeline (Phase II and III): A Systematic Review of the US Clinical Trials Registry","Sakurai H, Yonezawa K, Tani H, Mimura M, Bauer M, Uchida H.","Pharmacopsychiatry. 2022 Jul;55(4):193-202. doi: 10.1055/a-1714-9097. Epub 2022 Jan 19.","Sakurai H","Pharmacopsychiatry","2022","2022/01/19","PMC9259184","","10.1055/a-1714-9097"
"35022823","Assessing the risk-benefit profile of classical psychedelics: a clinical review of second-wave psychedelic research","Bender D, Hellerstein DJ.","Psychopharmacology (Berl). 2022 Jun;239(6):1907-1932. doi: 10.1007/s00213-021-06049-6. Epub 2022 Jan 13.","Bender D","Psychopharmacology (Berl)","2022","2022/01/13","","","10.1007/s00213-021-06049-6"
"34983261","Lifetime use of MDMA/ecstasy and psilocybin is associated with reduced odds of major depressive episodes","Jones GM, Nock MK.","J Psychopharmacol. 2022 Jan;36(1):57-65. doi: 10.1177/02698811211066714. Epub 2022 Jan 5.","Jones GM","J Psychopharmacol","2022","2022/01/05","","","10.1177/02698811211066714"
"34958455","The Potential of Psychedelics for End of Life and Palliative Care","Yaden DB, Nayak SM, Gukasyan N, Anderson BT, Griffiths RR.","Curr Top Behav Neurosci. 2022;56:169-184. doi: 10.1007/7854_2021_278.","Yaden DB","Curr Top Behav Neurosci","2022","2021/12/27","","","10.1007/7854_2021_278"
"34797943","Molecular insights into psychedelic drug action","Slocum ST, DiBerto JF, Roth BL.","J Neurochem. 2022 Jul;162(1):24-38. doi: 10.1111/jnc.15540. Epub 2021 Dec 1.","Slocum ST","J Neurochem","2022","2021/11/19","","","10.1111/jnc.15540"
"34791625","Molecular Mechanisms of Psilocybin and Implications for the Treatment of Depression","Ling S, Ceban F, Lui LMW, Lee Y, Teopiz KM, Rodrigues NB, Lipsitz O, Gill H, Subramaniapillai M, Mansur RB, Lin K, Ho R, Rosenblat JD, Castle D, McIntyre RS.","CNS Drugs. 2022 Jan;36(1):17-30. doi: 10.1007/s40263-021-00877-y. Epub 2021 Nov 17.","Ling S","CNS Drugs","2022","2021/11/18","","","10.1007/s40263-021-00877-y"
"38781672","Efficacy and safety of psilocybin on treatment-resistant depression: A systematic review and meta-analysis","Fang Q, Chan VKY, Chan SSM, Jiao Y, Wang J, Li X.","Psychiatry Res. 2024 Jul;337:115960. doi: 10.1016/j.psychres.2024.115960. Epub 2024 May 22.","Fang Q","Psychiatry Res","2024","2024/05/23","","","10.1016/j.psychres.2024.115960"
"38133585","Drugs for depression","","Med Lett Drugs Ther. 2023 Dec 11;65(1691):193-200. doi: 10.58347/tml.2023.1691a.","","Med Lett Drugs Ther","2023","2023/12/22","","","10.58347/tml.2023.1691a"
"42517990","Candidate Biomarkers of Bipolar Disorder Progression: Implications for Ketamine and Psychedelic Interventions","Wilkowska A, Nizgorska-Ohler J, Cubała WJ.","Mol Neurobiol. 2026 Jul 28;63(1):794. doi: 10.1007/s12035-026-06086-2.","Wilkowska A","Mol Neurobiol","2026","2026/07/28","","","10.1007/s12035-026-06086-2"
"39141970","Letter to editor regarding ""Psilocybin-assisted therapy for depression: A systematic review and meta-analysis""","Yang X, Kuang W.","Psychiatry Res. 2024 Oct;340:116136. doi: 10.1016/j.psychres.2024.116136. Epub 2024 Aug 8.","Yang X","Psychiatry Res","2024","2024/08/14","","","10.1016/j.psychres.2024.116136"
"39080236","Pharmacological Properties of Psychedelics with a Special Focus on Potential Harms","Holze F, Liechti ME, Müller F.","Curr Top Behav Neurosci. 2026;77:25-42. doi: 10.1007/7854_2024_510.","Holze F","Curr Top Behav Neurosci","2026","2024/07/30","","","10.1007/7854_2024_510"
"38993656","The Black Book of Psychotropic Dosing and Monitoring","DeBattista C, Schatzberg AF.","Psychopharmacol Bull. 2024 Jul 8;54(3):8-59. doi: 10.64719/pb.4493.","DeBattista C","Psychopharmacol Bull","2024","2024/07/12","PMC11235576","","10.64719/pb.4493"
"38876450","Effects of psilocin and psilocybin on human 5-HT(4) serotonin receptors in atrial preparations of transgenic mice and humans","Neumann J, Dimov K, Azatsian K, Hofmann B, Gergs U.","Toxicol Lett. 2024 Jul;398:55-64. doi: 10.1016/j.toxlet.2024.06.006. Epub 2024 Jun 12.","Neumann J","Toxicol Lett","2024","2024/06/14","","","10.1016/j.toxlet.2024.06.006"
"38846751","Effect of oral tryptamines on the gut microbiome of rats-a preliminary study","Xu M, Kiss AJ, Jones JA, McMurray MS, Shi H.","PeerJ. 2024 Jun 3;12:e17517. doi: 10.7717/peerj.17517. eCollection 2024.","Xu M","PeerJ","2024","2024/06/07","PMC11155674","","10.7717/peerj.17517"
"38247730","Assessing expectancy and suggestibility in a trial of escitalopram v. psilocybin for depression","Szigeti B, Weiss B, Rosas FE, Erritzoe D, Nutt D, Carhart-Harris R.","Psychol Med. 2024 Jun;54(8):1717-1724. doi: 10.1017/S0033291723003653. Epub 2024 Jan 22.","Szigeti B","Psychol Med","2024","2024/01/22","","","10.1017/S0033291723003653"
"38200491","Aesthetic chills mitigate maladaptive cognition in depression","Schoeller F, Jain A, Adrien V, Maes P, Reggente N.","BMC Psychiatry. 2024 Jan 10;24(1):40. doi: 10.1186/s12888-023-05476-3.","Schoeller F","BMC Psychiatry","2024","2024/01/10","PMC10782525","","10.1186/s12888-023-05476-3"
"38113836","Intravenous psilocybin attenuates mechanical hypersensitivity in a rat model of chronic pain","Kolbman N, Liu T, Guzzo P, Gilligan J, Mashour GA, Vanini G, Pal D.","Curr Biol. 2023 Dec 18;33(24):R1282-R1283. doi: 10.1016/j.cub.2023.10.016.","Kolbman N","Curr Biol","2023","2023/12/19","","","10.1016/j.cub.2023.10.016"
"37934320","The possible place for psychedelics in pharmacotherapy of mental disorders","Wojtas A.","Pharmacol Rep. 2023 Dec;75(6):1313-1325. doi: 10.1007/s43440-023-00550-9. Epub 2023 Nov 7.","Wojtas A","Pharmacol Rep","2023","2023/11/07","PMC10661751","","10.1007/s43440-023-00550-9"
"37902038","The Tolerability and Safety of Psilocybin in Psychiatric and Substance-Dependence Conditions: A Systematic Review","Kaminski D, Reinert JP.","Ann Pharmacother. 2024 Aug;58(8):811-826. doi: 10.1177/10600280231205645. Epub 2023 Oct 30.","Kaminski D","Ann Pharmacother","2024","2023/10/30","","","10.1177/10600280231205645"
"37855864","Effects of psilocybin, the 5-HT(2A) receptor agonist TCB-2, and the 5-HT(2A) receptor antagonist M100907 on visual attention in male mice in the continuous performance test","Rahbarnia A, Li Z, Fletcher PJ.","Psychopharmacology (Berl). 2025 Jul;242(7):1563-1575. doi: 10.1007/s00213-023-06474-9. Epub 2023 Oct 19.","Rahbarnia A","Psychopharmacology (Berl)","2025","2023/10/19","","","10.1007/s00213-023-06474-9"
"37682446","Psychedelic-Assisted Therapy in Military and Veterans Healthcare Systems: Clinical, Legal, and Implementation Considerations","Wolfgang AS, Hoge CW.","Curr Psychiatry Rep. 2023 Oct;25(10):513-532. doi: 10.1007/s11920-023-01446-4. Epub 2023 Sep 8.","Wolfgang AS","Curr Psychiatry Rep","2023","2023/09/08","","","10.1007/s11920-023-01446-4"
"37606733","Psilocybin therapy for treatment resistant depression: prediction of clinical outcome by natural language processing","Dougherty RF, Clarke P, Atli M, Kuc J, Schlosser D, Dunlop BW, Hellerstein DJ, Aaronson ST, Zisook S, Young AH, Carhart-Harris R, Goodwin GM, Ryslik GA.","Psychopharmacology (Berl). 2025 Jul;242(7):1553-1561. doi: 10.1007/s00213-023-06432-5. Epub 2023 Aug 22.","Dougherty RF","Psychopharmacology (Berl)","2025","2023/08/22","PMC12226623","","10.1007/s00213-023-06432-5"
"37443386","Psilocybin for treatment resistant depression in patients taking a concomitant SSRI medication","Goodwin GM, Croal M, Feifel D, Kelly JR, Marwood L, Mistry S, O'Keane V, Peck SK, Simmons H, Sisa C, Stansfield SC, Tsai J, Williams S, Malievskaia E.","Neuropsychopharmacology. 2023 Sep;48(10):1492-1499. doi: 10.1038/s41386-023-01648-7. Epub 2023 Jul 13.","Goodwin GM","Neuropsychopharmacology","2023","2023/07/14","PMC10425429","","10.1038/s41386-023-01648-7"
"37291890","Attenuation of psilocybin mushroom effects during and after SSRI/SNRI antidepressant use","Gukasyan N, Griffiths RR, Yaden DB, Antoine DG 2nd, Nayak SM.","J Psychopharmacol. 2023 Jul;37(7):707-716. doi: 10.1177/02698811231179910. Epub 2023 Jun 8.","Gukasyan N","J Psychopharmacol","2023","2023/06/09","","","10.1177/02698811231179910"
"37015315","Are psychedelic medicines the reset for chronic pain? Preliminary findings and research needs","Zia FZ, Baumann MH, Belouin SJ, Dworkin RH, Ghauri MH, Hendricks PS, Henningfield JE, Lanier RK, Ross S, Berger A.","Neuropharmacology. 2023 Aug 1;233:109528. doi: 10.1016/j.neuropharm.2023.109528. Epub 2023 Apr 2.","Zia FZ","Neuropharmacology","2023","2023/04/04","","","10.1016/j.neuropharm.2023.109528"
"37004409","Pilot study of single-dose psilocybin for serotonin reuptake inhibitor-resistant body dysmorphic disorder","Schneier FR, Feusner J, Wheaton MG, Gomez GJ, Cornejo G, Naraindas AM, Hellerstein DJ.","J Psychiatr Res. 2023 May;161:364-370. doi: 10.1016/j.jpsychires.2023.03.031. Epub 2023 Mar 28.","Schneier FR","J Psychiatr Res","2023","2023/04/02","PMC10967229","NIHMS1962758","10.1016/j.jpsychires.2023.03.031"
"36855876","Pharmacotherapies for Treatment-Resistant Depression: How Antipsychotics Fit in the Rapidly Evolving Therapeutic Landscape","Jha MK, Mathew SJ.","Am J Psychiatry. 2023 Mar 1;180(3):190-199. doi: 10.1176/appi.ajp.20230025.","Jha MK","Am J Psychiatry","2023","2023/03/01","","","10.1176/appi.ajp.20230025"
"36779424","Experiences of psilocybin treatment for clinical conditions: A qualitative meta-synthesis","Crowe M, Manuel J, Carlyle D, Lacey C.","Int J Ment Health Nurs. 2023 Aug;32(4):1025-1037. doi: 10.1111/inm.13127. Epub 2023 Feb 13.","Crowe M","Int J Ment Health Nurs","2023","2023/02/13","","","10.1111/inm.13127"
"36516137","""A sense of the bigger picture:"" A qualitative analysis of follow-up interviews with people with bipolar disorder who self-reported psilocybin use","DellaCrosse M, Pleet M, Morton E, Ashtari A, Sakai K, Woolley J, Michalak E.","PLoS One. 2022 Dec 14;17(12):e0279073. doi: 10.1371/journal.pone.0279073. eCollection 2022.","DellaCrosse M","PLoS One","2022","2022/12/14","PMC9749989","","10.1371/journal.pone.0279073"
"36513161","Psilocybin-assisted therapy improves psycho-social-spiritual well-being in cancer patients","Shnayder S, Ameli R, Sinaii N, Berger A, Agrawal M.","J Affect Disord. 2023 Feb 15;323:592-597. doi: 10.1016/j.jad.2022.11.046. Epub 2022 Dec 10.","Shnayder S","J Affect Disord","2023","2022/12/13","PMC9884542","NIHMS1859137","10.1016/j.jad.2022.11.046"
"36503940","[Treatment-resistant depression. From classification to new therapies.]","Paganin W, Signorini S, Leccese V, Sciarretta A.","Riv Psichiatr. 2022 Nov-Dec;57(6):258-272. doi: 10.1708/3922.39072.","Paganin W","Riv Psichiatr","2022","2022/12/12","","","10.1708/3922.39072"
"36499610","Psychedelic-Induced Serotonin 2A Receptor Downregulation Does Not Predict Swim Stress Coping in Mice","Pędzich BD, Medrano M, Buckinx A, Smolders I, De Bundel D.","Int J Mol Sci. 2022 Dec 4;23(23):15284. doi: 10.3390/ijms232315284.","Pędzich BD","Int J Mol Sci","2022","2022/12/11","PMC9736085","","10.3390/ijms232315284"
"36480651","Update on treatments for anxiety-related disorders","Lee HJ, Stein MB.","Curr Opin Psychiatry. 2023 Mar 1;36(2):140-145. doi: 10.1097/YCO.0000000000000841. Epub 2022 Dec 6.","Lee HJ","Curr Opin Psychiatry","2023","2022/12/08","","","10.1097/YCO.0000000000000841"
"36327017","The Missing Piece? A Case for Microglia's Prominent Role in the Therapeutic Action of Anesthetics, Ketamine, and Psychedelics","VanderZwaag J, Halvorson T, Dolhan K, Šimončičová E, Ben-Azu B, Tremblay MÈ.","Neurochem Res. 2023 Apr;48(4):1129-1166. doi: 10.1007/s11064-022-03772-0. Epub 2022 Nov 3.","VanderZwaag J","Neurochem Res","2023","2022/11/03","","","10.1007/s11064-022-03772-0"
"36314881","Race and ethnicity moderate the associations between lifetime psychedelic use (MDMA/ecstasy and psilocybin) and major depressive episodes","Jones GM.","J Psychopharmacol. 2023 Jan;37(1):61-69. doi: 10.1177/02698811221127304. Epub 2022 Oct 31.","Jones GM","J Psychopharmacol","2023","2022/10/31","","","10.1177/02698811221127304"
"36193898","A Critical Appraisal of Evidence on the Efficacy and Safety of Serotonergic Psychedelic Drugs as Emerging Antidepressants: Mind the Evidence Gap","Ledwos N, Rosenblat JD, Blumberger DM, Castle DJ, McIntyre RS, Mulsant BH, Husain MI.","J Clin Psychopharmacol. 2022 Nov-Dec 01;42(6):581-588. doi: 10.1097/JCP.0000000000001608. Epub 2022 Oct 3.","Ledwos N","J Clin Psychopharmacol","2022","2022/10/04","","","10.1097/JCP.0000000000001608"
"36129571","The Emerging Field of Psychedelic Psychotherapy","Barber GS, Aaronson ST.","Curr Psychiatry Rep. 2022 Oct;24(10):583-590. doi: 10.1007/s11920-022-01363-y. Epub 2022 Sep 21.","Barber GS","Curr Psychiatry Rep","2022","2022/09/21","PMC9553847","","10.1007/s11920-022-01363-y"
"35975761","New investigational agents for the treatment of major depressive disorder","Pochwat B, Krupa AJ, Siwek M, Szewczyk B.","Expert Opin Investig Drugs. 2022 Oct;31(10):1053-1066. doi: 10.1080/13543784.2022.2113376. Epub 2022 Aug 24.","Pochwat B","Expert Opin Investig Drugs","2022","2022/08/17","","","10.1080/13543784.2022.2113376"
"35878481","Magic Mushrooms - an exploratory look at how mental health professionals feel and think about Psilocybin","Meyer TD, Meir P, Lex C, Soares JC.","Psychiatry Res. 2022 Oct;316:114727. doi: 10.1016/j.psychres.2022.114727. Epub 2022 Jul 16.","Meyer TD","Psychiatry Res","2022","2022/07/25","","","10.1016/j.psychres.2022.114727"
"35580433","The Effects of Psilocybin in Adults with Major Depressive Disorder and the General Population: Findings from Neuroimaging Studies","Gill H, Puramat P, Patel P, Gill B, Marks CA, Rodrigues NB, Castle D, Cha DS, Mansur RB, Rosenblat JD, McIntyre RS.","Psychiatry Res. 2022 Jul;313:114577. doi: 10.1016/j.psychres.2022.114577. Epub 2022 Apr 26.","Gill H","Psychiatry Res","2022","2022/05/17","","","10.1016/j.psychres.2022.114577"
"35513876","The psychological processes of classic psychedelics in the treatment of depression: a systematic review protocol","Johansen L, Liknaitzky P, Nedeljkovic M, Mastin-Purcell L, Murray G.","Syst Rev. 2022 May 5;11(1):85. doi: 10.1186/s13643-022-01930-7.","Johansen L","Syst Rev","2022","2022/05/05","PMC9074259","","10.1186/s13643-022-01930-7"
"35483009","Assessment of Bioactivity-Modulating Pseudo-Ring Formation in Psilocin and Related Tryptamines","Lenz C, Dörner S, Trottmann F, Hertweck C, Sherwood A, Hoffmeister D.","Chembiochem. 2022 Jul 5;23(13):e202200183. doi: 10.1002/cbic.202200183. Epub 2022 May 18.","Lenz C","Chembiochem","2022","2022/04/28","PMC9401598","","10.1002/cbic.202200183"
"35426754","Safety issues of psilocybin and LSD as potential rapid acting antidepressants and potential challenges","Rossi GN, Hallak JEC, Bouso Saiz JC, Dos Santos RG.","Expert Opin Drug Saf. 2022 Jun;21(6):761-776. doi: 10.1080/14740338.2022.2066650. Epub 2022 Apr 27.","Rossi GN","Expert Opin Drug Saf","2022","2022/04/15","","","10.1080/14740338.2022.2066650"
"35348806","How to account for hallucinations in the interpretation of the antidepressant effects of psychedelics: a translational framework","van den Berg M, Magaraggia I, Schreiber R, Hillhouse TM, Porter JH.","Psychopharmacology (Berl). 2022 Jun;239(6):1853-1879. doi: 10.1007/s00213-022-06106-8. Epub 2022 Mar 29.","van den Berg M","Psychopharmacology (Berl)","2022","2022/03/29","PMC9166823","","10.1007/s00213-022-06106-8"
"35253070","Drug-drug interactions between psychiatric medications and MDMA or psilocybin: a systematic review","Sarparast A, Thomas K, Malcolm B, Stauffer CS.","Psychopharmacology (Berl). 2022 Jun;239(6):1945-1976. doi: 10.1007/s00213-022-06083-y. Epub 2022 Mar 7.","Sarparast A","Psychopharmacology (Berl)","2022","2022/03/07","PMC9177763","NIHMS1798967","10.1007/s00213-022-06083-y"
"35166158","Efficacy and safety of psilocybin-assisted treatment for major depressive disorder: Prospective 12-month follow-up","Gukasyan N, Davis AK, Barrett FS, Cosimano MP, Sepeda ND, Johnson MW, Griffiths RR.","J Psychopharmacol. 2022 Feb;36(2):151-158. doi: 10.1177/02698811211073759.","Gukasyan N","J Psychopharmacol","2022","2022/02/15","PMC8864328","","10.1177/02698811211073759"
"35103814","[Are psychedelics fast acting antidepressant agents?]","Gründer G, Brand M, Kärtner L, Scharf D, Schmitz C, Spangemacher M, Mertens LJ.","Nervenarzt. 2022 Mar;93(3):254-262. doi: 10.1007/s00115-021-01255-1. Epub 2022 Feb 1.","Gründer G","Nervenarzt","2022","2022/02/01","","","10.1007/s00115-021-01255-1"
"35090363","The effects of psilocybin on cognitive and emotional functions in healthy participants: Results from a phase 1, randomised, placebo-controlled trial involving simultaneous psilocybin administration and preparation","Rucker JJ, Marwood L, Ajantaival RJ, Bird C, Eriksson H, Harrison J, Lennard-Jones M, Mistry S, Saldarini F, Stansfield S, Tai SJ, Williams S, Weston N, Malievskaia E, Young AH.","J Psychopharmacol. 2022 Jan;36(1):114-125. doi: 10.1177/02698811211064720. Epub 2022 Jan 4.","Rucker JJ","J Psychopharmacol","2022","2022/01/29","PMC8801675","","10.1177/02698811211064720"
"35012793","A systematic literature review of clinical trials and therapeutic applications of ibogaine","Köck P, Froelich K, Walter M, Lang U, Dürsteler KM.","J Subst Abuse Treat. 2022 Jul;138:108717. doi: 10.1016/j.jsat.2021.108717. Epub 2021 Dec 30.","Köck P","J Subst Abuse Treat","2022","2022/01/11","","","10.1016/j.jsat.2021.108717"
"34855694","Psychedelic medicines for mood disorders: current evidence and clinical considerations","Sarris J, Pinzon Rubiano D, Day K, Galvão-Coelho NL, Perkins D.","Curr Opin Psychiatry. 2022 Jan 1;35(1):22-29. doi: 10.1097/YCO.0000000000000759.","Sarris J","Curr Opin Psychiatry","2022","2021/12/02","","","10.1097/YCO.0000000000000759"
"34588093","Novel antidepressant drugs: Beyond monoamine targets","Gonda X, Dome P, Neill JC, Tarazi FI.","CNS Spectr. 2023 Feb;28(1):6-15. doi: 10.1017/S1092852921000791. Epub 2021 Sep 30.","Gonda X","CNS Spectr","2023","2021/09/30","","","10.1017/S1092852921000791"
"37139585","Why didn't the TGA consult with Australian researchers and clinicians with experience in psilocybin-assisted psychotherapy for treatment-resistant major depressive disorder?","Rossell SL, Meikle SE, Williams ML, Castle DJ.","Aust N Z J Psychiatry. 2023 Jul;57(7):935-936. doi: 10.1177/00048674231172691. Epub 2023 May 3.","Rossell SL","Aust N Z J Psychiatry","2023","2023/05/04","PMC10291361","","10.1177/00048674231172691"
"36945824","Antidepressant Effects of Psilocybin in the Absence of Psychedelic Effects","Rosenblat JD, Leon-Carlyle M, Ali S, Husain MI, McIntyre RS.","Am J Psychiatry. 2023 May 1;180(5):395-396. doi: 10.1176/appi.ajp.20220835. Epub 2023 Mar 22.","Rosenblat JD","Am J Psychiatry","2023","2023/03/22","","","10.1176/appi.ajp.20220835"
"38598200","Treating Bipolar Depression Using Psilocybin-Validity Threats Regarding Efficacy and Safety","Fried EI, Cristea IA, Naudet F.","JAMA Psychiatry. 2024 Jun 1;81(6):633-634. doi: 10.1001/jamapsychiatry.2024.0420.","Fried EI","JAMA Psychiatry","2024","2024/04/10","","","10.1001/jamapsychiatry.2024.0420"
"38161299","Psilocybin Without Psychotherapy: A Cart Without a Horse?","Earleywine M, De Leo J, Bhayana D, Rajanna B, Scott K.","Am J Psychiatry. 2024 Jan 1;181(1):78-79. doi: 10.1176/appi.ajp.20230572.","Earleywine M","Am J Psychiatry","2024","2024/01/01","","","10.1176/appi.ajp.20230572"
"42580506","Psilocybin-associated microRNA changes in the pig brain: Establishing an nCounter pipeline for cross-species microRNA quantification","Kaadt E, Søkilde RF, Garling HD, Raval NR, Lundgaard L, Just J, Knudsen GM, Elfving B.","Eur J Pharmacol. 2026 Sep 10;1032:179222. doi: 10.1016/j.ejphar.2026.179222. Epub 2026 Aug 11.","Kaadt E","Eur J Pharmacol","2026","2026/08/11","","","10.1016/j.ejphar.2026.179222"
