source,title,year,doi,document_type
WOS,Psilocybin-assisted psychotherapy for Parkinson's disease without depression: A case-report,2025,10.1177/1877718x241312604,Article
WOS,Psilocybin during the postpartum period induces long-lasting adverse effects in both mothers and offspring,2025,10.1038/s41467-025-64371-5,Article
WOS,Changed Substance Use After Psychedelic Experiences Among Individuals in Canada,2024,10.1007/s11469-023-01085-z,Article
WOS,A Critical View on New and Future Antidepressants,2024,10.9758/cpn.23.1145,Review
WOS,"Effects of Naturalistic Psychedelic Use on Depression, Anxiety, and Well-Being: Associations With Patterns of Use, Reported Harms, and Transformative Mental States",2022,10.3389/fpsyt.2022.831092,Article
WOS,Pharmacological and non-pharmacological predictors of the LSD experience in healthy participants,2024,10.1038/s41398-024-03074-9,Article
WOS,Psychedelics and Hallucinogens in Psychiatry: Finding New Pharmacological Targets,2022,10.2174/1568026621666211201145800,Review
WOS,BIOACTIVE COMPOUNDS FROM PSILOCYBE CUBENSIS MYCELIAL CULTURES WITH TRANSIENT ANXIOLYTIC EFFECTS IN MICE,2026,10.26402/jpp.2026.1.07,Article
WOS,Transient Elevation of Plasma Glucocorticoids Supports Psilocybin-Induced Anxiolysis in Mice,2023,10.1021/acsptsci.3c00123,Article
WOS,Predictors of the Effectiveness of Psychedelics in Treating Depression-A Scoping Review,2026,10.3390/ijms27052202,Review
WOS,Acute administration of the NMDA receptor antagonists ketamine and MK-801 reveals dysregulation of glutamatergic signalling and sensorimotor gating in the Sapap3 knockout mouse model of compulsive-like behaviour,2023,10.1016/j.neuropharm.2023.109689,Article
WOS,History of the administration of psychedelics in France,2023,10.3389/fpsyg.2023.1131565,Article
WOS,"Changes in anxiety, quality of life, and functioning following psilocybin-assisted therapy in veterans with treatment-resistant depression",2026,10.1016/j.jad.2026.122063,Article
WOS,Balancing safety and access in Oregon's psilocybin services,2026,10.1016/j.drugpo.2026.105384,Article
WOS,Participants' Music Experiences Associated With Psychedelic-Assisted Psychotherapy for Life-Threatening Illness: Interpretivist Research,2026,10.1093/jmt/thag015,Article
WOS,Psychedelics and women's mental health: the effects of female sex hormones on psychedelics' efficacy and tolerability,2026,10.1038/s41380-026-03801-2,Review; Early Access
WOS,Where is the sweet spot for psychedelic-enhanced fear extinction? An integrative quantitative synthesis of dose-effect patterns in rodent models,2026,10.1177/02698811261464979,Review; Early Access
WOS,Current status and future prospects of research on psilocybin's regulation of neurotransmitters and their receptors related to the pathogenesis of tinnitus,2026,10.1016/j.heares.2026.109701,Review
WOS,Long- term administration of low doses of psilocybin causes epigenetic changes in the rat medial prefrontal cortex,2026,10.1007/s00213-026-07132-6,Article; Early Access
WOS,Psilocybin restores behavior and 5-HT2A signaling while reducing microglial density after chronic traumatic brain injury in rats,2026,10.1016/j.xcrm.2026.102867,Article
WOS,Learnings from a hybrid communities of practice group therapy model to support psilocybin-assisted therapy for patients with a terminal diagnosis,2026,10.3389/fpubh.2026.1767215,Article
WOS,Sex-dependent effects of psychedelics: review of evidence from rodent models,2026,10.3389/fpsyt.2026.1824073,Review
WOS,Reporting practices in psilocybin-assisted therapy trials for depression: A descriptive review and temporal overview,2026,10.1556/2054.2026.00505,Review; Early Access
WOS,"Single Ayahuasca administration attenuates alcohol relapse and associated behavioral, neurochemical, and oxidative alterations in rats",2026,10.1016/j.pnpbp.2026.111817,Article
WOS,Acceptability and safety of two sequential doses of psilocybin in bipolar II depression: protocol for an open-label single-arm feasibility study,2026,10.1136/bmjopen-2026-118471,Article
WOS,"Beyond symptom reduction: DMT improves anxiety, life satisfaction, and quality of life in healthy volunteers and patients with depression",2026,10.1177/02698811261465005,Article
WOS,Policy pathways and historical insights: Canada's evolving approach to psychedelic access for end-of-life distress,2026,10.1016/j.drugpo.2026.105414,Article
WOS,Trajectories of psychedelic-assisted change: An observational study of a psilocybin retreat program followed by psychotherapeutic interventions,2026,10.1556/2054.2026.00530,Article; Early Access
WOS,Psychedelics as a potential treatment for borderline personality disorder: A narrative review,2026,10.1016/j.psychres.2026.117152,Review
WOS,"Psychedelics and autism spectrum disorder: Mechanistic insights, translational evidence and ethical challenges",2026,10.1016/j.jpsychires.2026.06.035,Article
WOS,Past-Year Psilocybin and Alcohol Co-Use: Associations With Mental Health Symptoms,2026,10.1177/00220426261466154,Article; Early Access
WOS,Revealing shortcomings in the assessment of psilocybin effects on OCD-related symptoms in preclinical and clinical studies: A systematic review,2026,10.1016/j.jadr.2026.101098,Review
WOS,"Investigating the impact of serotonergic psychedelic drugs, MDMA and ketamine on social cognition in psychiatric disorders: A scoping review",2026,10.1007/s00213-026-07110-y,Review; Early Access
WOS,Psilocybin reduces fear memory and restores neuroplasticity in the hippocampus and medial prefrontal cortex,2026,10.1177/02698811261453819,Article; Early Access
WOS,The purpose of the psychosocial protocol in the psychedelic-assisted therapy: A scoping review,2026,10.1177/02698811261453850,Review
WOS,"Psychedelic Use, Microdosing, Motives, and Information and Product Sources Among Young Adults in the United States",2026,10.1080/02791072.2026.2685527,Article; Early Access
WOS,Ten practical suggestions for setting up a psychedelic study,2026,10.1177/02698811261458350,Article
WOS,"Short- and Long-Acting Psychedelics: Structure-Activity Relationships, Pharmacology, and Implications for Neuropsychiatric Therapeutics",2026,10.1021/acschemneuro.6c00202,Review
WOS,Bringing Psilocybin-Assisted Therapy to Palliative Oncology: Early Lessons from Real-World Implementation,2026,10.3390/healthcare14111559,Article
WOS,"Trials, trips, and tribulations: pathways for implementing psychedelic therapy in Ireland",2026,10.1093/ijnp/pyag028,Review
WOS,Effect of psilocybin-assisted psychotherapy on anxiety symptoms: A systematic review and meta-analysis,2026,10.1556/2054.2026.00507,Review; Early Access
WOS,Transient epistemic vulnerability and normative capture: toward an ethics of contextual conditions in psychedelic-assisted psychotherapy,2026,10.1080/09515089.2026.2678957,Article; Early Access
WOS,Psilocybin modulates social behaviour in male and female mice in a time-dependent manner,2026,10.1038/s41386-026-02450-x,Article
WOS,Pharmacotherapeutic Management of Depression in Patients With Cancer: A Review of Mechanistic and Clinical Evidence,2026,10.1002/cnr2.70587,Review
WOS,Implementing psilocybin-assisted therapy in palliative care settings: A survey of stakeholders,2026,10.1177/02692163261446141,Article
WOS,Short-Term and Late-Term Effects of Psilocybin on Symptoms in Major Depression A Randomized Clinical Trial,2026,10.1001/jamanetworkopen.2026.12589,Article
WOS,Depression and anxiety symptoms following psychedelic-assisted psychotherapy for treatment-resistant depression: retrospective routine data analysis with vs. without comorbid substance use disorder,2026,10.1055/a-2599-1389,Article; Early Access
WOS,Psychedelics in Psychotherapy: From Pharmacological Action to Transdiagnostic Change,2026,10.1055/a-2670-0732,Article; Early Access
WOS,Psilocybin in Older Adults: Therapeutic Opportunities in Inflammation-Driven Disorders of Aging-From Depression to Neurodegeneration,2026,10.3390/ijms27104229,Review
WOS,Exploring new avenues: Psychedelic-assisted therapy for young people,2026,10.1002/bcp.70579,Review; Early Access
WOS,Psilocybin in the Treatment of Cocaine Use Disorder A Randomized Clinical Trial,2026,10.1001/jamanetworkopen.2026.11029,Article
WOS,The working lives of neuronal 5-HT2A receptors from the outside in,2026,10.1039/d6cb00014b,Review
WOS,Anything that helps: cancer patient and carer perspectives on psychedelic-assisted therapy,2026,10.1007/s00520-026-10693-z,Article
WOS,Psychological support in psychedelic-assisted therapy clinical trials: A systematic review,2026,10.1177/02698811261424204,Article
WOS,Confronting mortality: A meta-analysis and systematic review of psychedelic experiences and death anxiety,2026,10.1177/02698811261424199,Review
WOS,Advancing cancer neuroscience through stress modulation: Interdisciplinary potential of psilocybin and ketamine,2026,10.1016/j.genhosppsych.2026.02.011,Article
WOS,Trip sitting or just sitting? Session facilitators substantially influence psychedelic experiences in clinical trials but not in healthy ones,2026,10.1016/j.psychres.2026.117010,Article
WOS,Trip killers: Addressing a critical knowledge gap in psychedelic research,2026,10.1177/02698811261431056,Review
WOS,The 3D-ASCr scale: A revalidation of the core dimensions of the Altered States of Consciousness Rating Scale 5D(11)-ASC for psychedelic research,2026,10.1177/02698811251397328,Article
WOS,Measuring and appraising placebo effects in clinical trials: contemporary challenges and approaches in psychiatry,2026,,Review
WOS,Predictors of therapeutic response to psychedelic-assisted therapy: A systematic review,2026,10.1177/02698811251389581,Review
WOS,Therapist-rated predictors of response to psychedelic-assisted therapy,2026,10.1038/s44220-026-00642-4,Article
WOS,"Acute dose-dependent effects of 4-bromo-2,5-dimethoxyphenethylamine (2C-B) compared with 3,4-methylenedioxymethamphetamine (MDMA) and psilocybin in a double-blind, placebo-controlled study in healthy participants",2026,10.1038/s41386-026-02428-9,Article; Early Access
WOS,The Harmonious Dance: A Narrative Review on Psychedelics and Music in Therapeutic Settings,2026,10.2174/011570159x442471260422110855,Review; Early Access
WOS,Integrating the Mystical Experience Questionnaire Into a Broader Psychometric Framework: English Validation of the Psychedelic Experience Scale and Comparison of Psilocybin and LSD Sessions Across Two Controlled Settings,2026,10.1002/mpr.70073,Article
WOS,Classic psychedelic and cannabis use among US cancer survivors aged ≥ 50 years: nationally representative estimates by cancer type/site,2026,10.1007/s10552-026-02172-x,Article
WOS,"Integrating consciousness, culture, and clinical practice: A comprehensive review of modern psychedelic research",2026,10.1016/j.jbct.2026.100571,Review
WOS,Psychedelic-assisted therapy for death acceptance in terminal illness: A scoping review,2026,10.1556/2054.2026.00474,Review; Early Access
WOS,A phase 1 study of a second experience with Group Retreat Psilocybin Therapy for partial responders after a first experience,2026,10.3389/fpubh.2026.1810904,Article
WOS,Efficacy of psilocybin on death anxiety in terminal patients: a narrative review,2025,10.1080/09699260.2026.2657096,Review
WOS,Sex-specific increased reactivity of the PVT and prolonged PVT→CeA circuit engagement following psilocin administration,2026,10.1038/s41467-026-71481-1,Article
WOS,Psychedelic-assisted pharmacotherapy: clinical applications and regulatory considerations,2026,10.1080/14656566.2026.2654682,Review
WOS,Evaluation of a facilitator training program in a randomized controlled trial of psilocybin treatment for depression,2026,10.1186/s12909-026-09124-8,Article
WOS,Investigating Emotional Reactivity in Experienced Users of Psychedelics: A Cross-Sectional fMRI Study,2026,10.1002/hbm.70522,Article
WOS,"A living systematic review, meta-analysis and open-data resource of randomized controlled trials of psilocybin treatment for symptoms of depression",2026,10.1038/s44220-026-00630-8,Article
WOS,PSilocybin for psYCHological and existential distress in PALliative care (PSYCHED-PAL): A single arm unblinded clinical trial,2026,10.1177/02692163261416269,Article
WOS,"Mystical dynamics: renewal, luminous light, and ego disintegration as key features associated with mystical oneness-a psychometric analysis using the PES100 in controlled psychedelic studies",2026,10.1080/2153599x.2026.2635353,Article; Early Access
WOS,"""I can objectively view my trauma without feeling like I'm there"": Reddit discussions on self-reported use of psychedelics to address co-occurring substance use and mental health needs",2026,10.1556/2054.2026.00487,Article; Early Access
WOS,Examining Normative Male Alexithymia in Men Reporting Psychedelic and Non-Psychedelic Self-Transcendent Experiences,2026,10.1177/00332941261427381,Article; Early Access
WOS,"N,N-dimethyltryptamine elicits antidepressant and anxiolytic effects in helpless mice: a comparative study with S-ketamine",2026,10.1016/j.neuropharm.2026.110947,Article
WOS,"Dose-dependent pharmacokinetics and acute effects of intravenous bolus N,N-dimethyltryptamine: double-blind, randomized versus open-label dose-escalation administration study in healthy participants",2026,10.1038/s41398-026-03987-7,Article
WOS,Psilocin fosters neuroplasticity in iPSC-derived human cortical neurons,2026,10.7554/elife.104006; 10.7554/elife.104006.3.sa1;,Article
WOS,"Psilocybin in Neuropsychiatric Disorders: Seeking Valuable Evidence in History, Pure Science, Clinical Trials and Real-World Data (RWD)",2026,10.3390/brainsci16040358,Review
WOS,Psilocybin: Chemical Foundations and Emerging Therapeutic Potential,2026,10.2174/0113895575429775260119043318,Review
WOS,Psychedelics and Mental Health in Endurance Athletes: A Cross-Sectional Study in Brazil,2026,10.1080/02791072.2026.2644865,Article; Early Access
WOS,Psychedelic Therapy vs Antidepressants for the Treatment of Depression Under Equal Unblinding Conditions,2026,10.1001/jamapsychiatry.2025.4809,Article
WOS,"Associations Between Psilocybin Use Motives and Cognitive, Affective, and Behavioural Self-Stigma",2026,10.1080/10826084.2026.2643418,Article; Early Access
WOS,Differential Effects of Acute and Chronic Fluoxetine on Psychedelic-Induced Behavior in Mice: Implications for Clinical Trials,2026,10.1021/acsptsci.5c00484,Article
WOS,"A Blueprint for Implementing Ketamine-Assisted Psychotherapy in Palliative Care: Design, Process, and Treatment Patterns of a Real-World Clinical Program",2026,10.1177/10966218251392787,Article
WOS,The Relationship Between Participant Pretreatment Clinical Presentation and the Quality of Psilocybin Experience,2026,10.1097/jcp.0000000000002119,Article
WOS,Chaplains in Psychedelic Assisted Therapy: Rationale and Competencies,2026,10.1007/s10943-026-02591-9,Article
WOS,Psychedelic therapy and cultural humility,2026,10.1038/s41398-026-03913-x,Review
WOS,Spiritual wellbeing in psychedelic-assisted therapy with palliative care populations: An analysis of outcome measures,2026,10.1017/s1478951526101801,Review
WOS,"Psilocybin for psychiatric disorders: History, clinical trials, neuroimaging, and regulations",2026,10.1111/pcn.70042,Review
WOS,Pilot study of psilocybin in patients with post-treatment lyme disease,2026,10.1038/s41598-026-38091-9,Article
WOS,Psilocybin-assisted cognitive behavioral therapy for major depressive disorder: A pilot trial,2026,10.1016/j.jad.2026.121423,Article
WOS,"Baseline Mood and ""Relational Triad"" Predict Acute Qualities of Psychedelic Experience",2026,10.3390/bs16020310,Article
WOS,Psilocybin-assisted psychotherapy for psycho-existential distress in advanced cancer: a narrative review,2026,10.1136/spcare-2025-005689,Review
WOS,Magnitude of response in treatment and control groups within psychedelic trials for psychiatric disorders: A meta-analysis,2026,10.1192/j.eurpsy.2026.10168,Review
WOS,Sense-Making Around Psilocybin in UK Women Experiencing Cancer-Related Existential Distress: An Interpretative Phenomenological Analysis,2026,10.1177/10497323261419338,Article; Early Access
WOS,A short-acting psychedelic intervention for major depressive disorder: a phase IIa randomized placebo-controlled trial,2026,10.1038/s41591-025-04154-z,Article
WOS,Participant Experiences of Therapeutic Touch in Psilocybin-Assisted Therapy,2026,10.1002/brb3.71262,Article
WOS,Psychedelics and Centering Prayer,2026,10.1007/s11089-026-01306-x,Article
WOS,Hope for Neurotic Disorders: A Summary of New Zealand Research on the Development of Biomarkers and Novel Treatments,2026,10.1002/snz2.70002,Article
WOS,Therapeutic effects of psilocybin in major depressive disorder: a systematic review and meta-analysis exploring dose effects,2026,10.1007/s00406-025-02165-y,Review
WOS,Exploring a Decade of Microdosing Research: A Qualitative Meta-synthesis of Microdosing Literature,2026,10.1080/01639625.2026.2624690,Article
WOS,"Prevalence, types, and demographic characteristics associated with major life changes following psychedelic use",2026,10.1038/s41598-026-37609-5,Article
WOS,"Psychedelics in Focus: Clinical Trial Advancements, USFDA Breakthrough Designations, Innovative Approaches, Legal and Regulatory Aspects",2026,10.1007/s12247-026-10393-5,Review
WOS,Real-world effectiveness and safety of psychedelic-assisted psychotherapy: Outcomes from a large-scale compassionate use cohort in Switzerland,2026,10.1016/j.psychres.2026.116992,Article
WOS,"Design, Synthesis, and Pharmacokinetic Profiling of Fluorinated Reversible N-Alkyl Carbamate Derivatives of Psilocin for Sub-Hallucinogenic Brain Exposure",2026,10.1021/acs.jmedchem.5c01797,Article
WOS,"Effects of psilocybin on personality, psychiatric symptoms, and values: Exploring mediating effects of the acute psychedelic experience",2026,10.1177/02698811251408769,Article
WOS,No evidence of immediate or persistent analgesic effect from a single dose of psilocybin in three mouse models of pain,2026,10.1038/s41467-026-68763-z,Article
WOS,Psychological Therapy Quantity and Depressive Symptom Reduction in Psychedelic-Assisted Therapy A Systematic Review and Meta-Analysis,2026,10.1001/jamanetworkopen.2025.54843,Article
WOS,Self-administered complementary and alternative methods of treating mental disorders among students in Wrocław: a cross-sectional study,2026,10.3389/fpubh.2025.1734137,Article
WOS,"The Effect of Magic Mushroom (Psilocybe azurescens) on Social Interaction, Anxiety- and Depressive-Like Behaviors in Male Rats; the Role of Neuroinflammation, Oxidative Stress, and Neurotrophic Factors",2026,10.1002/jnr.70107,Article
WOS,An open-label pilot study of psilocybin-assisted therapy for binge eating disorder,2026,10.1186/s40337-025-01508-3,Article
WOS,Lysergic acid diethylamide modulates hippocampal and cortical local field potential oscillatory rhythms in male mice,2026,10.1016/j.brainres.2025.150142,Article
WOS,The effects of psilocybin on psychological distress in cancer patients: a systematic review and meta-analysis,2026,10.1186/s40359-025-03935-y,Review
WOS,Psilocybin for major depressive disorder: An updated systematic review and meta-analysis of randomized clinical trials,2026,10.1177/02698811241287542,Article
WOS,Psychedelic-assisted therapy: a survey on the clinical methods of Swiss physicians,2026,10.1177/20451253261448745,Article
WOS,A scoping review of mystical-type experiences and mood symptom outcomes in psychedelic therapy clinical trials: comparing life-threatening disease and depressive populations,2026,10.1177/20451253261433836,Review
WOS,"Pharmacological Management of Anxiety in End-of-Life Care: A Systematic Review of Benzodiazepines, Opioids, and Psilocybin",2026,10.1002/hup.70032,Review
WOS,Conceptual analysis of mechanisms and methods in psychedelic clinical trial design: a narrative review,2026,10.1177/20451253261470523,Review
WOS,Optimization of Psilocybin Extraction from Psilocybe cubensis Mushrooms and Characterization of the Fungal Extract,2026,10.21577/0103-5053.20260049,Article
WOS,"Psychedelics as an intervention for psychological, existential distress in terminally ill patients: A systematic review and network meta-analysis",2026,10.1177/02698811241303594,Article
WOS,"Psychedelics and the Ontology of Work: A Qualitative Study of Career Transformation, Spiritual Embodiment, and Purpose-Driven Labour",2026,10.51327/zjmz7806,Article
WOS,Attitudes Toward Psychedelic Treatments by Individuals With Histories of Substance Use or Psychiatric Disorders: A Survey Study,2026,10.1097/adm.0000000000001517,Article
WOS,THE ONLINE ATTENTION TO SPIRITUAL HEALTH RESEARCH: AN ALTMETRIC ANALYSIS,2026,10.56936/18290825-2026.20v.2-108,Article
WOS,"Healthcare Providers' Perspectives on Psychedelic-Assisted Therapies Across Clinical Contexts: ""I Can Offer Medical Assistance in Dying, but I Can't Prescribe Psychedelics""",2026,10.1177/27536130261459354,Article
WOS,Psychedelic drugs in palliative care: research agenda,2026,10.1136/spcare-2025-005661,Article
WOS,The potential role of psychedelics in palliative care,2026,10.5114/pm.2025.154446,Article
WOS,"Psychedelic interventions for major depressive disorder in the elderly: Exploring novel therapies, promise and potential",2025,10.1080/19585969.2025.2499458,Review
WOS,Structural Pharmacology of Bufotenine Derivatives in Activating the 5-HT1A Receptor for Therapeutic Potential in Depression and Anxiety,2025,10.34133/research.0987,Article
WOS,The CAnadian Network for Psychedelic-Assisted Cancer Therapy (CAN-PACT): A Multi-Phase Program Overview,2025,10.3390/curroncol33010007,Article
WOS,Breaking the chains of depression: A systematic review and meta-analysis of psilocybin therapy,2026,10.1016/j.jad.2025.120882,Article
WOS,The serotonin 1B receptor is required for some of the behavioral effects of psilocybin in mice,2026,10.1038/s41380-025-03387-1,Article
WOS,Eligibility for psychedelic therapy: Clinical trial medical exclusion criteria and their implications for hospital practice,2026,10.1016/j.genhosppsych.2025.12.009,Article
WOS,Stepping back into life: How Psychedelic Assisted Psychotherapy transforms the way of life of the terminally ill,2026,10.1016/j.genhosppsych.2025.12.002,Article
WOS,Psilocybin-assisted therapy for individuals with palliative care needs: A systematic review of safety and efficacy,2026,10.1177/02692163251383335,Review
WOS,The Effect of Psychedelics on Individuals with a Personality Disorder: Results from Two Prospective Cohort Studies,2025,10.1177/28314425251382930,Article; Early Access
WOS,"Psilocybin in late-life mental health: Addressing depression, loneliness, and existential anxiety",2026,10.1016/j.genhosppsych.2025.12.005,Article
WOS,Ceremonial Psychedelic Experiences and Changes in Mental Health Outcomes in Those with Adverse Childhood Experiences,2025,10.1177/28314425251392251,Article; Early Access
WOS,Adverse event reporting and management in psilocybin therapy clinical trials: A systematic review to guide clinical and research protocol development,2025,10.1016/j.pnpbp.2025.111541,Article
WOS,Group Retreat Psilocybin Therapy for People with Metastatic Cancer with Anxiety and Depression: A Rite of Passage Facilitation Model for a Phase 1/2 Study,2025,10.1177/28314425251404460,Article; Early Access
WOS,Suggested Guidelines for Applying a Systemic Lens to Psychedelic-Assisted Psychotherapy,2025,10.1177/28314425251404021,Article; Early Access
WOS,Disengaged: A systematic review of community engagement in psychedelic-assisted therapy research,2026,10.1016/j.neubiorev.2025.106516,Article
WOS,Psychedelics: The pathway to implementation in the European healthcare systems,2026,10.1016/j.euroneuro.2025.11.007,Article
WOS,Effects of Psilocybin on Religious and Spiritual Attitudes and Behaviors in Clergy from Various Major World Religions,2025,10.1089/psymed.2023.0044,Article
WOS,Acute Blockade of the Serotonin Transporter With Low Doses of Escitalopram Does Not Alter the Behavioural Responses to Acute Psilocybin,2025,10.1111/ejn.70351,Article
WOS,Attitudes Towards Psilocybin: A General Population's Opinions on Psilocybin and Psilocybin-Assisted Therapies,2025,10.24839/2325-7342.jn30.4.345,Article
WOS,Qualitative Research on Psilocybin-Assisted Psychotherapy for the Treatment of Mental Disorders: A Scoping Review,2025,10.1177/28314425251394012,Review; Early Access
WOS,Does number of dosing sessions and type of adjunctive psychotherapy affect outcomes in psychedelic-assisted-psychotherapy for depressive disorders and anxiety disorders? A systematic review and meta-analysis,2026,10.1016/j.jad.2025.120732,Article
WOS,Psilocybin in the setting of treatment-resistant unipolar depression: A case report,2025,10.1016/j.encep.2025.02.007,Article
WOS,Psilocybin and Chronic Pain: A New Perspective for Future Pain Therapists?,2025,10.3390/medsci13040277,Review
WOS,Acute experiences and persisting psychological effects associated with an encapsulated DMT-harmala alkaloid combination: results of a phase 1 study,2025,10.1038/s41598-025-25767-x,Article
WOS,"The psychedelic phenethylamine 25C-NBF, a selective 5-HT2A agonist, shows psychoplastogenic properties and rapid antidepressant effects in male rodents",2026,10.1038/s41380-025-03341-1,Article
WOS,Psychedelics produce enduring behavioral effects and functional plasticity through mechanisms independent of structural plasticity,2026,10.1038/s41386-025-02272-3,Article
WOS,"Efficacy, all-cause discontinuation, and safety of serotonergic psychedelics and MDMA to treat mental disorders: A living systematic review with meta-analysis",2025,10.1016/j.euroneuro.2025.09.011,Review
WOS,Psilocybin mitigates chronic behavioral and neurobiological alterations in a rat model of recurrent intimate partner violence-related brain injury,2026,10.1038/s41380-025-03329-x,Article
WOS,"Psilocybin-assisted therapy for demoralisation in hospice patients: feasibility, safety and preliminary efficacy",2025,10.1136/spcare-2025-005773,Article; Early Access
WOS,Psilocybin use in bipolar disorder: A comprehensive review,2026,10.1016/j.jad.2025.120485,Article
WOS,Reporting of side-effects in clinical trials of psilocybin-assisted psychotherapy for psychiatric conditions: systematic review,2025,10.1192/bjo.2025.10847,Review
WOS,Hormonal Influences on Psilocybin Responsivity Across the Female Lifespan: Toward Personalized Psychedelic-Assisted Therapy,2025,10.3390/psychoactives4040039,Review
WOS,"""It Fueled the Fire to Who I Am Now"": Exploring Motivations for Microdosing Psychedelics",2025,10.1177/00220426251395178,Article; Early Access
WOS,Psychedelics and ketamine/esketamine in depressive disorders: biological mechanisms and associated neuroimaging and clinical changes,2025,10.1038/s41398-025-03654-3,Review
WOS,"Psilocybin-assisted Existential, Attachment and RelationaL (PEARL) therapy for patients with advanced cancer: protocol for a multi-method feasibility trial",2025,10.1186/s40814-025-01706-5,Article
WOS,"Ketamine, Psychedelics, and Psychotherapy: Reframing, Redefining, Renaming Treatment Models",2026,10.1177/07067437251389090,Article
WOS,Home-based psilocybin-assisted therapy for a patient with advanced cancer: A case report,2025,10.1017/s1478951525100941,Article
WOS,Modification of natural tryptamines for the treatment of neuropsychiatric diseases,2025,10.1177/02698811251368362,Article
WOS,Psychedelic-induced behavioral and developmental effects on zebrafish: a systematic review,2025,,Article
WOS,The polypharmacology of psychedelics reveals multiple targets for potential therapeutics,2025,10.1016/j.neuron.2025.06.012,Article
WOS,Considerations and cautions for the integration of psilocybin into routine clinical care: a consensus statement from the US National Network of Depression Centers' Task Group on Psychedelics and Related Compounds,2025,10.1016/j.eclinm.2025.103517,Review
WOS,Psilocybin-assisted psychotherapy for methamphetamine use disorder: A pilot open-label safety and feasibility study,2025,10.1111/add.70187,Article; Early Access
WOS,Evolution and Comparative Analysis of Clinical Trials on Psilocybin in the Treatment of Psychopathologies: Trends in the EU and the US,2025,10.3390/jcm14186613,Article
WOS,Preliminary validation and refinement of the psychedelic aesthetic experience questionnaire,2025,10.3389/fpsyg.2025.1648968,Article
WOS,Supporting Meaningful Choices: A Decision Aid for Individuals Facing Existential Distress and Considering Psilocybin-Assisted Therapy,2025,10.3390/healthcare13182290,Article
WOS,"Exploring the potential psychological predictors associated with changes in depression, anxiety, and well-being following naturalistic psychedelic use",2025,10.1016/j.jpsychires.2025.09.007,Article
WOS,Efficacy and safety of low-versus high-dose-LSD-assisted therapy in patients with major depression: A randomized trial,2025,10.1016/j.medj.2025.100725,Article
WOS,Psychedelic-Assisted Therapy in Palliative Care-Insights from an International Workshop,2025,10.3390/healthcare13182275,Article
WOS,The Legal Perspective on Psilocybin for Medical Use in Czechia: A Key Milestone and the Case for Broader Consideration Beyond the Clinical Setting,2025,10.3390/psychoactives4030034,Article
WOS,"Psilocybin Enhances Cued Fear Extinction and Extinction Recall in Stress-Naive, Acutely Stressed, and Chronically Stressed Mice",2025,10.1021/acsptsci.5c00462,Article
WOS,"Exploring barriers and opportunities for Black, Indigenous, and People of Color (BIPOC) therapists in psychedelic-assisted therapy: A qualitative study",2026,10.1556/2054.2025.00460,Article
WOS,Five-year outcomes of psilocybin-assisted therapy for Major Depressive Disorder,2025,10.1556/2054.2025.00461,Article
WOS,Therapeutic Use of Psilocybin in Depression: a Systematic Review of Clinical Evidence,2025,10.1017/neu.2025.10039,Review
WOS,Integrating Holistic Communication into Psychedelic-Assisted Therapies in Hospice and Palliative Care: An Approach Based on Peplau's Theory,2025,10.1177/08980101251374371,Article; Early Access
WOS,Neuroplasticity and Neuro-Generation: The Promise of Psychedelics in Dementia Care,2025,10.3390/psychoactives4030031,Review
WOS,Overview and Specificity of Psilocybin Use in the Treatment of Mental Disorders: A Scientometric Analysis,2025,10.1089/psymed.2024.0031,Review
WOS,"Psychedelic therapy: bridging neuroplasticity, phenomenology, and clinical outcomes",2025,10.3389/fpsyt.2025.1637162,Article
WOS,Psilocybin-Assisted Psychotherapy for Chronic Somatoform Pain Disorder: A Case Report,2025,10.3390/psychoactives4030030,Article
WOS,What is Psychological Support in the Context of Psychedelic Clinical Trials?,2025,10.1089/psymed.2024.0026,Article
WOS,Ayahuasca-assisted meaning reconstruction therapy as an early resource for bereavement: a non-randomized clinical trial,2025,10.1038/s41598-025-13251-5,Article
WOS,Tripping in the Happiest Country of the World - Use Values of Psychedelics According to Finnish Users,2025,10.1177/00914509241310766,Article
WOS,Depression as a Disorder of Consciousness,2025,10.1086/716838,Article
WOS,Psilocybin as a psychophysical adaptogen in chronic pain rehabilitation,2025,10.1016/j.jpain.2025.105507,Article
WOS,Chronic psilocybin administration increases sociability and alters the gut microbiome in male wild-type mice but not in a preclinical model of obsessive-compulsive disorder,2025,10.1016/j.neuropharm.2025.110648,Article
WOS,Psilocybin-assisted psychotherapy for depression and anxiety associated with life threatening illness: A phase 2b randomized controlled trial☆,2025,10.1016/j.genhosppsych.2025.08.001,Article
WOS,"""To Have the Encounter with Our Own Finiteness in that Existential Way"": Descriptions of Existential Experience in Patients with Cancer and Major Depression Participating in Psilocybin-Assisted Group Therapy",2025,10.1177/28314425251370303,Article; Early Access
WOS,"""Becoming Your Own Psychologist"": Novel Psychoactive Substances (NPSs) for Mood and Anxiety Disorder Self-Medication",2025,10.3390/psychoactives4030028,Article
WOS,Fearful symmetry in altered states: a bi-logic account of psychedelic action,2025,10.3389/fpsyg.2025.1632923,Article
WOS,Improved mental health outcomes and normalised spontaneous EEG activity in veterans reporting a history of traumatic brain injuries following participation in a psilocybin retreat,2025,10.3389/fpsyt.2025.1594307,Article
WOS,"Tabernanthalog, a Non-Hallucinogenic Psychedelic, Alleviates Cancer-Induced Cognitive Deficits via Serotonergic Pathways",2025,10.3390/ijms26157519,Article
WOS,Psilocybin as Transformative Fast-Acting Antidepressant: Pharmacological Properties and Molecular Mechanisms,2025,10.1111/fcp.70038,Review
WOS,Becoming a Psychedelic User: Reflections on Howard Becker and the (Future) Sociology of Psychedelics,2025,10.1111/soc4.70096,Article
WOS,Psychedelic Treatment with Psilocybin: Addressing Medical Malpractice Risk and Physicians' Concerns,2025,10.1017/jme.2025.10109,Article
WOS,Effects of selected alkaloids on postnatal neurogenesis - in vivo and in vitro studies - literature review,2025,10.1007/s00213-025-06856-1,Review
WOS,"Mapping psilocybin therapy: A systematic review of therapeutic frameworks, adaptations, and standardization across contemporary clinical trials",2025,10.1016/j.jad.2025.119952,Review
WOS,"""I've learned that I'm open-minded to this possibility"": A qualitative study to evaluate the acceptability of a psilocybin-aided smoking cessation treatment for people with HIV who smoke",2025,10.1186/s13722-025-00563-0,Article
WOS,Rise of the Mushrooms: Effects of Psilocybin Reforms on Psychedelic Usage Patterns,2026,10.1177/07439156251360774,Article
WOS,The Causal Role of Consciousness in Psychedelic Therapy for Treatment-Resistant Depression: Hypothesis and Proposal,2025,10.1021/acsptsci.5c00445,Article
WOS,"Safety and tolerability of multiple sublingual microdoses of 5-MeO-DMT in adults with moderate symptoms of depression and/or anxiety: a randomized, double-blind, placebo-controlled study",2025,10.1038/s41386-025-02167-3,Article
WOS,Biochemical Insights into Diverse Psilocybe Mushrooms and Their Metabolites as Sources of Neuroactive Agents: A Review,2025,10.1007/s00284-025-04379-8,Review
WOS,Exploring the Frontiers of Psychedelics: A New Chromatographic Method for Detection and Quantification of Psilocybin and Psilocin in Psilocybe cubensis Mushrooms,2025,10.1021/acsomega.5c02751,Article
WOS,Treatment with LSD and psilocybin at the department of psychiatry at Frederiksberg Hospital in Denmark from 1960 to 1973: an analysis of 324 cases,2025,10.1080/08039488.2025.2529449,Article
WOS,Exploring the Therapeutic Effects of Psychedelics Administered to Military Veterans in Naturalistic Retreat Settings,2025,10.1002/brb3.70660,Article
WOS,Beyond prohibition: A public health analysis of naturalistic psychedelic use,2026,10.1556/2054.2025.00450,Article
WOS,"Synthesis of Psilocin, Psilocybin and 5-MeO-DMT Succinate, All Labelled With Carbon-14 at the Indole 2-Position",2025,10.1002/jlcr.4155,Article
WOS,Examining mystical experiences as a predictor of psilocybin-assisted psychotherapy for treatment-resistant depression,2025,10.1177/02698811251346697,Article
WOS,Psilocybin Use in an Intercollegiate Athlete with Persisting Symptoms After Concussion: A Case Report,2025,10.3390/psychoactives4030022,Article
WOS,Psychedelic Herbal Medicines: Exploring the Renaissance of a Therapeutic Frontier,2025,10.47552/ijam.v16is2.6197,Review
WOS,Psychedelic-Assisted Therapies for Psychosocial Symptoms in Cancer: A Systematic Review and Meta-Analysis,2025,10.3390/curroncol32070380,Review
WOS,Use of Psychedelic Agents in Older Adults with Treatment-Resistant Major Depressive Disorder: What the Evidence Shows,2025,10.1007/s40266-025-01221-5,Review
WOS,Exploring Self-Reported Effects of Naturalistic Psychedelic Use Among Gender and Sexual Minorities: A Quantitative Survey Study,2025,10.1080/02791072.2025.2520224,Article; Early Access
WOS,The Music for Subanesthetic Infusions of Ketamine randomised clinical trial: ketamine as a psychedelic treatment for highly refractory depression,2026,10.1192/bjp.2025.102,Article
WOS,"The phenomenology of psilocybin's experience mediates subsequent persistent psychological effects independently of sex, previous experience, or setting",2025,10.1007/s43440-025-00742-5,Article
WOS,Long-term benefits of single-dose psilocybin in depressed patients with cancer,2025,10.1002/cncr.35889,Article
WOS,"Psychedelics, entactogens and psychoplastogens for depression and related disorders",2026,10.1111/bph.70088,Review
WOS,Side effects of microdosing lysergic acid diethylamide and psilocybin: A systematic review of potential physiological and psychiatric outcomes,2025,10.1016/j.neuropharm.2025.110402,Article
WOS,Evaluation of behavioural and neurochemical effects of psilocybin in mice subjected to chronic unpredictable mild stress,2025,10.1038/s41398-025-03421-4,Article
WOS,From molecules to meaning: unpacking the antidepressant mechanisms of psychedelic drugs,2025,10.1080/17512433.2025.2515866,Review
WOS,"Classic Psychedelics in Pain Modulation: Mechanisms, Clinical Evidence, and Future Perspectives",2025,10.1021/acschemneuro.5c00152,Review
WOS,Psilocybin's acute and persistent brain effects: a precision imaging drug trial,2025,10.1038/s41597-025-05189-0,Article
WOS,Psychedelics in the Treatment of Neurologic and Psychiatric Disorders: Coincidence or a New Point of View,2025,10.1007/s12035-025-05097-9,Review
WOS,Reduced Brain Responsiveness to Emotional Stimuli With Escitalopram But Not Psilocybin Therapy for Depression,2025,10.1176/appi.ajp.20230751,Article
WOS,Patients' Attitudes Toward Hallucinogenic and Non-Hallucinogenic Psilocybin for Mental Health Treatment,2025,10.1080/02791072.2025.2511752,Article; Early Access
WOS,Psychological Effects Related to Psychedelic Substance Use in the Previous 12 Months,2025,10.1024/2673-8627/a000081,Article
WOS,Psilocybin mitigates behavioral despair and cognitive impairment in treatment-resistant depression model using wistar kyoto rats,2025,10.1038/s41598-025-03383-z,Article
WOS,Neuropsychopharmacology of hallucinogenic and non-hallucinogenic 5-HT2A receptor agonists,2026,10.1111/bph.70050,Review
WOS,Aesthetic quality of psychedelic experience is linked to insight and psychological outcomes,2025,10.3389/fpsyg.2025.1533055,Article
WOS,Set and setting of psychedelics for therapeutic use in psychiatry: A systematic review,2025,10.1177/02698811251338214,Review
WOS,The effect of psychedelic microdosing on animal behavior: A review with recommendations for the field,2025,10.1016/j.neubiorev.2025.106204,Review
WOS,Non-hallucinogenic psychedelics for mood and anxiety disorders: A systematic review,2025,10.1016/j.psychres.2025.116532,Review
WOS,Pictorial representation of illness and self measure (PRISM): A putative transdiagnostic tool for evaluating therapeutic effects of psychedelic treatments,2025,10.1177/02698811251330763,Article
WOS,A systematic review of income and education reporting in psychedelic clinical trials,2025,10.1038/s44220-025-00417-3,Article
WOS,Psychedelic-assisted Therapy as a Promising Treatment for Irritable Bowel Syndrome,2025,10.1097/mcg.0000000000002149,Article
WOS,Therapeutic and Structural Dimensions in Psychiatric Prescribing: Bridging Psychedelics and Antidepressants,2025,10.1097/hrp.0000000000000425,Article
WOS,Divergent Effects of Psilocybin for 2 Patients Participating in a Psilocybin-assisted Cognitive Behavioral Therapy Trial for Major Depressive Disorder,2025,10.1097/pra.0000000000000853,Article
WOS,Exploring the potential of psychedelic-assisted psychotherapy for moral injury: A scoping review,2025,10.1016/j.pnpbp.2025.111333,Review
WOS,Psilocybin-assisted psychotherapy as a rapid-acting treatment for cancer-related depression and anxiety: Evidence from a network meta-analysis,2025,10.1177/00912174251337572,Article
WOS,"Patterns of Internalizing Problems, Substance Use and Cognitive Flexibility Before and After Naturalistic Psilocybin Use: A Repeated Measures Latent Profile Analysis",2026,10.1007/s11469-025-01489-z,Article
WOS,Incremental efficacy systematic review and meta-analysis of psilocybin-for-depression RCTs,2025,10.1007/s00213-025-06788-w,Review
WOS,Embracing change: impermanence acceptance mediates differences in death processing between long-term ayahuasca users and non-users,2025,10.1007/s00213-025-06792-0,Article
WOS,Evaluating the effectiveness of psilocybin in alleviating distress among cancer patients: A systematic review,2025,10.1017/s147895152500032x,Review
WOS,Regulatory Challenges of Integrating Psychedelics into Mental Health Sector,2025,10.3390/psychoactives4020011,Review
WOS,"Development of a PBPK model of psilocybin/psilocin from Psilocybe cubensis (magic mushroom) in mice, rats, and humans",2025,10.1038/s41598-025-98202-w,Article
WOS,Psilocybin-Assisted suppoRtive psychoTherapy IN the treatment of prolonged Grief (PARTING) trial: protocol for an open-label pilot trial for cancer-related bereavement,2025,10.1136/bmjopen-2024-095992,Article
WOS,Exploring psilocybin's role in mental health and palliative medicine: a path to improved well-being,2025,10.1080/14728214.2025.2488786,Review
WOS,Psilocybin therapy for mood dysfunction in Parkinson's disease: an open-label pilot trial,2025,10.1038/s41386-025-02097-0,Article
WOS,The Role of the Dorsolateral Prefrontal Cortex in Ego Dissolution and Emotional Arousal During the Psychedelic State,2025,10.1002/hbm.70209,Article
WOS,Peak Experiences Matter,2025,10.1177/00221678251330066,Article; Early Access
WOS,The Emergence of Psilocybin in Psychiatry and Neuroscience,2025,10.3390/ph18040555,Review
WOS,Music mindfulness acutely modulates autonomic activity and improves psychological state in anxiety and depression,2025,10.3389/fnins.2025.1554156,Article
WOS,"Psychedelics, spirituality, and existential distress in patients at the end of life",2025,10.3949/ccjm.92a.24100,Review
WOS,Roadmap for Equitable Access and Responsible Use of Psilocybin-Assisted Psychotherapy in Palliative Care,2025,10.1089/pmr.2024.0108,Article
WOS,A Rapid Review of Psychedelic-Assisted Therapy in the Context of Palliative Care,2025,10.1097/njh.0000000000001096,Article
WOS,Ketamine-Assisted Psychotherapy for Treatment of Co-occurring Borderline Personality Disorder and Depression: A Case Study,2025,10.1521/pedi.2025.39.2.170,Article
WOS,Longitudinal associations of naturalistic psychedelic use with psychotic and manic symptoms,2025,10.1017/s0033291725000716,Article
WOS,Metacognitive Feelings of Epistemic Gain are Central to the Understanding of Psychedelic-Induced Mystical-Type Experiences,2025,10.1007/s10608-025-10588-z,Review
WOS,Comparing Antidepressant Effects of Psilocybin-Assisted Psychotherapy in Individuals That Were Unmedicated at Initial Screening Versus Individuals Discontinuing Medications for Study Participation: Comparaison des effets antidépresseurs de la psychothérapie assistée par la psilocybine (PAP) chez les personnes non médicamentées à la sélection initiale et les personnes ayant arrêté les médicaments pour participer à l'étude,2025,10.1177/07067437251328316,Article
WOS,Existing evidence for the use of psychedelics in patients with cancer and other serious illness: A narrative review,2025,10.1080/07347332.2025.2482917,Review
WOS,Is there a place for psychedelics in sports practice?,2025,10.1017/neu.2025.13,Review
WOS,Psychedelic Drugs in Mental Disorders: Current Clinical Scope and Deep Learning-Based Advanced Perspectives,2025,10.1002/advs.202413786,Review
WOS,Exploring factors associated with the intensity of a mystical experience following naturalistic psychedelic use: A retrospective survey,2025,10.1016/j.pnpbp.2025.111300,Article
WOS,The structural diversity of psychedelic drug actions revealed,2025,10.1038/s41467-025-57956-7,Article
WOS,Preliminary safety and effectiveness of psilocybin-assisted therapy in adults with fibromyalgia: an open-label pilot clinical trial,2025,10.3389/fpain.2025.1527783,Article
WOS,Psilocybin-assisted therapy for relapse prevention in alcohol use disorder: a phase 2 randomized clinical trial,2025,10.1016/j.eclinm.2025.103149,Article
WOS,Psychedelics for Cancer Pain and Associated Psychological Distress: A Narrative Review of a Potential Strategy,2025,10.1002/cam4.70586,Review
WOS,"Characteristics and mental health of psychedelic mushroom and multi-psychedelic users relative to non-psychedelic users in American adults, 2020-2021",2025,10.3389/fpsyt.2025.1508811,Article
WOS,Further education in psychedelic-assisted therapy - experiences from Switzerland,2025,10.1186/s12909-025-06871-y,Review
WOS,Adverse Effects and Safety of Antidepressants and Psychedelics for Depression in Cancer: A Systematic Review of Randomized Controlled Trials,2025,10.3390/psychoactives4010006,Review
WOS,Psychological Support Approaches in Psychedelic Therapy: Results From a Survey of Psychedelic Practitioners,2025,,Article
WOS,Psilocybin-Assisted Therapy May Enhance Conservation Values in Patients with Alcohol Use Disorder,2025,10.1089/psymed.2024.0030,Article
WOS,A Field-Wide Review and Analysis of Study Materials Used in Psilocybin Trials: Assessment of Two Decades of Research,2025,10.1089/psymed.2024.0019,Article
WOS,"Acute Effects and Pharmacokinetics of LSD after Paroxetine or Placebo Pre-Administration in a Randomized, Double-Blind, Cross-Over Phase I Trial",2025,10.1002/cpt.3618,Article
WOS,"Single-dose psilocybin therapy for alcohol use disorder: Pharmacokinetics, feasibility, safety and efficacy in an open-label study",2025,10.1177/02698811251319457,Article
WOS,Serotonergic Psychedelics Rapidly Modulate Evoked Glutamate Release in Cultured Cortical Neurons,2025,10.1111/jnc.70020,Article
WOS,The Acceptability of Psychedelic-Assisted Therapy Amongst Mental Health Consumers: Utilising the Theory of Planned Behaviour,2025,10.1111/inm.70010,Article
WOS,"Psilocybin mushroom stewardship: A qualitative inquiry into practices and priorities of ""underground"" psilocybin mushroom practitioners",2025,10.1556/2054.2025.00375,Article
WOS,Mice lacking the serotonin transporter do not respond to the behavioural effects of psilocybin,2025,10.1016/j.ejphar.2025.177304,Article
WOS,From relaxed beliefs under psychedelics (REBUS) to revised beliefs after psychedelics (REBAS),2025,10.1038/s41598-023-28111-3,Article
WOS,The effect of low-dose psilocybin on brain neurotransmission and rat behavior,2025,10.1016/j.pnpbp.2025.111347,Article
WOS,"The therapeutic use of psychedelic drugs: Legal, policy, and neuroscientific perspectives",2025,10.1016/j.pbb.2025.174087,Review
WOS,Clinical and preclinical evidence of psilocybin as antidepressant. A narrative review,2025,10.1016/j.pnpbp.2025.111249,Review
WOS,Can the gut-brain axis provide insight into psilocybin's therapeutic value in reducing stress?,2025,10.1016/j.ynstr.2025.100732,Article
WOS,Early psilocybin intervention alleviates behavioral despair and cognitive impairment in stressed Wistar rats,2025,10.1016/j.pnpbp.2024.111243,Article
WOS,The effects of psilocybin therapy versus escitalopram on cognitive bias: A secondary analysis of a randomized controlled trial,2025,10.1016/j.euroneuro.2025.06.003,Article
WOS,Psychedelic use and bipolar disorder - An investigation of recreational use and its impact on mental health,2025,10.1016/j.jad.2024.12.044,Article
WOS,"Unraveling the policies, legislations, and regulations of psychedelics in Australia, Canada, Netherlands, New Zealand, and India",2025,10.1016/j.healthpol.2025.105392,Article
WOS,Exploring the role of psychedelic-assisted therapy in enhancing spirituality and mystical experiences in patients with life-threatening illnesses: A systematic review,2025,10.1016/j.jpsychores.2024.112020,Review
WOS,Psilocybin biosynthesis enhancement through gene source optimization,2025,10.1016/j.ymben.2025.04.003,Article
WOS,A systematic review of participant diversity in psychedelic-assisted psychotherapy trials,2025,10.1016/j.psychres.2025.116359,Article
WOS,"A Critical Evaluation of Psilocybin-Assisted Therapy Protocol Components From Clinical Trial Patients, Facilitators, and Caregivers",2025,10.1037/pst0000551,Article
WOS,Neurobiological mechanisms of antidepressant properties of psilocybin: A systematic review of blood biomarkers,2025,10.1016/j.pnpbp.2025.111251,Review
WOS,A dose of therapy with psilocybin - A meta-analysis of the relationship between the amount of therapy hours and treatment outcomes in psychedelic-assisted therapy,2025,10.1016/j.genhosppsych.2025.07.020,Article
WOS,"Moderating factors in psilocybin-assisted treatment affecting mood and personality: A naturalistic, open-label investigation",2025,10.1007/s00213-024-06733-3,Article
WOS,Observational cohort study of a group-based VR program to improve mental health and wellbeing in people with life-threatening illnesses,2025,10.3389/frvir.2024.1466362,Article
WOS,"Psychedelic Treatments in Adolescent Psychopharmacology: Considering Safety, Ethics, and Scientific Rigor",2025,10.1089/cap.2024.0082,Article
WOS,Ayahuasca-inspired DMT/HAR formulation reduces brain differentiation between self and other faces,2025,10.1016/j.neuroimage.2025.121247,Article
WOS,Concurrent stress modulates the acute and post-acute effects of psilocybin in a sex-dependent manner,2025,10.1016/j.neuropharm.2024.110280,Article
WOS,Navigating groundlessness: An interview study on dealing with ontological shock and existential distress following psychedelic experiences,2025,10.1371/journal.pone.0322501,Article
WOS,"""Facing Death. . . Now, That's a Serious Thing to Confront"" A Qualitative Analysis of Patient Perspectives on Psychedelic-Assisted Therapy for Cancer-Related Psychosocial Symptoms",2025,10.1177/15347354251370982,Article
WOS,The role of modern neuroscience in the renaissance of psychedelic research,2025,10.22544/rcps.v44i01.10,Article
WOS,Psilocybin: From Psychiatric Pariah to Perceived Panacea,2025,10.1176/appi.ajp.20230682,Article
WOS,Pharmacotherapy of Psychological Disorders Using Psychedelic Drugs: A Treatise for Psychiatrists,2025,10.2174/0126660822258502231120074036,Review
WOS,What is it like to microdose LSD for depression? a thematic analysis of participant interviews from an open-label trial,2025,10.1177/20451253251396253,Article
WOS,The Use of Classic Psychedelics for Depressive and Anxiety-Spectrum Disorders,2025,10.1097/jcp.0000000000001941,Article
WOS,A protocol for a scoping review of variations among psychedelic interventions for psychological suffering associated with the end-of-life,2025,10.1371/journal.pone.0318343,Article
WOS,Exploring Psychedelics Pharmacology: A Scoping Review Charting the Course of Psilocybin Pharmacokinetics,2025,10.1097/wnf.0000000000000617,Review
WOS,Uncovering Psychedelics: From Neural Circuits to Therapeutic Applications,2025,10.3390/ph18010130,Review
WOS,Clinical conceptualisation of PTSD in psilocybin treatment: disrupting a pre-determined and over-determined maladaptive interpretive framework,2025,10.1177/20451253251342319,Review
WOS,Psilocybin: revealing the enigmas of a revolutionary fungi,2025,10.36303/sapj.0982,Review
WOS,"Transformative Therapies for Depression: Postpartum Depression, Major Depressive Disorder, and Treatment-Resistant Depression",2025,10.1146/annurev-med-050423-095712,Review
WOS,"Effect of psilocybin therapy on suicidal ideation, attempts, and deaths in people with psychiatric diagnoses: a systematic review and meta-analysis",2025,10.1177/20451253251372449,Review
WOS,Evaluating the potential for psilocybin as a treatment for post-traumatic stress disorder,2025,10.1124/jpet.124.002237,Article
WOS,Psilocybin as a Disease-Modifying Drug A Salutogenic Approach in Psychiatry,2024,10.3238/arztebl.m2024.0224,Review
WOS,"Narrative review of psilocybin, an important psychoactive substance with potential peri-anesthetic implications",2024,10.1016/j.tacc.2024.101514,Review
WOS,The role of the psychedelic experience in psilocybin treatment for treatment-resistant depression,2025,10.1016/j.jad.2024.12.061,Article
WOS,Psilocybin increases emotional empathy in patients with major depression,2025,10.1038/s41380-024-02875-0,Article
WOS,Quality of reporting on psychological interventions in psychedelic treatments: a systematic review,2025,10.1016/s2215-0366(24)00333-x,Review
WOS,The safety of psilocybin-assisted psychotherapy: A systematic review,2025,10.1177/00048674241289024,Review
WOS,Psychedelics for the Treatment of Obsessive-Compulsive Disorder: Efficacy and Proposed Mechanisms,2024,10.1093/ijnp/pyae057,Review
WOS,"The revival of psilocybin between scientific excitement, evidence of efficacy, and real-world challenges",2024,10.1017/s1092852924002268,Review
WOS,Psychedelic-assisted grief therapy: a mixed-method case study,2025,10.1080/13576275.2024.2434456,Article
WOS,Psilocybin Therapy for Clinicians With Symptoms of Depression From Frontline Care During the COVID-19 Pandemic:A Randomized Clinical Trial,2024,10.1001/jamanetworkopen.2024.49026,Article
WOS,Consistent evidence that brain serotonin 2A receptor binding is positively associated with personality-based risk markers of depression,2025,10.1192/bjp.2024.143,Article
WOS,Responding to existential distress at the end of life: Psychedelics and psychedelic experiences and/ as medicine,2024,10.1007/s12152-024-09571-4,Article
WOS,Psychedelic Research for Alcohol Use Disorder with Comorbid Major Depressive Disorder: An Unmet Need,2024,10.1007/s11920-024-01567-4,Review
WOS,Psychedelic risks and benefits: A cross-sectional survey study,2025,10.1177/02698811241292951,Article
WOS,Assessing the effects of 5-HT2A and 5-HT5A receptor antagonists on DOI-induced head-twitch response in male rats using marker-less deep learning algorithms,2025,10.1007/s43440-024-00679-1,Article
WOS,Safety pharmacology of acute mescaline administration in healthy participants,2024,10.1111/bcp.16349,Article; Early Access
WOS,Psychoactive substances for the treatment of neuropsychiatric disorders,2024,10.1016/j.ajp.2024.104193,Article
WOS,Adverse psychiatric effects of psychedelic drugs: a systematic review of case reports,2024,10.1017/s0033291724002496,Review
WOS,"Knowledge, attitudes, and concerns about psilocybin and MDMA as novel therapies among US healthcare professionals",2024,10.1038/s41598-024-78736-1,Article
WOS,Treatment and therapy of mental health conditions in the Global South using psychedelics: A scoping review and narrative synthesis,2024,10.1556/2054.2024.00333,Review
WOS,Beyond psychedelics: set and setting in general psychiatric practice,2024,10.1080/09540261.2024.2419662,Article
WOS,Client treatment preferences in psychedelic-assisted therapy for depression in participants with depressive symptoms,2024,10.1556/2054.2024.00334,Article
WOS,"Memory, trauma, and self: Remembering and recovering from sexual abuse in psychedelic-assisted therapy",2024,10.1556/2054.2024.00363,Article
WOS,Masking Influences: A Systematic Review of Placebo Control and Masking in Psychedelic Studies,2026,10.1080/02791072.2024.2424272,Review
WOS,Does the Perception of Risk Associated with Psychedelics Use Differ in Physicians According to Their Belief of Effectiveness?,2026,10.1080/02791072.2024.2424263,Review
WOS,Psilocybe cubensis: neuropsychopharmaceutical potential of psilocybin and psilocin,2024,10.18845/tm.v37i9.7618,Article
WOS,A Case Report of Psilocybin-induced Psychosis in a Predisposed Patient,2024,10.9758/cpn.24.1180,Article
WOS,Psilocybin-assisted psychotherapy improves psychiatric symptoms across multiple dimensions in patients with cancer,2024,10.1038/s44220-024-00331-0,Article
WOS,Ketamine-induced altered states of consciousness: a systematic review of implications for therapeutic outcomes in psychiatric practices,2025,10.1007/s00406-024-01925-6,Article
WOS,"Defined radio wave frequencies attenuate the head-twitch response in mice elicited by (±)-2,5-dimethoxy-4-iodoamphetamine",2024,10.1080/15368378.2024.2418552,Article
WOS,The association between study design and antidepressant effects in psychedelic-assisted therapy: A meta-analysis,2025,10.1016/j.jad.2024.10.016,Review
WOS,Existential feelings as a phenomenological framework for psychedelic therapy,2025,10.1080/09515089.2024.2412195,Article
WOS,What do health professionals think about implementing psilocybin-assisted therapy in palliative care for existential distress? A World Café qualitative study,2024,10.1017/s1478951524001494,Article
WOS,Neuroprotective effects of psilocybin in a rat model of stroke,2024,10.1186/s12868-024-00903-x,Article
WOS,"Rapid and Prolonged Antidepressant and Antianxiety Effects of Psychedelics and 3,4-Methylenedioxy-methamphetamine-A Systematic Review and Meta-Analysis",2024,10.3390/psychoactives3040029,Review
WOS,"Exploring the biocatalysis of psilocybin and other tryptamines: Enzymatic pathways, synthetic strategies, and industrial implications",2025,10.1002/btpr.3513,Review
WOS,Psilocybin for major depressive disorder: a systematic review of randomized controlled studies,2024,10.3389/fpsyt.2024.1416420,Article
WOS,Exploring the regulatory framework of psychedelics in the US & Europe,2024,10.1016/j.ajp.2024.104242,Article
WOS,Naturalistic psychedelic therapy: The role of relaxation and subjective drug effects in antidepressant response,2024,10.1177/02698811241278873,Article
WOS,New frontiers in the biosynthesis of psychoactive specialized metabolites,2024,10.1016/j.pbi.2024.102626,Review
WOS,Psilocybin-Assisted Therapy for Brain Cancer Related Existential Distress: A Case-Report,2025,10.1089/jpm.2024.0277,Article
WOS,"Pharmacokinetics of Psilocybin, a Tryptamine Alkaloid in Magic Mushroom (Psilocybe cubensis): A Systematic Review",2025,10.1080/02791072.2024.2399128,Review
WOS,A Cross-Sectional Survey Investigating Māori and Non-Māori Cancer Patients' Views on Psychedelic-Assisted Therapy in Aotearoa New Zealand,2025,10.1080/02791072.2024.2397427,Article
WOS,Adverse Events in Studies of Classic Psychedelics A Systematic Review and Meta-Analysis,2024,10.1001/jamapsychiatry.2024.2546,Article
WOS,Psychedelic Christianity: From evangelical hippies and Roman Catholic intellectuals in the sixties to clergy in a Johns Hopkins clinical trial,2024,10.1556/2054.2024.00356,Article
WOS,A double-edged sword: Insights from practitioners on the short and long-term negative effects of psilocybin-assisted psychological interventions,2024,10.1556/2054.2024.00337,Article
WOS,The Therapeutic Potential of Psychedelics on Reducing Rumination: A Mini-Review,2024,10.1089/psymed.2024.0009,Review
WOS,Psychedelic-assisted therapy for palliative care within a home treatment setting: A case report,2024,10.1002/ccr3.9305,Article
WOS,Considering distinct positive emotions in psychedelic science,2024,10.1080/09540261.2024.2394221,Review
WOS,The role of psilocybin in depressive disorders,2024,10.1080/03007995.2024.2396536,Review
WOS,Unintentional family poisoning with a chocolate bar with Psilocybe cubensis inside: A case report,2024,10.1016/j.toxac.2023.12.002,Article
WOS,"Comparative oral monotherapy of psilocybin, lysergic acid diethylamide, 3,4-methylenedioxymethamphetamine, ayahuasca, and escitalopram for depressive symptoms: systematic review and Bayesian network meta-analysis",2024,10.1136/bmj-2023-078607,Review
WOS,The association between diverse psychological protocols and the efficacy of psilocybin-assisted therapy for clinical depressive symptoms: a Bayesian meta-analysis,2024,10.3389/fpsyt.2024.1439347,Review
WOS,Psilocybin for clinical indications: A scoping review,2024,10.1177/02698811241269751,Review
WOS,Effects of Psychedelics in Older Adults: A Prospective Cohort Study,2024,10.1016/j.jagp.2024.05.007,Article
WOS,LSD-assisted therapy in patients with anxiety: open-label prospective 12-month follow-up,2024,10.1192/bjp.2024.99,Article
WOS,Psilocybin decreases neural responsiveness and increases functional connectivity while preserving pure-tone frequency selectivity in mouse auditory cortex,2024,10.1152/jn.00124.2024,Article
WOS,From chaos to kaleidoscope: Exploring factors in psychedelic self-treatment for mental health conditions,2024,10.1177/02698811241265762,Article
WOS,Investigating the therapeutic efficacy of psilocybin in advanced cancer patients: A comprehensive review and meta-analysis,2024,10.5306/wjco.v15.i7.908,Article
WOS,Longitudinal experiences of Canadians receiving compassionate access to psilocybin-assisted psychotherapy,2024,10.1038/s41598-024-66817-0,Article
WOS,Serotoninergic antidepressants combination in psilocybin-assisted psychotherapy: a case report,2024,10.3389/fpsyt.2024.1394962,Article
WOS,Assessment of psychedelic-induced states: Norwegian translation and adaptation of the revised Mystical Experience Questionnaire (MEQ-30),2025,10.1556/2054.2024.00346,Article
WOS,Psilocybin for the treatment of Alzheimer's disease,2024,10.3389/fnins.2024.1420601,Review
WOS,Addressing a major interference in the quantification of psilocin in mouse plasma: Development of a validated liquid chromatography tandem mass spectrometry method,2024,10.1016/j.chroma.2024.465123,Article
WOS,Effects of psilocybin on uncertain punishment learning,2024,10.1016/j.nlm.2024.107954,Article
WOS,Dynamic Functional Hyperconnectivity After Psilocybin Intake Is Primarily Associated With Oceanic Boundlessness,2024,10.1016/j.bpsc.2024.04.001,Article
WOS,Treating Anxiety and Depression With Psilocybin Therapy,2024,,Article
WOS,How Do Psychedelics Reduce Fear of Death?,2024,10.1007/s12152-024-09564-3,Article
WOS,Experiential Training in Psychedelic-Assisted Therapy: A Risk-Benefit Analysis,2024,10.1002/hast.1602,Article
WOS,The way of O: phenomenology of psychedelic use and the path to ultimate reality,2025,10.1080/14753634.2024.2371787,Article
WOS,The Therapeutic Effects of Classic Psychedelics in Alcohol Use Disorder,2024,10.1007/s40429-024-00581-z,Review
WOS,Psychedelics in developmental stuttering to modulate brain functioning: a new therapeutic perspective?,2024,10.3389/fnhum.2024.1402549,Article
WOS,Developing the Open Psychedelic Evaluation Nexus consensus measures for assessment of supervised psilocybin services: An e-Delphi study,2024,10.1177/02698811241257839,Article
WOS,Licit use of illicit drugs for treating depression: the pill and the process,2024,10.1172/jci180217,Review
WOS,"Personal psychedelic experience of psychedelic therapists during training: should it be required, optional, or prohibited?",2024,10.1080/09540261.2024.2357669,Article
WOS,"Unlocking the healing power of psilocybin: an overview of the role of psilocybin therapy in major depressive disorder, obsessive-compulsive disorder and substance use disorder",2024,10.3389/fpsyt.2024.1406888,Review
WOS,Endorsement of metaphysical idealism mediates a link between past use of psychedelics and wellbeing,2024,10.1038/s41598-024-63687-4,Article
WOS,"Study protocol for ""Psilocybin in patients with fibromyalgia: brain biomarkers of action""",2024,10.3389/fpsyt.2024.1320780,Article
WOS,Stutterers' experiences on classic psychedelics: A preliminary self-report study,2024,10.1016/j.jfludis.2024.106062,Article
WOS,Psychoanalyst attitudes towards psychedelic-assisted therapy,2025,10.1080/09687637.2024.2359444,Article
WOS,Effect of oral tryptamines on the gut microbiome of rats-a preliminary study,2024,10.7717/peerj.17517,Article
WOS,Impact of Psilocybin on Peripheral Cytokine Production,2024,10.1089/psymed.2023.0039,Article
WOS,Exploring Psychedelics for Alleviating Existential and Spiritual Suffering in People With Serious Illnesses: Links to the Theory of Self-Transcendence,2025,10.1177/08980101241257836,Article
WOS,"Effect of MDMA-assisted therapy on mood and anxiety symptoms in advanced-stage cancer (EMMAC): study protocol for a double-blind, randomised controlled trial",2024,10.1186/s13063-024-08174-x,Article
WOS,Psychedelic therapy in depression and substance use disorders,2024,10.1111/ejn.16421,Review
WOS,Investigating the relationship between changes in metaphysical beliefs and death anxiety following a significant psychedelic experience,2025,10.1080/07481187.2024.2352726,Article
WOS,Multi-omics in MECP2 duplication syndrome patients and carriers,2024,10.1111/ejn.16389,Article
WOS,Alterations in brain network connectivity and subjective experience induced by psychedelics: a scoping review,2024,10.3389/fpsyt.2024.1386321,Review
WOS,"Serotonergic Psychedelics: A Comparative Review of Efficacy, Safety, Pharmacokinetics, and Binding Profile",2024,10.1016/j.bpsc.2024.01.007,Review
WOS,Review of Psilocybin Use for Depression among Cancer Patients after Approval in Oregon,2024,10.3390/cancers16091702,Review
WOS,Efficacy of psilocybin for treating symptoms of depression: systematic review and meta-analysis,2024,10.1136/bmj-2023-078084,Review
WOS,Current Understanding on Psilocybin for Major Depressive Disorder: A Review Focusing on Clinical Trials,2024,10.9758/cpn.23.1134,Review
WOS,In the new era of psychedelic assisted therapy: A systematic review of study methodology in randomized controlled trials,2024,10.1007/s00213-024-06598-6,Review
WOS,In vitro and in vivo metabolism of psilocybin's active metabolite psilocin,2024,10.3389/fphar.2024.1391689,Article
WOS,Effects of CB1 receptor negative allosteric modulator Org27569 on oxycodone withdrawal symptoms in mice,2024,10.1007/s00213-024-06591-z,Article
WOS,"Discovery and Structure-Activity Relationships of 2,5-Dimethoxyphenylpiperidines as Selective Serotonin 5-HT2A Receptor Agonists",2024,10.1021/acs.jmedchem.4c00082,Article
WOS,Single administration of a psychedelic [(R)-DOI] influences coping strategies to an escapable social stress,2024,10.1016/j.neuropharm.2024.109949,Article
WOS,Psilocybin induces acute anxiety and changes in amygdalar phosphopeptides independently from the 5-HT2A receptor,2024,10.1016/j.isci.2024.109686,Article
WOS,Palliative care patients' attitudes and openness towards psilocybin-assisted psychotherapy for existential distress,2024,10.3389/fpsyt.2024.1301960,Article
WOS,Psychological flexibility as a mechanism of change in psilocybin-assisted therapy for major depression: results from an exploratory placebo-controlled trial,2024,10.1038/s41598-024-58318-x,Article
WOS,Mind the Psychedelic Hype: Characterizing the Risks and Benefits of Psychedelics for Depression,2024,10.3390/psychoactives3020014,Review
WOS,Acute Adverse Effects of Therapeutic Doses of Psilocybin,2024,10.1001/jamanetworkopen.2024.5960,Article
WOS,Efficacy and safety of psychedelics for the treatment of mental disorders: A systematic review and meta-analysis,2024,10.1016/j.psychres.2024.115886,Review
WOS,When the Trial Ends: The Case for Post-Trial Provisions in Clinical Psychedelic Research,2024,10.1007/s12152-023-09536-z,Article
WOS,The unique neural signature of your trip: Functional connectome fingerprints of subjective psilocybin experience,2024,10.1162/netn_a_00349,Article
WOS,Giving Consent to the Ineffable,2024,10.1007/s12152-024-09545-6,Article
WOS,Psilocybin enhances insightfulness in meditation: a perspective on the global topology of brain imaging during meditation,2024,10.1038/s41598-024-55726-x,Article
WOS,The therapeutic alliance between study participants and intervention facilitators is associated with acute effects and clinical outcomes in a psilocybin-assisted therapy trial for major depressive disorder,2024,10.1371/journal.pone.0300501,Article
WOS,Psilocybin-assisted psychotherapy for treatment resistant depression: A randomized clinical trial evaluating repeated doses of psilocybin,2024,10.1016/j.medj.2024.01.005,Article
WOS,Unique Psychological Mechanisms Underlying Psilocybin Therapy Versus Escitalopram Treatment in the Treatment of Major Depressive Disorder,2024,10.1007/s11469-024-01253-9,Article
WOS,Preadministration of Lorazepam Reduces Efficacy and Longevity of Antidepressant-Like Effect from a Psychedelic,2024,10.1089/psymed.2023.0037,Article
WOS,"Psychedelic Therapy: A Primer for Primary Care Clinicians-The Strengths, Weaknesses, Opportunities, and Threats of Psychedelic Therapeutics",2024,10.1097/mjt.0000000000001720,Article
WOS,Psychedelic-assisted therapy for people with gambling disorder?,2024,10.1556/2006.2024.00004,Article
WOS,The Mystical Experience Questionnaire 4-Item and Challenging Experience Questionnaire 7-Item,2024,10.1089/psymed.2023.0046,Article
WOS,Psychedelic Therapy: A Primer for Primary Care Clinicians-Historical Perspective and Overview,2024,10.1097/mjt.0000000000001727,Article
WOS,Psychedelic Therapy: A Primer for Primary Care Clinicians-Psilocybin,2024,10.1097/mjt.0000000000001724,Article
WOS,A Systematic Review of Study Design and Placebo Controls in Psychedelic Research,2024,10.1089/psymed.2023.0028,Review
WOS,Knowledge gaps in psychedelic medicalisation: Clinical studies and regulatory aspects,2024,10.1016/j.nsa.2024.103938,Article
WOS,Efficacy and acceptability of psilocybin for primary or secondary depression: A systematic review and meta-analysis of randomized controlled trials,2024,10.3389/fpsyt.2024.1359088,Article
WOS,PAM trial protocol: a randomised feasibility study of psychedelic microdosing-assisted meaning-centred psychotherapy in advanced stage cancer patients,2024,10.1186/s40814-024-01449-9,Article
WOS,Psychedelic Microdosing among Young Adults from Southern California,2025,10.1080/02791072.2024.2313684,Article
WOS,"Who are you after psychedelics? A systematic review and a meta-analysis of the magnitude of long-term effects of serotonergic psychedelics on cognition/creativity, emotional processing and personality",2024,10.1016/j.neubiorev.2024.105570,Article
WOS,Psilocybin-induced changes in neural reactivity to alcohol and emotional cues in patients with alcohol use disorder: an fMRI pilot study,2024,10.1038/s41598-024-52967-8,Article
WOS,"Lasting dynamic effects of the psychedelic 2,5-dimethoxy-4-iodoamphetamine ((±)-DOI) on cognitive flexibility",2024,10.1038/s41380-024-02439-2,Article
WOS,Effects of DMT on mental health outcomes in healthy volunteers,2024,10.1038/s41598-024-53363-y,Article
WOS,Development of the Japanese version of the Ego-Dissolution Inventory (EDI),2024,10.1002/npr2.12419,Article
WOS,"Therapeutic potential of psychedelics: History, advancements, and unexplored frontiers",2024,10.1016/j.pnpbp.2024.110951,Article
WOS,Patient perspectives and experiences with psilocybin treatment for treatment-resistant depression: a qualitative study,2024,10.1038/s41598-024-53188-9,Article
WOS,A Systematic Review of Interventions for Demoralization in Patients with Chronic Diseases,2025,10.1007/s12529-024-10262-w,Review
WOS,Do the therapeutic effects of psilocybin involve actions in the gut?,2024,10.1016/j.tips.2023.12.007,Article
WOS,Longitudinal associations between psychedelic use and psychotic symptoms in the United States and the United Kingdom,2024,10.1016/j.jad.2024.01.197,Article
WOS,"Interactions between classic psychedelics and serotonergic antidepressants: Effects on the acute psychedelic subjective experience, well-being and depressive symptoms from a prospective survey study",2024,10.1177/02698811231224217,Article
WOS,"Psilocybin-assisted therapy for severe alcohol use disorder: protocol for a double-blind, randomized, placebo-controlled, 7-month parallel-group phase II superiority trial",2024,10.1186/s12888-024-05502-y,Article
WOS,Amygdala response to emotional faces following acute administration of psilocybin in healthy individuals,2024,10.1016/j.nsa.2023.103934,Article
WOS,Social acceptability of psilocybin-assisted therapy for existential distress at the end of life: A population-based survey,2024,10.1177/02692163231222430,Article
WOS,Older adults in psychedelic-assisted therapy trials: A systematic review,2024,10.1177/02698811231215420,Review
WOS,"Potential therapeutic effects of an ayahuasca-inspired N,N-DMT and harmine formulation: a controlled trial in healthy subjects",2024,10.3389/fpsyt.2023.1302559,Article
WOS,Examining differences in the effects and contexts of naturalistic psilocybin use for White participants vs. Participants of Color: A longitudinal online survey study,2025,10.1016/j.jad.2024.10.058,Article
WOS,"Mushrooms, Microdosing, and Mental Illness: The Effect of Psilocybin on Neurotransmitters, Neuroinflammation, and Neuroplasticity",2024,10.2147/ndt.s500337,Review
WOS,Trauma-Informed Care in Psychedelic Therapy Research: A Qualitative Literature Review of Evidence-Based Psychotherapy Interventions in PTSD and Psychedelic Therapy Across Conditions,2024,10.2147/ndt.s432537,Review
WOS,"Psychedelic-assisted therapy for treating anxiety, depression, and existential distress in people with life-threatening diseases",2024,10.1002/14651858.cd015383.pub2,Review
WOS,CURRENT VIEWS OF PSYCHEDELICS AND THEIR CONNECTION TO WELL-BEING,2024,10.56936/18290825-18.2024-80,Article
WOS,Safety pharmacology of acute psilocybin administration in healthy participants,2024,10.1016/j.nsa.2024.104060,Article
WOS,Exploring psychedelic use in athletes and their attitudes toward psilocybin-assisted therapy in concussion recovery,2024,10.1177/20451253241264812,Article
WOS,Limbic System Response to Psilocybin and Ketamine Administration in Rats: A Neurochemical and Behavioral Study,2024,10.3390/ijms25010100,Article
WOS,Molecular and Medical Aspects of Psychedelics,2024,10.3390/ijms25010241,Review
WOS,Therapeutic frameworks in integration sessions in substance-assisted psychotherapy: A systematised review,2024,10.1002/cpp.2945,Review
WOS,Quantification of psilocin in human whole blood using liquid chromatography-tandem mass spectrometry (LC-MS/MS),2024,10.1111/1556-4029.15454,Article
WOS,"Ayahuasca-induced personal death experiences: prevalence, characteristics, and impact on attitudes toward death, life, and the environment",2023,10.3389/fpsyt.2023.1287961,Article
WOS,Psilocybin-assisted group therapy in patients with cancer diagnosed with a major depressive disorder,2024,10.1002/cncr.35010,Article
WOS,Acceptability of psilocybin-assisted group therapy in patients with cancer and major depressive disorder: Qualitative analysis,2024,10.1002/cncr.35024,Article
WOS,Greater subjective effects of a low dose of LSD in participants with depressed mood,2024,10.1038/s41386-023-01772-4,Article
WOS,"Differences in attitudes and beliefs about psychedelic-assisted therapy among social workers, psychiatrists, and psychologists in the United States",2023,10.1556/2054.2023.00245,Article
WOS,"Psychometric brahman, psychedelic science: Walter Stace, transnational Vedanta, and the Mystical Experience Questionnaire",2023,10.1080/03080188.2023.2266322,Article
WOS,"A Systematic Review of Reporting Practices in Psychedelic Clinical Trials: Psychological Support, Therapy, and Psychosocial Interventions",2023,10.1089/psymed.2023.0007,Review
WOS,Altered stakes: Identifying gaps in the informed consent process for psychedelic-assisted therapy trials,2023,10.1556/2054.2023.00267,Article
WOS,Psilocybin-Assisted Cognitive Behavioral Therapy for Adults with Major Depressive Disorder: Rationale and Treatment Development,2023,10.1089/psymed.2023.0018,Article
WOS,Psilocybin as a lead candidate molecule in preclinical therapeutic studies of psychiatric disorders: A systematic review,2024,10.1111/jnc.16017,Review
WOS,Association of Hallucinogen Persisting Perception Disorder with Trait Neuroticism and Mental Health Symptoms,2025,10.1080/02791072.2023.2287081,Article
WOS,The effects of Lysergic Acid Diethylamide (LSD) on the Positive Valence Systems: A Research Domain Criteria (RDoC)-Informed Systematic Review,2023,10.1007/s40263-023-01044-1,Review
WOS,Biological studies of clavine alkaloids targeting CNS receptors,2023,10.3389/fpsyt.2023.1286941,Article
WOS,Antidepressant- and anxiolytic-like activities and acute toxicity evaluation of the Psilocybe cubensis mushroom in experimental models in mice,2024,10.1016/j.jep.2023.117415,Article
WOS,Novel Psilocin Prodrugs with Altered Pharmacological Properties as Candidate Therapies for Treatment-Resistant Anxiety Disorders,2023,10.1021/acs.jmedchem.3c01225,Article
WOS,Spiritual Well-Being Among Users and Non-Users of Psychedelics: A Cross-Sectional Study,2025,10.1080/02791072.2023.2284343,Article
WOS,"Efficacy and Safety of Four Psychedelic-Assisted Therapies for Adults with Symptoms of Depression, Anxiety, and Posttraumatic Stress Disorder: A Systematic Review and Meta-Analysis",2025,10.1080/02791072.2023.2278586,Review
WOS,A Psychometric Evaluation of the Dutch Revised Mystical Experience Questionnaire,2024,10.1080/02791072.2023.2272832,Article
WOS,Psychedelic renaissance: Revitalized potential therapies for psychiatric disorders,2023,10.1016/j.drudis.2023.103818,Review
WOS,Epidemiology of classic psychedelic substances: results from a Norwegian internet convenience sample,2023,10.3389/fpsyt.2023.1287196,Article
WOS,Psychedelic Drugs or Hallucinogens: Exploring Their Medicinal Potential,2023,10.7759/cureus.48719,Review
WOS,The psychedelic effects of cannabis: A review of the literature,2024,10.1177/02698811231209194,Review
WOS,Distinguishing and treating demoralization syndrome in cancer: A review,2023,10.1016/j.genhosppsych.2023.10.004,Review
WOS,Beyond the 5-HT2A Receptor: Classic and Nonclassic Targets in Psychedelic Drug Action,2023,10.1523/jneurosci.1384-23.2023,Article
WOS,Mindfulness meditation and psychedelics: potential synergies and commonalities,2023,10.1007/s43440-023-00551-8,Review
WOS,Assessing potential of psilocybin for depressive disorders,2023,10.1080/13543784.2023.2273493,Review; Early Access
WOS,"The revival of the psychedelic experience scale: Revealing its extended-mystical, visual, and distressing experiential spectrum with LSD and psilocybin studies",2024,10.1177/02698811231199112,Article
WOS,The Tolerability and Safety of Psilocybin in Psychiatric and Substance-Dependence Conditions: A Systematic Review,2024,10.1177/10600280231205645,Review
WOS,Psilocybin-assisted psychotherapy for the treatment of PTSD in UK armed forces veterans: A feasibility study protocol,2023,10.1016/j.ejtd.2023.100359,Article
WOS,Case report: Maintaining altered states of consciousness over repeated ketamine infusions may be key to facilitate long-lasting antidepressant effects: some initial lessons from a personalized-dosing single-case study,2023,10.3389/fpsyt.2023.1197697,Article
WOS,Ethopharmacological evaluation of antidepressant-like effect of serotonergic psychedelics in C57BL/6J male mice,2024,10.1007/s00210-023-02778-x,Article
WOS,Cardiovascular safety of psychedelic medicine: current status and future directions,2023,10.1007/s43440-023-00539-4,Review
WOS,"Effects of psilocybin, the 5-HT2A receptor agonist TCB-2, and the 5-HT2A receptor antagonist M100907 on visual attention in male mice in the continuous performance test",2025,10.1007/s00213-023-06474-9,Article
WOS,Acute but not long-lasting antidepressant-like effect of psilocybin in differential reinforcement of low-rate 72 schedule in rats,2023,10.1177/02698811231205692,Article
WOS,Psilocybin-assisted therapy for depression: A systematic review and meta-analysis,2023,10.1016/j.psychres.2023.115531,Review
WOS,Psilocybin-induced changes in cerebral blood flow are associated with acute and baseline inter-individual differences,2023,10.1038/s41598-023-44153-z,Article
WOS,Potential use of psilocybin drugs in the treatment of depression,2023,10.1080/14728214.2023.2264180,Review
WOS,Disruption as an opportunity or threat: A qualitative analysis of factors influencing the attitudes of experts in serious illness care toward psychedelic-assisted therapies,2023,10.1017/s1478951523001475,Article
WOS,An open-label pilot trial assessing tolerability and feasibility of LSD microdosing in patients with major depressive disorder (LSDDEP1),2023,10.1186/s40814-023-01399-8,Article
WOS,Bedside to bench: the outlook for psychedelic research,2023,10.3389/fphar.2023.1240295,Review
WOS,"Ethics of Psychedelic Use in Psychiatry and Beyond-Drawing upon Legal, Social and Clinical Challenges",2023,10.3390/philosophies8050076,Review
WOS,Christian Responses to Psilocybin-Assisted Therapy and Potential Religious and Spiritual Experiences,2023,10.3390/rel14101312,Article
WOS,"Dark loops: contagion effects, consistency and chemosocial matrices in psychedelic-assisted therapy trials",2023,10.1017/s0033291723001289,Review
WOS,Mechanisms and molecular targets surrounding the potential therapeutic effects of psychedelics,2023,10.1038/s41380-023-02274-x,Review
WOS,"Psychedelic Science, Contemplative Practices, and Indigenous and Other Traditional Knowledge Systems: Towards Integrative Community-Based Approaches in Global Health",2023,10.1080/02791072.2023.2258367,Review
WOS,"Comparing Substance Use Consequences between Serotonergic Psychedelics, MDMA, and other Drugs of Abuse Among United States Adults with History of Psychiatric Illness",2025,10.1007/s11469-023-01163-2,Article
WOS,Can a single dose of psilocybin improve cognitive control in functional dissociative seizures?,2023,10.1016/j.mehy.2023.111163,Article
WOS,"Naturalistic psilocybin use is associated with persisting improvements in mental health and wellbeing: results from a prospective, longitudinal survey",2023,10.3389/fpsyt.2023.1199642,Article
WOS,Predictors of Pharmacy Students' Attitudes About the Therapeutic Use of Psilocybin,2023,10.7759/cureus.45169,Article
WOS,Development of the Japanese version of the 30-item Mystical Experience Questionnaire,2024,10.1002/npr2.12377,Article
WOS,The Use of Illicit Drugs in Therapy: an Introduction,2023,10.1007/s40429-023-00509-z,Article
WOS,"Pharmacokinetics, pharmacodynamics and urinary recovery of oral lysergic acid diethylamide administration in healthy participants",2024,10.1111/bcp.15887,Article
WOS,Predictors of Psychedelic Treatment Outcomes Among Special Operations Forces Veterans,2026,10.1037/cns0000374,Article
WOS,Psychedelic Commercialization: A Wide-Spanning Overview of the Emerging Psychedelic Industry,2023,10.1089/psymed.2023.0013,Review
WOS,"In naturalistic psychedelic use, group use is common and acceptable",2023,10.1556/2054.2023.00261,Article
WOS,"Psychedelics, With a Focus on Psilocybin: Issues for the Clinician",2023,10.1097/pra.0000000000000729,Review
WOS,"Psychedelic Use Among Psychiatric Medication Prescribers: Effects on Well-Being, Depression, Anxiety, and Associations with Patterns of Use, Reported Harms, and Transformative Mental States",2023,10.1089/psymed.2023.0030,Article
WOS,Clinical specificity profile for novel rapid acting antidepressant drugs,2023,10.1097/yic.0000000000000488,Review
WOS,Single-Dose Psilocybin Treatment for Major Depressive Disorder A Randomized Clinical Trial,2023,10.1001/jama.2023.14530,Article
WOS,"Psilocybin history, action and reaction: A narrative clinical review",2023,10.1177/02698811231190858,Review
WOS,The changing outlook of psychedelic drugs: The importance of risk assessment and occupational exposure limits,2024,10.1002/jat.4533,Article
WOS,Beyond Psilocybin: Reviewing the Therapeutic Potential of Other Serotonergic Psychedelics in Mental and Substance Use Disorders,2024,10.1080/02791072.2023.2251133,Review
WOS,Psilocybin therapy for treatment resistant depression: prediction of clinical outcome by natural language processing,2023,10.1007/s00213-023-06432-5,Article; Early Access
WOS,A Proposal to Study the Safety and Efficacy of Psilocybe cubensis in Preclinical and Clinical Studies as a Therapeutic Alternative for Major Depressive Disorder,2023,10.1080/02791072.2023.2246459,Article
WOS,Developing a Direct Observation Measure of Therapeutic Connection in Psilocybin-Assisted Therapy: A Feasibility Study,2023,10.1089/jpm.2023.0189,Article
WOS,HOPE: A Pilot Study of Psilocybin Enhanced Group Psychotherapy in Patients With Cancer,2023,10.1016/j.jpainsymman.2023.06.006,Article
WOS,"Addressing the Current Knowledge and Gaps in Research Surrounding Lysergic Acid Diethylamide (LSD), Psilocybin, and Psilocin in Rodent Models",2023,10.2174/1568026623666230705151922,Review
WOS,Psychedelics and neonihilism: connectedness in a meaningless world,2023,10.3389/fpsyg.2023.1125780,Article
WOS,Chasing the Numinous: Hungry Ghosts in the Shadow of the Psychedelic Renaissance,2023,10.1111/1468-5922.12949,Article
WOS,Psilocybin-assisted therapy for depression: A systematic review and dose-response meta-analysis of human studies,2023,10.1016/j.euroneuro.2023.07.011,Review
WOS,Slouching towards engagement: interactions between people using psychedelics naturalistically and their healthcare providers,2023,10.3389/fpsyt.2023.1224551,Article
WOS,The Potential for Psychedelics to Improve Coping Skills and Resilience in Persons With Newly Diagnosed Mild Cognitive Impairment or Early Alzheimer's Disease,2023,10.1007/s13670-023-00395-3,Review
WOS,Psilocybin for treatment resistant depression in patients taking a concomitant SSRI medication,2023,10.1038/s41386-023-01648-7,Article
WOS,Outcomes of usage of psychedelics by people reporting an eating disorder in clinical and non-clinical settings: a scoping review,2024,10.1080/18387357.2023.2235030,Review
WOS,"Translation and Initial Psychometric Evaluation of Spanish Versions of Three Psychedelic Acute Effects Measures: Mystical, Challenging, and Insight Experiences",2024,10.1080/02791072.2023.2232379,Article
WOS,Risk of bias in randomized clinical trials on psychedelic medicine: A systematic review,2023,10.1177/02698811231180276,Review
WOS,"Interactive Effects of Ayahuasca and Cannabidiol in Social Cognition in Healthy Volunteers A Pilot, Proof-of-Concept, Feasibility, Randomized-Controlled Trial",2023,10.1097/jcp.0000000000001691,Article
WOS,Open-label study of consecutive ibogaine and 5-MeO-DMT assisted-therapy for trauma-exposed male Special Operations Forces Veterans: prospective data from a clinical program in Mexico,2023,10.1080/00952990.2023.2220874,Article
WOS,Sub-acute effects of psilocybin on EEG correlates of neural plasticity in major depression: Relationship to symptoms,2023,10.1177/02698811231179800,Article
WOS,Medical student attitudes and perceptions of psychedelic-assisted therapies,2023,10.3389/fpsyt.2023.1190507,Article
WOS,The development of psilocybin therapy for treatment-resistant depression: an update,2024,10.1192/bjb.2023.25,Review
WOS,Psychedelic medicines for end-of-life care: Pipeline clinical trial review 2022,2023,10.1017/s147895152300069x,Review
WOS,Psilocybin's Potential Mechanisms in the Treatment of Depression: A Systematic Review,2024,10.1080/02791072.2023.2223195,Review
WOS,Psychedelics and workplace harm,2023,10.3389/fpsyt.2023.1186541,Article
WOS,Associations between the use of psychedelics and other recreational drugs with mental health and resilience during the COVID-19 pandemic,2023,10.3389/fpsyt.2023.1184681,Article
WOS,Medicinal cannabis for psychiatry-related conditions: an overview of current Australian prescribing,2023,10.3389/fphar.2023.1142680,Article
WOS,Psychedelics: Threshold of a Therapeutic Revolution,2023,10.1016/j.neuropharm.2023.109610,Article
WOS,Personality change in a trial of psilocybin therapy v. escitalopram treatment for depression,2024,10.1017/s0033291723001514,Article
WOS,Examining the Rationale for Studying Psychedelic-Assisted Psychotherapy for the Treatment of Caregiver Distress,2023,10.1089/psymed.2022.0011,Review
WOS,The Impact of Psychedelic Drugs on Anxiety and Depression in Advanced Cancer or other Life-threatening Disease A Systematic Review With Meta-analysis,2023,10.1097/coc.0000000000000998,Review
WOS,Integrative Oncology's 30-Year Anniversary: What Have We Achieved? A North American Naturopathic Oncology Perspective,2023,10.1177/15347354231178911,Review
WOS,Acute effects of MDMA and LSD co-administration in a double-blind placebo-controlled study in healthy participants,2023,10.1038/s41386-023-01609-0,Article; Early Access
WOS,Transformative experience and informed consent to psychedelic-assisted psychotherapy,2023,10.3389/fpsyg.2023.1108333,Article
WOS,"Psilocybin-Assisted Treatment of Depression, Anxiety and Substance use Disorders: Neurobiological Basis and Clinical Application",2024,10.1055/a-2046-5202,Article
WOS,"A review of psilocybin: chemistry, clinical uses and future research directions",2023,10.1071/ch23010,Review
WOS,The Need for Psychiatric Treatment among Polish Users of Psychoactive Substances Is Increasing: This and Other Results from the Newest PolDrugs Survey,2023,10.3390/medicina59050908,Article
WOS,How does psilocybin therapy work? An exploration of experiential avoidance as a putative mechanism of change,2023,10.1016/j.jad.2023.04.105,Article
WOS,Are psychedelic medicines the reset for chronic pain? Preliminary findings and research needs,2023,10.1016/j.neuropharm.2023.109528,Article
WOS,The psychedelic afterglow phenomenon: a systematic review of subacute effects of classic serotonergic psychedelics,2023,10.1177/20451253231172254,Review
WOS,THE RESURGENCE OF HALLUCINOGEN DRUGS IN CLINICAL RESEARCH,2023,10.24875/ric.23000108,Review
WOS,The effect of lysergic acid diethylamide (LSD) on whole-brain functional and effective connectivity,2023,10.1038/s41386-023-01574-8,Article
WOS,Effects of serotonergic psychedelics on mitochondria: Transdiagnostic implications for mitochondria-related pathologies,2023,10.1177/02698811231164707,Article
WOS,With great power comes great vulnerability: an ethical analysis of psychedelics' therapeutic mechanisms proposed by the REBUS hypothesis,2023,10.1136/jme-2022-108816,Article
WOS,Predictors of Medical Students? Perceptions of Psilocybin-Assisted Therapy for Use in Medical Practice,2023,10.7759/cureus.37450,Article
WOS,Transformative Effects of Spontaneous Out of Body Experiences in Healthy Individuals: An Interpretative Phenomenological Analysis,2026,10.1037/cns0000324,Article
WOS,Psychedelic-induced mystical experiences: An interdisciplinary discussion and critique,2023,10.3389/fpsyt.2023.1077311,Review
WOS,5-MeO-DMT modifies innate behaviors and promotes structural neural plasticity in mice,2023,10.1038/s41386-023-01572-w,Article
WOS,The need for establishing best practices and gold standards in psychedelic medicine,2023,10.1016/j.jad.2023.03.083,Article
WOS,"Not in the drug, not in the brain: Causality in psychedelic experiences from an enactive perspective",2023,10.3389/fpsyg.2023.1100058,Article
WOS,Psychotherapy with Psilocybin for Depression: Systematic Review,2023,10.3390/bs13040297,Review
WOS,Association between mystical-type experiences under psychedelics and improvements in well-being or mental health-A comprehensive review of the evidence,2023,10.1556/2054.2023.00243,Review
WOS,Psychedelic-Assisted Therapy and Psychedelic Science: A Review and Perspective on Opportunities in Neurosurgery and Neuro-Oncology,2023,10.1227/neu.0000000000002275,Review
WOS,Group format psychedelic-assisted therapy interventions: Observations and impressions from the HOPE trial,2023,10.1556/2054.2022.00222,Article
WOS,Microdosing psilocybin for chronic pain: a case series,2023,10.1097/j.pain.0000000000002778,Article
WOS,Neural Network Modulation of Ayahuasca: A Systematic Review of Human Studies,2023,10.3390/psychoactives2010006,Review
WOS,"Psilocybin-assisted therapy for major depressive disorder: An exploratory placebo-controlled, fixed-order trial",2023,10.1177/02698811231154852,Article
WOS,Exploring psilocybin-assisted psychotherapy in the treatment of methamphetamine use disorder,2023,10.3389/fpsyt.2023.1123424,Review
WOS,A non-hallucinogenic LSD analog with therapeutic potential for mood disorders,2023,10.1016/j.celrep.2023.112203,Article
WOS,Psychedelic replications in virtual reality and their potential as a therapeutic instrument: An open-label feasibility study,2023,10.3389/fpsyt.2023.1088896,Article
WOS,"MICRODOSING PSYCHEDELICS UNDER LOCAL, STATE, AND FEDERAL LAW",2023,,Article
WOS,Can psychedelics enhance group psychotherapy? A discussion on the therapeutic factors,2023,10.1177/02698811231155117,Article
WOS,Acute psilocybin enhances cognitive flexibility in rats,2023,10.1038/s41386-023-01545-z,Article
WOS,Default Mode Network Modulation by Psychedelics: A Systematic Review,2023,10.1093/ijnp/pyac074,Review
WOS,"Single-dose psilocybin for a treatment-resistant episode of major depression: Impact on patient-reported depression severity, anxiety, function, and quality of life",2023,10.1016/j.jad.2023.01.108,Article
WOS,Indole Alkaloids from Psychoactive Mushrooms: Chemical and Pharmacological Potential as Psychotherapeutic Agents,2023,10.3390/biomedicines11020461,Review
WOS,Psychotherapeutic and neurobiological processes associated with ayahuasca: A proposed model and implications for therapeutic use,2023,10.3389/fnins.2022.879221,Article
WOS,Optimizing outcomes in psilocybin therapy: Considerations in participant evaluation and preparation,2023,10.1016/j.jad.2023.01.077,Article
WOS,Psychedelics for Patients With Cancer: A Comprehensive Literature Review,2023,10.1177/10600280221144055,Review
WOS,Are psychedelics the answer to chronic pain: A review of current literature,2023,10.1111/papr.13203,Review
WOS,An Integrative Review of Measures of Spirituality in Experimental Studies of Psilocybin in Serious Illness Populations,2023,10.1177/10499091221147700,Review
WOS,Subtypes of the psychedelic experience have reproducible and predictable effects on depression and anxiety symptoms,2023,10.1016/j.jad.2022.12.042,Article
WOS,Systematic Review of psilocybin assisted therapy for anxiety and depression in oncological patients,2023,10.7714/cnps/17.1.203,Review
WOS,Public Interest in Psilocybin and Psychedelic Therapy in the Context of the COVID-19 Pandemic: Google Trends Analysis,2023,10.2196/43850,Article
WOS,The Efficacy of Psilocybin in the Treatment of Depression and Anxiety: A Meta-Analysis,2023,10.2174/2666082218666220513142002,Article
WOS,Classical psychedelics in psychiatry-renaissance of interest and therapeutic perspectives,2023,10.12740/pp/150053,Article
WOS,"Psilocybin for Depression: From Credibility to Feasibility, What's Missing?",2023,10.3390/ph16010068,Article
WOS,Using Psychedelics in Clinical Practice: Comparing Therapeutic Uses and Potential Harms,2023,10.2174/2772432817666220321142707,Review
WOS,"Evidence and perspectives on the antidepressant potential of the ""magic alkaloid"" Psilocybin: a narrative review",2023,10.17151/culdr.2023.28.35.5,Review
WOS,Pharmacokinetics and Pharmacodynamics of Oral Psilocybin Administration in Healthy Participants,2023,10.1002/cpt.2821,Article
WOS,"Lysergic Acid Diethylamide-Assisted Therapy in Patients With Anxiety With and Without a Life-Threatening Illness: A Randomized, Double-Blind, Placebo-Controlled Phase II Study",2023,10.1016/j.biopsych.2022.08.025,Article
WOS,Research into Psychedelic-Assisted Psychotherapy for Anorexia Nervosa Should be Funded,2023,10.1007/s11673-022-10220-9,Article
WOS,Psychedelic innovations and the crisis of psychopharmacology,2024,10.1057/s41292-022-00294-4,Article
WOS,Risks and benefits of psilocybin use in people with bipolar disorder: An international web-based survey on experiences of 'magic mushroom' consumption,2023,10.1177/02698811221131997,Article
WOS,Psilocybin-assisted therapy improves psycho-social-spiritual well-being in cancer patients,2023,10.1016/j.jad.2022.11.046,Article
WOS,Single-dose psilocybin for treatment-resistant obsessive-compulsive disorder: A case report,2022,10.1016/j.heliyon.2022.e12135,Article
WOS,Educational Materials and Image Induction Increase Treatment Credibility,2024,10.1080/02791072.2022.2154722,Article
WOS,Moderators of ayahuasca's biological antidepressant action,2022,10.3389/fpsyt.2022.1033816,Article
WOS,The economics of psychedelic-assisted therapies: A research agenda,2022,10.3389/fpsyt.2022.1025726,Review
WOS,Entheogenic Spirituality: Characteristics of Spiritually Motivated Psychedelics Use,2023,10.1080/10508619.2022.2148060,Article
WOS,Considerations in assessing the abuse potential of psychedelics during drug development,2023,10.1016/j.neuropharm.2022.109352,Article
WOS,Lower-dose psycholytic therapy - A neglected approach,2022,10.3389/fpsyt.2022.1020505,Review
WOS,Key Characteristics and Development of Psychoceuticals: A Review,2022,10.3390/ijms232415777,Review
WOS,Therapeutic use of psilocybin: Practical considerations for dosing and administration,2022,10.3389/fpsyt.2022.1040217,Review
WOS,Socio-psychedelic imaginaries: envisioning and building legal psychedelic worlds in the United States,2022,10.1186/s40309-022-00199-2,Article
WOS,Novel Perspective of Medicinal Mushroom Cultivations: A Review Case for 'Magic' Mushrooms,2022,10.3390/agronomy12123185,Review
WOS,"Reactivations after 5-methoxy-N,N-dimethyltryptamine use in naturalistic settings: An initial exploratory analysis of the phenomenon's predictors and its emotional valence",2022,10.3389/fpsyt.2022.1049643,Article
WOS,Psilocybin as a Treatment for Psychiatric Illness: A Meta-Analysis,2022,10.7759/cureus.31796,Review
WOS,The Safety and Efficacy of Psychedelic-Assisted Therapies for Older Adults: Knowns and Unknowns,2023,10.1016/j.jagp.2022.08.007,Article
WOS,Music programming for psilocybin-assisted therapy: Guided Imagery and Music-informed perspectives,2022,10.3389/fpsyg.2022.873455,Article
WOS,"Policy considerations that support equitable access to responsible, accountable, safe, and ethical uses of psychedelic medicines",2022,10.1016/j.neuropharm.2022.109214,Article
WOS,Body mass index (BMI) does not predict responses to psilocybin,2023,10.1177/02698811221131994,Article
WOS,"Ketanserin Reverses the Acute Response to LSD in a Randomized, Double-Blind, Placebo-Controlled, Crossover Study in Healthy Participants",2023,10.1093/ijnp/pyac075,Article
WOS,Single-Dose Psilocybin for a Treatment-Resistant Episode of Major Depression,2022,10.1056/nejmoa2206443,Article
WOS,A Critical Appraisal of Evidence on the Efficacy and Safety of Serotonergic Psychedelic Drugs as Emerging Antidepressants Mind the Evidence Gap,2022,10.1097/jcp.0000000000001608,Review
WOS,Psilocybin mushrooms for psychological and existential distress Treatment for a patient with palliative lung cancer,2022,10.46747/cfp.6811823,Article
WOS,"Study protocol for ""MDMA-assisted therapy as a treatment for major depressive disorder: A proof of principle study""",2022,10.3389/fpsyt.2022.954388,Article
WOS,Potential Therapeutic Effects of Psilocybin: A Systematic Review,2022,10.7759/cureus.30214,Review
WOS,Bibliometric Analysis of Academic Journal Articles Reporting Results of Psychedelic Clinical Studies,2023,10.1080/02791072.2022.2133757,Article
WOS,Lasting increases in trait mindfulness after psilocybin correlate positively with the mystical-type experience in healthy individuals,2022,10.3389/fpsyg.2022.948729,Article
WOS,"Psilocybin-assisted therapy for reducing alcohol intake in patients with alcohol use disorder: protocol for a randomised, double-blinded, placebo-controlled 12-week clinical trial (The QUANTUM Trip Trial)",2022,10.1136/bmjopen-2022-066019,Article
WOS,Ethical Issues Regarding Nonsubjective Psychedelics as Standard of Care,2022,10.1017/s096318012200007x,Article
WOS,The use of classic psychedelics among adults: a Danish online survey study,2023,10.1080/08039488.2022.2125069,Article
WOS,"Facing death, returning to life: A qualitative analysis of MDMA-assisted therapy for anxiety associated with life-threatening illness",2022,10.3389/fpsyt.2022.944849,Article
WOS,Scoping Review of Experiential Measures from Psychedelic Research and Clinical Trials,2023,10.1080/02791072.2022.2125467,Review
WOS,The Emerging Field of Psychedelic Psychotherapy,2022,10.1007/s11920-022-01363-y,Review
WOS,Towards an understanding of psychedelic-induced neuroplasticity,2023,10.1038/s41386-022-01389-z,Review
WOS,Christianity and Psychedelic Medicine: A Pastoral Approach,2023,10.1093/cb/cbac008,Article
WOS,Lysergic Acid Diethylamide Produces Anxiogenic Effects in the Rat Light/Dark Test and Elevated Plus Maze,2022,10.24839/2325-7342.jn27.3.197,Article
WOS,"Psychedelics for Psychiatric Disorders: Promise, Not Panacea",2022,10.3928/00485713-20220810-01,Article
WOS,"Being no one, being One: The role of ego-dissolution and connectedness in the therapeutic effects of psychedelic experience",2022,10.1556/2054.2022.00199,Article
WOS,Psychedelic-Assisted Therapies in Patients With Serious Illness: Opportunities and Challenges,2022,10.3928/00485713-20220810-06,Article
WOS,Adverse events in clinical treatments with serotonergic psychedelics and MDMA: A mixed-methods systematic review,2022,10.1177/02698811221116926,Review
WOS,Percentage of Heavy Drinking Days Following Psilocybin-Assisted Psychotherapy vs Placebo in the Treatment of Adult Patients With Alcohol Use Disorder A Randomized Clinical Trial,2022,10.1001/jamapsychiatry.2022.2096,Article
WOS,Comparison of psychedelic and near-death or other non-ordinary experiences in changing attitudes about death and dying,2022,10.1371/journal.pone.0271926,Article
WOS,"Dark Side of the Shroom: Erasing Indigenous and Counterculture Wisdoms with Psychedelic Capitalism, and the Open Source Alternative or, A Manifesto for Psychonauts",2022,10.1111/anoc.12154,Article
WOS,The Canadian Network for Mood and Anxiety Treatments (CANMAT) Task Force Report: Serotonergic Psychedelic Treatments for Major Depressive Disorder,2023,10.1177/07067437221111371,Review
WOS,Psilocybin and the Meaning Response: Exploring the Healing Process in a Retreat Setting in Jamaica,2023,10.1111/anoc.12162,Article
WOS,Psilocybin Efficacy and Mechanisms of Action in Major Depressive Disorder: a Review,2022,10.1007/s11920-022-01361-0,Review
WOS,"The Watts Connectedness Scale: a new scale for measuring a sense of connectedness to self, others, and world",2022,10.1007/s00213-022-06187-5,Article
WOS,Acute and Enduring Effects of Naturalistic Psychedelic Use Among Indigenous Peoples in Canada and the United States,2022,10.1037/cap0000338,Article
WOS,Antidepressant effects of a psychedelic experience in a large prospective naturalistic sample,2022,10.1177/02698811221101061,Review
WOS,Reduced death anxiety and obsessive beliefs as mediators of the therapeutic effects of psychedelics on obsessive compulsive disorder symptomology,2023,10.1080/13284207.2022.2086793,Article
WOS,Psychedelic drugs for psychiatric disorders,2022,10.1016/j.jns.2022.120332,Article
WOS,"Psychedelics, Mystical Experience, and Therapeutic Efficacy: A Systematic Review",2022,10.3389/fpsyt.2022.917199,Review
WOS,"Psilocybin in neuropsychiatry: a review of its pharmacology, safety, and efficacy",2023,10.1017/s1092852922000888,Review
WOS,"Decreases in State and Trait Anxiety Post-psilocybin: A Naturalistic, Observational Study Among Retreat Attendees",2022,10.3389/fpsyt.2022.883869,Article
WOS,Psychedelic-assisted psychotherapy to treat psychiatric and existential distress in life-threatening medical illnesses and palliative care,2022,10.1016/j.neuropharm.2022.109174,Article
WOS,The Effects of Psilocybin in Adults with Major Depressive Disorder and the General Population: Findings from Neuroimaging Studies,2022,10.1016/j.psychres.2022.114577,Review
WOS,Psilocybin microdosers demonstrate greater observed improvements in mood and mental health at one month relative to non-microdosing controls,2022,10.1038/s41598-022-14512-3,Article
WOS,Three Naturally-Occurring Psychedelics and Their Significance in the Treatment of Mental Health Disorders,2022,10.3389/fphar.2022.927984,Review
WOS,Sustained effects of single doses of classical psychedelics in humans,2023,10.1038/s41386-022-01361-x,Review
WOS,"Validation of the forced swim test in Drosophila, and its use to demonstrate psilocybin has long-lasting antidepressant-like effects in flies",2022,10.1038/s41598-022-14165-2,Article
WOS,"Exploratory study of the dose-related safety, tolerability, and efficacy of dimethyltryptamine (DMT) in healthy volunteers and major depressive disorder",2022,10.1038/s41386-022-01344-y,Article
WOS,"Models of Psychedelic-Assisted Psychotherapy: A Contemporary Assessment and an Introduction to EMBARK, a Transdiagnostic, Trans-Drug Model",2022,10.3389/fpsyg.2022.866018,Article
WOS,Interest in receiving psychedelic-assisted therapy among marginalized women: Implications and findings from a community-based study in Canada,2022,10.1016/j.dadr.2022.100044,Article
WOS,Postpartum depression: A role for psychedelics?,2022,10.1177/02698811221093793,Review
WOS,"Psychedelic Microdosing, Mindfulness, and Anxiety: A Cross-Sectional Mediation Study",2023,10.1080/02791072.2022.2080616,Article
WOS,Psychoactive Drugs in the Management of Post Traumatic Stress Disorder: A Promising New Horizon,2022,10.7759/cureus.25235,Review
WOS,Self-Care Practices with Psychedelics - A Qualitative Study of Users' Perspectives,2023,10.1080/02791072.2022.2071134,Article
WOS,Diverse therapeutic developments for post-traumatic stress disorder (PTSD) indicate common mechanisms of memory modulation,2022,10.1016/j.pharmthera.2022.108195,Review
WOS,The Pharmacology and Clinical Applications of Psychedelic Medicines Within Midwifery Practice,2022,10.1111/jmwh.13371,Review
WOS,The psychological processes of classic psychedelics in the treatment of depression: a systematic review protocol,2022,10.1186/s13643-022-01930-7,Review
WOS,New Paradigms of Old Psychedelics in Schizophrenia,2022,10.3390/ph15050640,Review
WOS,Safety issues of psilocybin and LSD as potential rapid acting antidepressants and potential challenges,2022,10.1080/14740338.2022.2066650,Review
WOS,Using a MDMA- and LSD-Group Therapy Model in Clinical Practice in Switzerland and Highlighting the Treatment of Trauma-Related Disorders,2022,10.3389/fpsyt.2022.863552,Article
WOS,Psychosocial and Drug Use Assessment of Regular vs. Non-Regular Ayahuasca Users in a Brazilian Sample: a Web-Based Survey,2022,10.1080/10826084.2022.2063896,Article
WOS,"Psychology and neurobiology of the experience of time: body, feelings, and the self Complementary approaches to psychotherapy",2022,10.1007/s00278-022-00585-y,Article
WOS,Psychedelics: Alternative and Potential Therapeutic Options for Treating Mood and Anxiety Disorders,2022,10.3390/molecules27082520,Review
WOS,"Charismatic, Synchronous and Psychedelic Religious Experiences: A Personal Account",2022,10.3390/rel13040331,Article
WOS,Therapeutic Alliance and Rapport Modulate Responses to Psilocybin Assisted Therapy for Depression,2022,10.3389/fphar.2021.788155,Article
WOS,Revisiting Forbidden Drugs: Chemical and Pharmacological Perspectives Over Psychedelic Indoleamines and Entactogens as Promising Therapeutic Agents,2022,10.21577/1984-6835.20220053,Article
WOS,Psilocybin-Assisted Compassion Focused Therapy for Depression,2022,10.3389/fpsyg.2022.812930,Article
WOS,"Repeated lysergic acid diethylamide (LSD) reverses stress-induced anxiety-like behavior, cortical synaptogenesis deficits and serotonergic neurotransmission decline",2022,10.1038/s41386-022-01301-9,Article
WOS,The promises and perils of psychedelic pharmacology for psychiatry,2022,10.1038/s41573-022-00421-7,Article
WOS,Psychedelic Cognition-The Unreached Frontier of Psychedelic Science,2022,10.3389/fnins.2022.832375,Review
WOS,Psilocybin-assisted psychotherapy for depression: Emerging research on a psychedelic compound with a rich history,2022,10.1016/j.jns.2021.120096,Review
WOS,Top Ten Tips Palliative Care Clinicians Should Know About Psychedelic-Assisted Therapy in the Context of Serious Illness,2022,10.1089/jpm.2022.0036,Article
WOS,"A systematic literature review and meta-analysis of the effect of psilocybin and methylenedioxymethamphetamine on mental, behavioural or developmental disorders",2023,10.1177/00048674221083868,Review
WOS,Psilocybin-Induced Mystical-Type Experiences are Related to Persisting Positive Effects: A Quantitative and Qualitative Report,2022,10.3389/fphar.2022.841648,Article
WOS,Depression and Long-Term Prescription Opioid Use and Opioid Use Disorder: Implications for Pain Management in Cancer,2022,10.1007/s11864-022-00954-4,Review
WOS,Virtual Reality as a Moderator of Psychedelic-Assisted Psychotherapy,2022,10.3389/fpsyg.2022.813746,Article
WOS,The therapeutic potential of psilocybin: a systematic review,2022,10.1080/14740338.2022.2047929,Review
WOS,Psilocybin for Treating Psychiatric Disorders: A Psychonaut Legend or a Promising Therapeutic Perspective?,2022,10.3390/jox12010004,Article
WOS,Mycotherapy: Potential of Fungal Bioactives for the Treatment of Mental Health Disorders and Morbidities of Chronic Pain,2022,10.3390/jof8030290,Article
WOS,The Acceptance/Avoidance-Promoting Experiences Questionnaire (APEQ): A theory-based approach to psychedelic drugs' effects on psychological flexibility,2022,10.1177/02698811211073758,Article
WOS,Decreases in Suicidality Following Psychedelic Therapy: A Meta-Analysis of Individual Patient Data Across Clinical Trials,2022,10.4088/jcp.21r14057,Article
WOS,The Use of Psilocybin in the Treatment of Psychiatric Disorders with Attention to Relative Safety Profile: A Systematic Review,2023,10.1080/02791072.2022.2044096,Review
WOS,Direct comparison of the acute effects of lysergic acid diethylamide and psilocybin in a double-blind placebo-controlled study in healthy subjects,2022,10.1038/s41386-022-01297-2,Article
WOS,Beating pain with psychedelics: Matter over mind?,2022,10.1016/j.neubiorev.2021.12.005,Review
WOS,Analysis of Psilocybin-Assisted Therapy in Medicine: A Narrative Review,2022,10.7759/cureus.21944,Review
WOS,The frontiers of new psychedelic therapies: A survey of sociological themes and issues,2022,10.1111/soc4.12959,Article
WOS,Are psychedelics fast acting antidepressant agents?,2022,10.1007/s00115-021-01255-1,Article
WOS,Efficacy and safety of psilocybin-assisted treatment for major depressive disorder: Prospective 12-month follow-up,2022,10.1177/02698811211073759,Article
WOS,Trajectory of Antidepressant Effects after Single- or Two-Dose Administration of Psilocybin: A Systematic Review and Multivariate Meta-Analysis,2022,10.3390/jcm11040938,Article
WOS,Structure-based discovery of nonhallucinogenic psychedelic analogs,2022,10.1126/science.abl8615,Article
WOS,Evaluating the Potential Use of Serotonergic Psychedelics in Autism Spectrum Disorder,2022,10.3389/fphar.2021.749068,Review
WOS,Psychedelic therapy for depressive symptoms: A systematic review and meta-analysis,2023,10.1016/j.jad.2022.09.168,Review
WOS,Novel Antidepressants in the Pipeline (Phase II and III): A Systematic Review of the US Clinical Trials Registry,2022,10.1055/a-1714-9097,Review
WOS,"Knowledge, Perceptions, and Use of Psychedelics among Individuals with Fibromyalgia",2023,10.1080/02791072.2021.2022817,Article
WOS,Exploring the Credibility of Psilocybin-assisted Therapy and Cognitive-behavioral Therapy for Depression,2022,10.1080/02791072.2021.2020382,Article
WOS,"The effects of psilocybin on cognitive and emotional functions in healthy participants: Results from a phase 1, randomised, placebo-controlled trial involving simultaneous psilocybin administration and preparation",2022,10.1177/02698811211064720,Article
WOS,"Psychedelic Mushrooms in the USA: Knowledge, Patterns of Use, and Association With Health Outcomes",2022,10.3389/fpsyt.2021.780696,Article
WOS,Addressing fear of death and dying: traditional and innovative interventions,2022,10.1080/13576275.2020.1810649,Article
WOS,Psilocybin for the Treatment of Depression: A Promising New Pharmacotherapy Approach,2022,10.1007/7854_2021_282,Article; Book Chapter
WOS,HERBAL RESOURCES IN THE MEDICATION OF DEPRESSION DURING PANDEMIC COVID-19,2022,10.32383/appdr/147281,Review
WOS,Psychedelics as Novel Therapeutics in Alzheimer's Disease: Rationale and Potential Mechanisms,2022,10.1007/7854_2021_267,Article; Book Chapter
WOS,Psilocybin for Trauma-Related Disorders,2022,10.1007/7854_2022_366,Article; Book Chapter
WOS,"Psychedelics, Atheism, and Naturalism Myth and Reality",2022,10.53765/20512201.29.7.069,Article
WOS,Dosing Psychedelics and MDMA,2022,10.1007/7854_2021_270,Article; Book Chapter
WOS,"Psilocybin Conspectus: Status, Production Methods, and Considerations",2022,10.1615/intjmedmushrooms.2021041921,Article
WOS,Should Adolescents be Included in Emerging Psychedelic Research?,2022,10.7202/1089784ar,Article
WOS,The Potential of Psychedelics for End of Life and Palliative Care,2022,10.1007/7854_2021_278,Article; Book Chapter
WOS,"Blinding integrity in psychedelic research: Evidence from a comparative randomized controlled trial of psilocybin, MDMA, and methylphenidate in healthy volunteers",2026,10.1016/j.euroneuro.2026.112879,Article
WOS,Psilocybin induces stereotyped movements and reduces defensive responding in planarians through 5-hydroxytryptamine mechanisms,2026,10.1097/fbp.0000000000000879,Article
WOS,The role of therapeutic alliance in psilocybin treatment for treatment-resistant depression: A post hoc path analysis,2026,10.1016/j.jad.2026.121662,Article
WOS,Psilocybin-assisted therapy for major depressive disorder: Perspective from meta-analysis,2026,10.1016/j.jad.2026.121675,Review
WOS,"Safety, feasibility, and preliminary clinical outcomes of psilocybin-assisted therapy for veterans with severe, treatment-resistant PTSD: an open-label pilot clinical trial",2026,10.1038/s43856-026-01767-4,Article
WOS,Convergent neuroimmune signaling underlying rapid antidepressant response to ketamine and psychedelics,2026,10.1038/s41380-026-03777-z,Article; Early Access
WOS,Candidate Biomarkers of Bipolar Disorder Progression: Implications for Ketamine and Psychedelic Interventions,2026,10.1007/s12035-026-06086-2,Review
WOS,Time-dependent effects of rapid-acting antidepressants in iPSC-derived neurons from treatment-resistant depression and healthy volunteers,2026,10.1038/s41380-026-03768-0,Article; Early Access
WOS,Psilocybin produces amplified acute responses and sex-specific long-term increases in sensorimotor gating in the mGlu5 knockout mouse model of schizophrenia,2026,10.1038/s41386-026-02501-3,Article; Early Access
WOS,Enhancing plasticity to treat depression and other central nervous system diseases using event-driven pharmacology,2026,10.1177/02698811261456206,Article
WOS,Psychedelics and the thalamocortical system: A scoping review,2026,10.1016/j.pbb.2026.174232,Review
WOS,Psilocybin-induced behavioral and cellular effects,2026,10.1080/01677063.2026.2695462,Article; Early Access
WOS,Antidepressant effect of psychedelic compounds and mechanisms underlying the G protein-coupled receptors activation psychedelics: Antidepressant action and GPCR signaling,2026,10.1016/j.ejphar.2026.179036,Article
WOS,Psychedelics produce enduring enhancement of reward responsiveness in male rats,2026,10.1038/s41386-026-02475-2,Article; Early Access
WOS,"The Emerging Neurobiology of Psychedelics: Critical Periods, Metaplasticity, and Extracellular Matrix Remodeling",2026,10.1146/annurev-neuro-112723-045129,Review
WOS,CSF galanin and noradrenaline downregulation by psilocybin therapy in major depressive disorder,2026,10.1038/s41386-026-02490-3,Article; Early Access
WOS,"Psilocibin: Current Evidence, Safety Signals, and Challenges in Assessing Potential Multi-Organ Effects",2026,10.3390/biomedicines14071516,Review
WOS,Psilocybin as a Transdiagnostic Treatment for Eating Disorders and Comorbid Psychopathology: Implications for Clinical Nosology and Research Directions,2026,10.1002/eat.70164,Article; Early Access
WOS,An Open-Label Study of Single-Dose Psilocybin for Borderline Personality Disorder With Co-Occurring Major Depressive Disorder,2026,10.1097/wnf.0000000000000683,Review
WOS,Differences in Existential Perspectives as a Function of Having a Mystical-Type Experience,2026,10.1177/00221678231158679,Article
WOS,"Psychedelics in treatment-resistant depression: a comprehensive review of mechanisms, clinical evidence, and recommendations",2026,10.1007/s40211-026-00584-4,Review; Early Access
WOS,Modeled Long-Term Effects of Psilocybin on Dynamic Activity and Effective Connectivity of Fronto-Striatal-Thalamic Circuits,2026,10.1002/hbm.70596,Article
WOS,The intersection between psychedelics and schizophrenia spectrum disorders: Reevaluating risk and therapeutic potential,2026,10.1177/02698811261456191,Article
WOS,Novel approaches in depression treatment: from rapid-acting antidepressants to personalized interventions,2026,10.1038/s41380-026-03722-0,Review; Early Access
WOS,Blocking 5-HT2B receptors abolishes psilocybin's efficacy in the rat forced swim test,2026,10.1177/02698811261458349,Article; Early Access
WOS,Psilocybin restores behavioral and neuroplastic deficits induced by chronic stress in rats,2026,10.1016/j.pnpbp.2026.111710,Article
WOS,"Cannabis, Psychedelics, and Other Substance Use to Manage Premenstrual Symptoms: A Survey Study",2026,10.1177/15409996261459360,Article; Early Access
WOS,Neuroplastic white matter changes in patients with major depression following lysergic acid diethylamide treatment,2026,10.1016/j.xcrm.2026.102791,Article
WOS,Expectations and Motivations for Participation in Clinical Trials Utilizing Psychedelics for Treatment-Resistant Depression: A Qualitative Study,2026,10.1002/brb3.71544,Article
WOS,Music Playlist Use in Clinical Trials of Psychedelic Assisted Psychotherapy: A Systematic Review,2026,10.1002/jclp.70167,Review
WOS,Examining the effects of psilocybin-assisted psychotherapy on anhedonia in treatment-resistant depression,2026,10.1016/j.jad.2026.121385,Article
WOS,Efficacy of Psilocybin-Assisted Therapy in Major Depressive Disorder: A Systematic Review and Meta-Analysis,2026,10.3390/psychiatryint7030137,Review
WOS,"Integrating psychedelic-assisted psychotherapy into addiction care in the Czech Republic: Clinical evidence, safety, and regulatory developments",2026,10.1556/2054.2026.00514,Review; Early Access
WOS,The effects of psychedelics on attention-deficit and hyperactivity disorder - a systematic review,2026,10.1017/neu.2026.10088,Review
WOS,Alcohol consumption and substance use among French medical students: A nationwide cross-sectional study: Consommation d'alcool et de substances chez les étudiants en médecine de France : une étude transversale nationale,2026,10.1177/07067437261457220,Article; Early Access
WOS,"MFCC-DFT mapping of ligand recognition at the 5-HT2A receptor: energetic analysis of the interactions between serotonin, psychedelics, and antipsychotics",2026,10.1039/d6cp00943c,Article
WOS,From Resistance to Redesign-The Emerging Logic of Hybrid Care in Treatment-Resistant Depression,2026,10.3390/brainsci16060612,Review
WOS,"Mystery shopper assessments of cannabis retailer practices and regulatory compliance in five US states, 2025",2026,10.1016/j.drugalcdep.2026.113218,Article
WOS,Efficacy and Safety of a Single Dose of Psilocybin for Chronic Suicidal Ideation: An Open-Label Trial,2026,,Article
WOS,Time to embrace the whole: considering the replacement of psilocybin with Psilocybe spp. in psychedelic research and therapy,2026,10.1080/14786419.2026.2683121,Article; Early Access
WOS,Psychedelic-induced hypomania and mania: a systematic review and meta-analysis,2026,10.1038/s41380-026-03657-6,Review; Early Access
WOS,Psilocybin-induced neurocardiogenic syncope: a case report,2026,10.1007/s00213-026-07079-8,Article; Early Access
WOS,Long-Term Efficacy of Psilocybin with Adjunct Psychotherapy in Treatment-Resistant Major Depression: 6-and 12-Month Naturalistic Follow-Up of a Phase 2b Trial,2026,10.1159/000552272,Article; Early Access
WOS,Improving access to novel treatments for treatment-resistant depression: The potential role of specialist clinics in Australia,2026,10.1177/00048674261450390,Article
WOS,Epigenome-wide association study of psilocybin-induced methylome changes in alcohol use disorder,2026,10.1038/s41398-026-03961-3,Article
WOS,Psychedelics and neurostimulation for treatment resistant psychiatric disorders,2026,10.1007/s44192-026-00486-5,Review
WOS,Intention-Setting Among Recreational Psychedelic Users: Associated Acute Effects and Changes in Well-Being,2026,10.1080/02791072.2026.2673844,Article; Early Access
WOS,Psychedelic Experiences and Finitude in Serious Illness: A Qualitative Synthesis,2026,10.1016/j.jpainsymman.2026.03.012,Review
WOS,"Integrating Psychedelics Into Nursing Education and Practice: Historical, Clinical, and Educational Perspectives",2026,10.1016/j.nurpra.2026.105833,Article
WOS,Psilocybin-Assisted Therapy for Adolescent Anorexia Nervosa: Clinical Considerations and Emerging Models of Care,2026,10.1007/s11920-026-01679-z,Review
WOS,Human brain changes after first psilocybin use,2026,10.1038/s41467-026-71962-3,Article
WOS,Effects of psychedelic use on authoritarian attitudes revisited,2026,10.1177/02698811261443677,Article
WOS,Challenges with clinical trial participants in studies with classical psychedelics: A position statement from the National Network of Depression Centers' task group on psychedelics and related compounds,2026,10.1177/02698811251413490,Article
WOS,Landscape analysis of pre-registered clinical trials involving classical psychedelics,2026,10.1177/02698811251371690,Review
WOS,Secular Mysticism: Entanglements of Science and Religion in Psychedelic Medicine,2026,10.1007/s11013-026-09988-x,Article
WOS,"Field Notes From Inner Space: Global Psychedelic Survey Participants Report Health Benefits, Personal Growth, and Life Transformations",2026,10.1177/00914509261444382,Article; Early Access
WOS,Psychedelics and Autism Therapy: A Review of Current Research and Future Directions,2026,10.3390/cimb48040417,Review
WOS,Blinding Integrity in Psychedelic Randomized Clinical Trials,2026,10.1001/jamapsychiatry.2026.0255,Review
WOS,Psilocybin for Treatment of Prolonged Grief Disorder: An Open-Label Feasibility Study Protocol,2026,10.3390/psychoactives5020012,Article
WOS,Psilocybin elicits a conserved glucocorticoid-responsive gene signature across five 5-HT2A receptor-rich brain regions in rat,2026,10.1017/neu.2026.10075,Article
WOS,Not a Standalone Treatment: Considerations for Psychedelic-Assisted Therapy,2026,10.1002/brb3.71280,Article
WOS,Psychedelic Therapies for Comorbid Major Depressive Disorder and Chronic Pain: A Review of Putative Mechanisms of Action,2026,10.1002/prp2.70238,Review
WOS,The astrocytes in the prefrontal cortex contribute to the rapid antidepressant-like effects of psilocybin in the chronic restraint stress mouse model,2026,10.1016/j.pnpbp.2026.111698,Article
WOS,Clinical Characteristics of Emergency Visits Related to Recreational Psychedelic Use,2026,10.1007/s10597-026-01620-x,Article; Early Access
WOS,Therapeutic Potential of Classical Psychedelics and Non-Hallucinogenic Psychoplastogens in Psychiatric Disorders,2026,10.65801/pcp.3512,Article
WOS,Rural-Urban Disparities in Access to Interventional Psychiatry Treatments Among US Department of Veterans Affairs Patients,2026,10.1037/rmh0000333,Article
WOS,Unlocking 'stuckness' and catalysing change: A qualitative study of clinician and service leader perspectives on psychedelic-assisted therapy for substance use and mental health problems,2026,10.1111/add.70403,Article; Early Access
WOS,Psychedelics in NHS services: exploring a model for real-world implementation of psilocybin,2026,10.1192/bjp.2026.10612,Review; Early Access
WOS,The Ethnopharmacological Use of Mescaline for Psychiatric Disorders: A Systematic Review,2026,10.3390/ijms27073081,Review
WOS,GH001 vs Placebo in Patients With Treatment-Resistant Depression: A Randomized Clinical Trial,2026,10.1001/jamapsychiatry.2026.0096,Article
WOS,"""You can only take your clients as far as you've been yourself"": examining the intersections between psychedelic-assisted therapy, lived-living experience, and clinical practice",2026,10.1080/09687637.2026.2645025,Article; Early Access
WOS,Psilocybin effects on brain functional connectivity: a systematic review of fMRI studies,2026,10.1007/s44192-026-00384-w,Review
WOS,Efficacy and Safety of Psilocybin in Treatment-Resistant Major Depression,2026,10.1001/jamapsychiatry.2026.0132,Article
WOS,Explainable AI framework for psilocybin depression treatment optimization,2026,10.3389/fcomp.2025.1652190,Article
WOS,The renaissance of research on psychedelics in child and adolescent psychopharmacology,2026,10.1186/s13034-026-01069-6,Article
WOS,"Changes over time in hallucinogen-related emergency department visits in Ontario, Canada",2026,10.1111/add.70363,Article
WOS,Strategic Neurodelivery of Psychedelic Compounds: Bridging Molecular Pharmacology with Therapeutic Innovation in CNS Disorders,2026,10.2174/0118715273434237251212095005,Review; Early Access
WOS,Exploring associations between connectedness and death anxiety following a psychedelic experience,2026,10.1556/2054.2026.00477,Article; Early Access
WOS,Effects of ayahuasca on neuropsychological performance and social cognition: A systematic review,2026,10.1177/02698811261424212,Review
WOS,The combination of exercise and psychedelics for the treatment of major depressive disorder,2026,10.1007/s44192-026-00408-5,Article
WOS,Single-dose psilocybin promotes cell-type-specific changes of neurons in the orbitofrontal cortex,2026,10.1016/j.neurot.2026.e00841,Article
WOS,Psilocybin Treatment as an Adjunct to Cognitive Behavioral Therapy for Eating Disorders: Therapeutic Rationale & Considerations for Protocol Development,2026,10.3390/bs16030376,Review
WOS,Journeying into Right Relations: Scientists Turn to Psilocybin to Shift Psychological Burdens of Global Environmental Change and Find Transformational Pathways Forward,2026,10.1177/14767503251404263,Article
WOS,Psilocybin and Ibogaine in Cocaine-Seeking: Extinction Enhancement Without Relapse Prevention,2026,10.1111/adb.70111,Article
WOS,The Therapeutic Potential of Psychedelics for Treatment-resistant Depression,2026,10.1097/jcp.0000000000002122,Review
WOS,"A phase 2 uncontrolled, open-label study of intranasal BPL-003 (5-methoxy-N,N-dimethyltryptamine) in patients with treatment-resistant depression",2026,10.1177/02698811261420087,Article
WOS,5-HT2A receptors in the prelimbic cortex VIP-expressing interneurons: A mechanism for psychedelic-induced innate fear attenuation,2026,10.1111/bph.70307,Article
WOS,"Psychedelic medicine: mechanisms, evidence, and translation to practice",2026,10.1136/bmj-2024-081723,Review
WOS,Microdosing psilocybin for major depressive disorder: study protocol for a phase II double-blind placebo-controlled randomised partial crossover trial,2026,10.1192/bjo.2025.10968,Article
WOS,Low-income group psilocybin assisted therapy for depression: An Oregon feasibility study,2026,10.1556/2054.2026.00485,Article; Early Access
WOS,The science of psychedelic medicine,2026,10.1038/s41591-025-04194-5,Review
WOS,Methodological moderators of psilocybin-assisted therapy in depression: A systematic review and meta-analysis,2026,10.1016/j.neubiorev.2026.106573,Review
WOS,Bridging ancient substances and modern psychiatry: the role of classic psychedelics in depression treatment,2026,10.1016/j.neuroscience.2026.01.022,Article
WOS,Single-dose DMT reverses anhedonia and cognitive deficits via restoration of neurogenesis in a stress-induced depression model,2026,10.1038/s41398-026-03852-7,Article
WOS,These aren't the beliefs you're looking for: on the limits of affect-neutral accounts of psychedelic therapy,2026,10.1007/s11229-026-05443-x,Article
WOS,Psilocin mediates long-term synaptic depression in the prelimbic cortex through 5-HT2A receptor-independent mechanisms,2026,10.1016/j.neuropharm.2026.110854,Article
WOS,Insights into psilocybin use among people with bipolar disorder: A thematic analysis of Reddit posts,2026,10.1016/j.jad.2026.121220,Article
WOS,Insights from the psychedelic experience integration session: Verbatims differentiate 3-month abstinence in alcohol use disorder with depressive symptoms,2026,10.1016/j.jad.2026.121215,Article
WOS,Research Progress on the Biological Function and Homeostatic Disruption of Microglia in the Pathogenesis of Major Depressive Disorder,2026,10.1007/s12264-025-01571-5,Review
WOS,Safety and Efficacy of Monoamine Oxidase Inhibitors in Patients Who Use Psychoactive Substances: Potential Drug Interactions and Substance Use Disorder Treatment Data,2026,10.1007/s40263-025-01256-7,Review
WOS,Analyzing the concept of independence in psychedelic research,2026,10.1080/08989621.2025.2601225,Article
WOS,Psychedelic therapeutics in psychiatric conditions,2026,10.1038/s41386-026-02335-z,Review; Early Access
WOS,Bridging the reporting gap: Application of the ReSPCT guidelines in psilocybin clinical trial protocols,2026,10.1016/j.euroneuro.2025.112746,Article
WOS,Psychedelics for treatment of negative symptoms and depressive symptoms in schizophrenia spectrum disorder: A narrative review,2026,10.1016/j.schres.2026.03.003,Review
WOS,Psychedelic Modulation of Excitation/Inhibition Balance: A Dual-Phase Neurodevelopmental Model,2026,10.1021/acschemneuro.5c00892,Review
WOS,From Adults to Adolescents: Bridging Scientific Potential and Evidence-Based Paths for Psychedelic-Assisted Interventions,2026,10.3390/psychoactives5010002,Review
WOS,Psilocybin induces sex-and context-specific recruitment of the stress axis,2026,10.1016/j.cub.2025.11.031,Article
WOS,Psilocybin and Bipolar Depression: Promise and Prudence,2026,10.1007/s40263-025-01255-8,Review
WOS,Daily Administration of Psilocin Mucate (L-130) Produces a Favorable Safety Profile and Anxiolytic Effects in Rodents Exposed to Chronic Unpredictable Mild Stress,2026,10.1080/02791072.2025.2607726,Article; Early Access
WOS,The effect of dextromethorphan on reward-related behaviors: A systematic review of preclinical and clinical evidence,2026,10.1016/j.jad.2025.120836,Review
WOS,Psychedelic-assisted psychotherapy: The Australian and general practice perspective,2026,,Article
WOS,"An exploration of the relationships between the effects of psilocybin on behavior, 5-HT2A receptor occupancy, and neuroplastic effects in mice",2026,10.1177/02698811251395386,Article
WOS,"A novel psychedelic 5-HT2A receptor agonist GM-2505: The pharmacokinetic, safety, and pharmacodynamic profile from a randomized trial healthy volunteer",2026,10.1177/02698811251378512,Article
WOS,Investigating the safety and tolerability of single-dose psilocybin for post-traumatic stress disorder: A nonrandomized open-label clinical trial,2026,10.1177/02698811251362390,Article
WOS,From trials to clinics: investigators' perspectives on translating psychedelic research into clinical care,2026,10.1093/tbm/ibag027,Article
WOS,Advancing treatment paradigms: the role of psilocybin in managing major depressive disorder,2026,10.1097/ms9.0000000000004349,Article
WOS,Psychedelic therapy and postpartum depression: priorities and prospects,2026,10.1177/20451253251408280,Review
WOS,Exploring novel therapeutic strategies: Could psychedelic perspectives offer promising solutions for Alzheimer's disease comorbidities?,2025,10.1080/19585969.2025.2480566,Review
WOS,"Psilocybin: clinical potential, mechanistic insights, and biotechnological advances for scalable production",2025,10.1007/s11274-025-04758-0,Review
WOS,Efficacy and Safety of Psychedelics in Mental Disorder Cases: An Umbrella Review of Meta-Analyses of Randomized Controlled Trials,2025,10.3390/jcm15010253,Review
WOS,How three different theories of depression converge at inflammation,2025,10.1007/s44192-025-00312-4,Review
WOS,"Psychoactive mushroom edibles: trends and toxicities reported to the United States National Poison Data System®, 2023-2024",2026,10.1080/15563650.2025.2599402,Article
WOS,Psilocybin reporting in media (PRiMe) for the treatment of depression,2025,10.1017/ipm.2025.10142,Article; Early Access
WOS,Psychedelic experiences elicited by serotonergic psychedelics: Molecular mechanisms and functional connectivity changes in the brain,2026,10.1016/j.neubiorev.2025.106529,Article
WOS,"Psilocybin in the real world: Regulatory, ethical, and operational challenges in Australia's clinical landscape",2026,10.1177/00048674251398677,Article
WOS,Preadministration of Lorazepam Negates the Long-Term Antidepressant-Like Effects of Psilocybin in Male Wistar Kyoto Rats,2025,10.1177/28314425251393186,Article; Early Access
WOS,The interplay of psychedelic use and meditation in shaping psychological well-being,2026,10.1016/j.concog.2025.103977,Article
WOS,"Cognitive outcomes following psilocybin-assisted therapy in treatment-resistant depression: A post-hoc analysis of a randomized, waitlist-controlled trial",2025,10.1016/j.pnpbp.2025.111565,Article
WOS,Difficulties following naturalistic psychedelic use and associations with adverse childhood experiences,2026,10.1016/j.drugpo.2025.105105,Article
WOS,A scoping review of variations in psychedelic interventions for psychological suffering associated with the end of life,2026,10.1016/j.socscimed.2025.118536,Review
WOS,Psilocybin and MDMA in Couples Therapy: Investigating Treatment for Substance Use Disorders and Codependency,2025,10.1007/s10591-025-09766-8,Article; Early Access
WOS,"Investigational psilocybin treatment for post-traumatic stress disorder: a qualitative study of participant experience, trauma engagement, and differences from standard treatment",2025,10.1016/j.eclinm.2025.103692,Article
WOS,Ritual to relief: ethical frontiers in repurposing psychoactive substances,2025,10.1017/s1092852924002232,Review
WOS,Psychedelics for the Treatment of Substance Use DisordersAn Overview of Systematic Reviews and Meta-Analyses,2025,10.1024/0939-5911/a000953,Review
WOS,New treatments for OCD? Evidence for cannabinoids and psychedelics,2026,10.1016/j.jpsychires.2025.11.021,Article
WOS,"A comparative assessment of the antidepressant efficacy of ketamine, psilocybin, and fluoxetine in a chronic stress model",2025,10.1038/s41598-025-29642-7,Article
WOS,"The future of psychiatry: clinical practice, diagnosis, and treatment",2026,10.1080/09540261.2025.2594523,Article
WOS,"Psychedelics in the age of reproducibility: Reflections on aura, set and setting and the medicalization of mystical-type experiences",2026,10.1016/j.drugpo.2025.105074,Article
WOS,"Exploring the first use of psychedelic macrodoses in Latin American adults: Sociodemographic profiles, consumption factors, and subjective experiences",2025,10.1556/2054.2025.00454,Article; Early Access
WOS,Synaptic priming: A framework for pharmacotherapy in depression,2025,10.1016/j.neuron.2025.09.010,Review
WOS,"Pharmacodynamic effects and plasma pharmacokinetics of N, N-dimethyltryptamine after intranasal versus subcutaneous administration in male rats",2026,10.1007/s00213-025-06879-8,Article
WOS,Supporting desistance from crime: The promise of psychedelic-assisted therapy in correctional and reentry contexts,2025,10.1016/j.drugpo.2025.105067,Article
WOS,Negative affective bias in depression following treatment with psilocybin or escitalopram - a secondary analysis from a randomized trial,2025,10.1038/s41398-025-03693-w,Article
WOS,Placebo Effects in the Treatment of Depression- Implications for the Psychedelic Renaissance,2026,10.1016/j.ncl.2025.08.009,Article
WOS,Engineering artificial biosynthetic pathways for efficient microbial production of psilocybin and psilocin,2026,10.1016/j.ymben.2025.11.002,Article
WOS,Intact neurophysiological markers of death denial in long-term ayahuasca users,2025,10.1007/s00213-025-06963-z,Article; Early Access
WOS,Novel qNMR Method to Quantify Psilocybin and Psilocin in Psychedelic Mushrooms,2025,10.1021/acsomega.5c07092,Article
WOS,Emerging mechanisms of psilocybin-induced neuroplasticity,2025,10.1016/j.tips.2025.08.012,Review
WOS,Epistemic phenomenology in psychedelic experience,2025,10.1007/s11229-025-05340-9,Article
WOS,"Classic psychedelics may treat depressive disorders, but more evidence and legislative changes are required",2025,10.1007/s40267-025-01199-5,Review
WOS,The emotional architecture of the psychedelic brain,2025,10.1016/j.tics.2025.07.006,Review
WOS,Divergent effects of ketamine and psilocybin on EEG power spectral density in a mismatch negativity paradigm,2025,10.1007/s00213-025-06952-2,Article; Early Access
WOS,Characteristics of Ongoing Clinical Trials of Psychogenic Substances for Psychiatric Disorders,2025,10.1097/jcp.0000000000002095,Article
WOS,Unfolding States of Mind: A Dissociative-Psychedelic Model of Ketamine-Assisted Psychotherapy in Palliative Care,2025,10.3390/healthcare13212714,Review
WOS,"Reactivations Associated with the Use of 5-MeO-DMT Among Spanish-Speaking Individuals: Prevalence, Predictors, and Emotional Valence",2025,10.1080/02791072.2025.2577305,Article; Early Access
WOS,Psychedelic Use and Intimacy: A Systematic Review of Experimental and Naturalistic Research,2025,10.1080/02791072.2025.2577311,Review; Early Access
WOS,Queer healing in altered states: A critical interpretive synthesis of psychedelic therapy in queer and non-binary individuals,2025,10.1556/2054.2025.00468,Article; Early Access
WOS,"Neuropharmacology of halogenated DMT analogs: psychoplastogenic and antidepressant properties of 5-Br-DMT, a psychedelic derivative with low hallucinogenic potential",2026,10.1038/s41380-025-03308-2,Article
WOS,Structure-Guided Design of Novel 5-HT2A Partial Agonists as Psychedelic Analogues with Antidepressant Effects,2025,10.1021/acs.jmedchem.5c02045,Article
WOS,"Zalsupindole is a Nondissociative, Nonhallucinogenic Neuroplastogen with Therapeutic Effects Comparable to Ketamine and Psychedelics",2025,10.1021/acschemneuro.5c00667,Article
WOS,Psychedelic compounds directly excite 5-HT2A layer V medial prefrontal cortex neurons through 5-HT2A Gq activation,2025,10.1038/s41398-025-03611-0,Article
WOS,Psilocybin-assisted psychotherapy in adults with depression - A literature review,2025,10.1016/j.pnpbp.2025.111508,Article
WOS,"Advancements in psychedelic research: Effects, mechanisms, and therapeutic potential as emerging antidepressants",2025,10.1016/j.pbb.2025.174099,Review
WOS,Psychedelic neuroplasticity of cortical neurons lacking 5-HT2A receptors,2026,10.1038/s41380-025-03257-w,Article
WOS,"An overview of psilocybin, LSD, MDMA, and ketamine in revitalizing psychedelic-assisted therapy: Insights, limitations and future directions",2025,10.1016/j.pnpbp.2025.111461,Review
WOS,Examining the potential of psilocybin and 5-MeO-DMT as therapeutics for traumatic brain injury,2025,10.1016/j.pnpbp.2025.111448,Article
WOS,Serotonin 5-HT2C Receptor Signaling Analysis Reveals Psychedelic Biased Agonism,2025,10.1021/acschemneuro.5c00647,Article
WOS,From Policy to Perception: Do Public Views on UK Drug Policy Shape Attitudes Toward Psychedelics?,2025,10.1080/02791072.2025.2558579,Article; Early Access
WOS,Concomitant use of antidepressants and classic psychedelics: A scoping review,2025,10.1177/02698811251368360,Review
WOS,A randomised placebo-controlled study of the effects of lysergic acid diethylamide microdosing (15 μg) on pain perception in healthy volunteers,2025,10.1177/20494637251371626,Article
WOS,"Mindfulness, music, visual occlusion in ketamine therapy for depression: do they change outcomes? A qualitative and quantitative analysis of a randomized controlled trial",2025,10.3389/fpsyt.2025.1642025,Article
WOS,Clinical psychedelic research in adolescents: a scoping review and overview of ethical considerations,2025,10.1016/s2352-4642(25)00208-1,Review
WOS,Psychedelics as pharmacotherapeutics for substance use disorders: A scoping review on clinical trials and perspectives on underlying neurobiology,2026,10.1111/bph.70181,Review
WOS,Ketamine-Occasioned Mystical Experience in Veterans with Treatment-Resistant Depression: A Retrospective Exploratory Analysis,2025,10.1089/psymed.2024.0040,Article
WOS,Association of Hallucinogen Use With Psychosocial Outcomes: Secondary Analysis of the Spinal Cord Injury Model Systems Database,2025,10.46292/sci24-00082,Article
WOS,Psilocybin-assisted group psychotherapy and mindfulness-based stress reduction for frontline healthcare provider COVID-19-related depression and burnout: A randomized controlled trial,2025,10.1371/journal.pmed.1004519,Article
WOS,"Safety, Tolerability, Pharmacokinetics, and Pharmacodynamics of Subcutaneous RE104",2025,10.1097/jcp.0000000000002047,Article
WOS,Brain changes associated with depression treatment: a meta-analysis,2025,10.1016/j.nicl.2025.103874,Article
WOS,Psilocybin-assisted therapy for treatment-resistant depression in the US: a model-based cost-effectiveness analysis,2025,10.1038/s41398-025-03556-4,Article
WOS,"Above the threshold, beyond the trip: the role of the 5-HT2A receptor in psychedelic-induced neuroplasticity and antidepressant effects",2025,10.1038/s41380-025-03169-9,Review
WOS,"Endocannabinoids, depression, and treatment resistance: Perspectives on effective therapeutic interventions",2025,10.1016/j.psychres.2025.116697,Review
WOS,Serotonin and psilocybin activate 5-HT1B receptors to suppress cortical signaling through the claustrum,2025,10.1038/s41467-025-62980-8,Article
WOS,Between enhancement and risk: A critical review of psychedelic microdosing,2025,10.1016/j.copsyc.2025.102129,Review
WOS,Psychedelic-Assisted Therapy: Potential Benefits and Challenges in Mental Health Treatment,2025,10.12659/msm.948302,Article
WOS,Neurobiology of psilocybin: a comprehensive overview and comparative analysis of experimental models,2025,10.3389/fnsys.2025.1585367,Review
WOS,The psychoplastogen tabernanthalog induces neuroplasticity without proximate immediate early gene activation,2025,10.1038/s41593-025-02021-1,Article
WOS,Therapeutic and legal aspects of psilocybin in cancer-related depression,2025,10.3389/fpsyt.2025.1591864,Article
WOS,Age- and estrous-dependent effects of psilocybin in rats,2025,10.1016/j.neuropharm.2025.110619,Article
WOS,Implementing psychedelic-assisted therapy: History and characteristics of the Swiss limited medical use program,2025,10.1016/j.nsa.2025.105525,Review
WOS,Long-term outcomes of single-dose psilocybin for US military Veterans with severe treatment-resistant depression-12-month data from an open-label pilot study,2025,10.1016/j.jad.2025.119655,Article
WOS,Meaning-Centered Psychotherapy for Psilocybin-Assisted Therapy Among Patients with Advanced Cancer and Depression: Rationale and Preliminary Evaluation of MCP-PSIL,2025,10.1177/28314425251363983,Article; Early Access
WOS,"Control Group Outcomes in Trials of Psilocybin, SSRIs, or Esketamine for Depression: A Meta-Analysis",2025,10.1001/jamanetworkopen.2025.24119,Article
WOS,Psilocybin in alcohol use disorder and comorbid depressive symptoms: Results from a feasibility randomized clinical trial,2025,10.1111/add.70152,Article; Early Access
WOS,Psychedelic use in individuals living with eating disorders or disordered eating: findings from the international MED-FED survey,2025,10.1186/s40337-025-01328-5,Article
WOS,Current Evidence for the Role of Rapid-Acting Antidepressants in Bipolar Depression: A Perspective and Plan for Action,2025,10.1016/j.biopsych.2025.02.903,Article
WOS,Prescription and Nonprescription Drug Use Among People With Eating Disorders,2025,10.1001/jamanetworkopen.2025.22406,Article
WOS,Perturbing whole-brain models of brain hierarchy: An application for depression following pharmacological treatment,2025,10.1111/nyas.15391,Article
WOS,Behavioural and pharmacological evaluation of the psilocybin analogue baeocystin in Wistar rats,2025,10.1016/j.pnpbp.2025.111439,Article
WOS,Attitudes toward psychedelics and psychedelic-assisted psychotherapy among Australian mental healthcare providers,2025,10.1177/00048674251346679,Article
WOS,"Pharmacokinetics, Pharmacodynamics, and Urinary Recovery of Oral Mescaline Hydrochloride in Healthy Participants",2025,10.1007/s40262-025-01544-x,Article
WOS,Naturalistic psychedelic use and changes in depressive symptoms,2025,10.1016/j.jad.2025.119857,Article
WOS,Psilocybin treatment extends cellular lifespan and improves survival of aged mice,2025,10.1038/s41514-025-00244-x,Article
WOS,The Medial Prefrontal Cortex Modulates Psychedelic-like Effects of Psilocin,2025,10.1021/acsptsci.5c00324,Article
WOS,Exploring Jordanian Physicians' and Medical Students' Perspectives on Ketamine and Psychedelic-Assisted Therapies: An Insight from the Middle East,2025,10.1080/02791072.2025.2526403,Article; Early Access
WOS,The therapeutic potential of psilocybin beyond psychedelia through shared mechanisms with ketamine,2025,10.1038/s41380-025-03100-2,Review
WOS,Single-dose (10 mg) psilocybin reduces symptoms in adults with obsessive-compulsive disorder: A pharmacological challenge study,2025,10.1016/j.comppsych.2025.152619,Article
WOS,Increasing the Evaluation and Reporting Rigor of Psychotherapy Interventions in Treatments Involving Psychedelics,2025,10.3390/psychoactives4030021,Review
WOS,PolDrugs 2025: results of the third edition of the nationwide study on psychoactive substance use in the context of psychiatry and harm reduction,2025,10.3389/fpsyt.2025.1591658,Article
WOS,Australia's psychedelic experiment: reflections from a psychiatrist clinical researcher,2025,10.1177/10398562251347890,Article
WOS,Assessing the Attitudes of Dutch Mental Health Care Professionals Toward Psychedelic-Assisted Psychotherapy: A Cross-Sectional Exploratory Study,2025,10.1080/02791072.2025.2508156,Article; Early Access
WOS,Serotonin 5-HT2A receptor expression is chronically decreased in the anterior cerebral cortex of male rats following repetitive low-level blast exposure,2025,10.3389/fneur.2025.1594335,Article
WOS,"Enhancing mindfulness and compassion through an ayahuasca-inspired formulation containing N,N-DMT and harmine: A randomized controlled trial in healthy subjects",2026,10.1177/02698811251344689,Article
WOS,Synergistic behavioral and neuroplastic effects of psilocybin-NMDAR modulator administration,2025,10.1038/s41398-025-03428-x,Article
WOS,Is there mush-room to improve the environmental sustainability of psilocybin production?,2025,10.1016/j.jcou.2025.103137,Review
WOS,Enhanced meaning in life following psychedelic use: converging evidence from controlled and naturalistic studies,2025,10.3389/fpsyg.2025.1580663,Article
WOS,Classification schemes of altered states of consciousness,2025,10.1016/j.neubiorev.2025.106178,Article
WOS,"Qualitative Analysis of Views of Psychedelic-Assisted Therapy in Low-Income, Urban, Black Americans",2025,10.1089/psymed.2024.0015,Article
WOS,Naturalistic Psychedelic Use and Psychotic Symptoms: A Cross-Sectional Study of Individuals with a Personal or Family History of Psychotic or Bipolar Disorders,2025,10.1089/psymed.2024.0036,Article
WOS,Role of endogenous serotonin in psychedelic-like effects of psilocybin in mice,2025,10.1093/ijnp/pyaf035,Article
WOS,Effects of Psilocybin on Mouse Brain Microstructure,2025,10.3174/ajnr.a8634,Article
WOS,"The Selective Serotonin 5-HT2A Receptor Agonist (S)-3-(2,5-Dimethoxy-4-(trifluoromethyl)phenyl)piperidine (LPH-5) Induces Persistent and Robust Antidepressant-Like Effects in Rodents",2025,10.1021/acsptsci.5c00208,Article
WOS,The Potential Role of Psilocybin in Traumatic Brain Injury Recovery: A Narrative Review,2025,10.3390/brainsci15060572,Review
WOS,Psilocybin-enhanced fear extinction linked to bidirectional modulation of cortical ensembles,2025,10.1038/s41593-025-01964-9,Article
WOS,5-HT2A receptors: Pharmacology and functional selectivity,2025,10.1016/j.pharmr.2025.100059,Review
WOS,Separate or inseparable? Serotonin and dopamine system interactions may underlie the therapeutic potential of psilocybin for anorexia nervosa,2025,10.1016/j.physbeh.2025.114957,Article
WOS,Hippocampal Zkscan4 confers resilience to chronic stress-induced depression-like behaviors,2025,10.1126/sciadv.adr2291,Article
WOS,Evaluating the Effectiveness of Psychedelic-Assisted Therapy in Treating Alcohol Use Disorders: A Review,2025,10.1080/07347324.2025.2500345,Review
WOS,Feasibility of a Hypnosis Intervention for a Mystical Experience,2025,10.1080/00207144.2025.2491352,Article
WOS,TRANSLATION AND ADAPTATION OF THE 5-DIMENSIONAL ALTERED STATES OF CONSCIOUSNESS SCALE (5D-ASC) INTO SPANISH: PRELIMINARY RESULTS IN PSYCHEDELIC USERS IN URUGUAY,2025,10.7714/cnps/19.2.205,Article
WOS,Identifying Three Psilocybin Use Patterns by Frequency and Quantity,2025,10.15288/jsad.23-00312,Article
WOS,"Premorbid characteristics of the SAPAP3 mouse model of obsessive-compulsive disorder: behavior, neuroplasticity, and psilocybin treatment",2025,10.1093/ijnp/pyaf022,Article
WOS,Psilocybin has a narrow therapeutic window as an antidepressant treatment,2025,10.1016/j.pnpbp.2025.111368,Article
WOS,Edible and Medicinal Fungi as Candidate Natural Antidepressants: Mechanisms and Nutritional Implications,2025,10.1002/mnfr.70080,Review
WOS,Exploring Factors Affecting Psychological Flexibility After Psychedelic Experiences,2025,10.1080/02791072.2025.2495937,Article; Early Access
WOS,Dissociable effects of psilocybin and escitalopram for depression on processing of musical surprises,2025,10.1038/s41380-025-03035-8,Article
WOS,A systematic review of psychedelic use and its relationship with meaning and purpose in life,2025,10.1556/2054.2025.00442,Review
WOS,"Rapid and sustained antidepressant effects of vaporized N,N-dimethyltryptamine: a phase 2a clinical trial in treatment-resistant depression",2025,10.1038/s41386-025-02091-6,Article
WOS,Molecular design of a therapeutic LSD analogue with reduced hallucinogenic potential,2025,10.1073/pnas.2416106122,Article
WOS,In Vitro Psilocybin Synthesis by Co-Immobilized Enzymes,2025,10.1002/chem.202501037,Article
WOS,"Exploring the therapeutic convergence of meditation, psychedelics, and MDMA",2025,10.1556/2054.2025.00435,Review
WOS,Regulatory Alignment of Psilocybin Clinical Trials in Major Depressive Disorder on ClinicalTrials.gov: A Cross-Sectional Analysis,2025,10.1055/a-2529-7029,Article
WOS,From Efficacy to Effectiveness: Evaluating Psychedelic Randomized Controlled Trials for Trustworthy Evidence-Based Policy and Practice,2025,10.1002/prp2.70097,Review
WOS,Decreased CO2 saturation during circular breathwork supports emergence of altered states of consciousness,2025,10.1038/s44271-025-00247-0,Article
WOS,De Novo Biosynthesis of Antidepressant Psilocybin in Escherichia coli,2025,10.1111/1751-7915.70135,Article
WOS,Addressing blinding in classic psychedelic studies with innovative active placebos,2025,10.1093/ijnp/pyaf023,Review
WOS,Psilocybin Dispensaries and Online Health Claims in Canada,2025,10.1001/jamanetworkopen.2025.2853,Article
WOS,Prediction of hallucinogen persisting perception disorder and thought disturbance symptoms following psychedelic use,2025,10.1093/pnasnexus/pgae560,Article
WOS,Psilocybin for disorders of consciousness: A case-report study,2025,10.1016/j.clinph.2025.02.264,Article
WOS,Classic Psychedelics for the Treatment of Depression: Potential Benefits and Challenges,2025,10.1007/s40265-025-02172-2,Article
WOS,Anhedonia: Current and future treatments,2025,10.1002/pcn5.70088,Review
WOS,Structural basis for psilocybin biosynthesis,2025,10.1038/s41467-025-58239-x,Article
WOS,Pharmacological Monotherapy for Depressive Disorders: Current and Future-A Narrative Review,2025,10.3390/medicina61040558,Review
WOS,Therapeutic Potential of Psilocybin for Treating Neuropsychiatric Long COVID Symptoms: A Reddit Investigation,2025,10.1080/02791072.2025.2478097,Article; Early Access
WOS,The intensity of the psychedelic experience is reliably associated with clinical improvements: A systematic review and meta-analysis,2025,10.1016/j.neubiorev.2025.106086,Review
WOS,"A review of psychedelics trials completed in depression, informed by European regulatory perspectives",2025,10.1016/j.nsa.2025.105516,Review
WOS,Psychedelic iatrogenic structural dissociation: an exploratory hypothesis on dissociative risks in psychedelic use,2025,10.3389/fpsyg.2025.1528253,Article
WOS,The Antecedents of Kensho Spiritual Awakenings: A Mixed-Methods Study,2025,10.1037/cns0000423,Article; Early Access
WOS,Results From a Long-Term Observational Follow-Up Study of a Single Dose of Psilocybin for a Treatment-Resistant Episode of Major Depressive Disorder,2025,10.4088/jcp.24m15449,Article
WOS,Psilocybin-Assisted Psychotherapy for Treatment-Resistant Depression in Bipolar II Disorder,2025,10.1089/psymed.2024.0032,Article
WOS,Ketamine's Altered States Meta-Analysis,2025,10.1097/jcp.0000000000001946,Article
WOS,The Double-Blind Randomized Controlled Trial as the Gold Standard in Psychedelic Research: Neither Feasible Nor Desirable,2025,10.1353/ken.2025.a978176,Article
WOS,Acute psilocybin and ketanserin effects on cerebral blood flow: 5-HT2AR neuromodulation in healthy humans,2025,10.1177/0271678x251323364,Article
WOS,Classification of psychedelics and psychoactive drugs based on brain-wide imaging of cellular c-Fos expression,2025,10.1038/s41467-025-56850-6,Article
WOS,Psychedelics in neuroinflammation: Mechanisms and therapeutic potential,2025,10.1016/j.pnpbp.2025.111278,Article
WOS,Mental disorder and its treatment as a transformative experience,2025,10.1007/s11097-025-10059-6,Article; Early Access
WOS,Investigating novel pharmacological strategies for treatment-resistant depression: focus on new mechanisms and approaches,2025,10.1080/17460441.2025.2460674,Review
WOS,Social Worker Attitudes towards Psychedelics,2026,10.1007/s10615-025-00988-9,Article
WOS,"Low (micro)doses of 2,5-dimethoxy-4-propylamphetamine (DOPR) increase effortful motivation in low-performing mice",2025,10.1016/j.neuropharm.2025.110334,Article
WOS,Emerging Medications for Treatment-Resistant Depression: A Review with Perspective on Mechanisms and Challenges,2025,10.3390/brainsci15020161,Review
WOS,Down the Rabbit Hole: A Large-Scale Survey of Psychedelic Users' Patterns of Use and Perceived Effects,2026,10.1080/02791072.2025.2452226,Article
WOS,"Lessons learned from the regulatory alignment in ketamine, esketamine and arketamine clinical trials: A cross-sectional analysis of protocols from ClinicalTrials.gov",2025,10.1016/j.psychres.2025.116559,Article
WOS,Acute effects of psilocybin on attention and executive functioning in healthy volunteers: a systematic review and multilevel meta-analysis,2025,10.1007/s00213-024-06742-2,Review
WOS,The pharmacological treatment of anxiety in people with eating disorders: A systematic review,2025,10.1016/j.phrs.2025.107782,Article
WOS,Catalyst for change: Psilocybin's antidepressant mechanisms-A systematic review,2025,10.1177/02698811241312866,Review
WOS,Set and setting in psilocybin-assisted therapy: A qualitative study of patients with cancer and depression,2025,10.1016/j.genhosppsych.2025.10.010,Article
WOS,"Role of selective serotonin reuptake inhibitors, serotonin-norepinephrine reuptake inhibitors and psychedelics in the treatment of major depressive disorder: A perspective on mechanistic insight and current status",2025,10.1016/j.ejphar.2025.177737,Article
WOS,Death Anxiety Among Users and Non-Users of Psychedelics,2026,10.1080/02791072.2025.2451035,Article
WOS,The effects of psychedelic-assisted therapy on illness and death anxiety: A systematic review and meta-analysis,2025,10.1016/j.jpsychires.2025.03.022,Review
WOS,Use of psychedelic treatments in psychiatric clinical practice: an EPA policy paper,2025,10.1192/j.eurpsy.2024.1806,Review
WOS,Psilocybin and hallucinogenic mushrooms,2024,10.1017/s1092852924002487,Review
WOS,A Psilocybin Experience Gone Wrong: The Importance of Psychedelic Assisted Psychotherapy,2026,10.1080/02791072.2025.2449918,Article
WOS,Neurocognitive effects of psilocybin: A systematic and comprehensive review of neuroimaging studies in humans,2025,10.1016/j.neubiorev.2025.106239,Article
WOS,Avoiding Stigma and Sensationalism in Therapeutic Psilocybin Communications: Considerations for Older Patients,2025,10.1016/j.jagp.2025.07.003,Article
WOS,Temporal dynamics in neuroimaging as correlates of therapeutic response to psilocybin in major depressive disorder: A systematic review and critical appraisal,2026,10.1016/j.jad.2025.120335,Review
WOS,Efficacy and safety of psilocybin in the treatment of Major Depressive Disorder (MDD): A dose-response network meta-analysis of randomized placebo-controlled clinical trials,2025,10.1016/j.psychres.2024.116337,Article
WOS,Single-Dose Psilocybin for Depression With Severe Treatment Resistance: An Open-Label Trial,2025,10.1176/appi.ajp.20231063,Article
WOS,"Psychedelic use in Poland: prevalence, correlates and social attitudes",2025,10.5114/ppn.2025.153566,Article
WOS,"Therapeutic Potential of Psychedelic Drugs: Navigating High Hopes, Strong Claims, Weak Evidence, and Big Money",2025,10.1146/annurev-psych-020124-023532,Review
WOS,Compass Psychological Support Model for COMP360 Psilocybin Treatment of Serious Mental Health Conditions,2025,10.1176/appi.ajp.20230884,Article
WOS,Psychedelics for the Treatment of Psychiatric Disorders: Interpreting and Translating Available Evidence and Guidance for Future Research,2025,10.1176/appi.ajp.20230902,Article
WOS,Psilocybin with psychotherapeutic support for treatment-resistant depression: a pilot clinical trial,2025,10.1177/20451253251377187,Article
WOS,A landscape analysis of psychedelic retreat organizations advertising online,2025,10.1371/journal.pone.0321648,Article
WOS,"Multidimensional Personality Changes Following Psilocybin-Assisted Therapy in Patients With Alcohol Use Disorder: Results From a Double-Blind, Placebo-Controlled Clinical Trial",2025,10.1176/appi.ajp.20230887,Article
WOS,"Benefits and Challenges of Ultra-Fast, Short-Acting Psychedelics in the Treatment of Depression",2025,10.1176/appi.ajp.20230890,Article
WOS,"From ""bad trips"" to ""transformative and potentially therapeutic trips"": harnessing the potential of psychedelics-narrative review",2025,10.5114/ppn.2025.153603,Review
WOS,Biological markers of treatment response to serotonergic psychedelic therapies: a systematic review,2025,10.1177/20451253251384513,Review
WOS,Examining the influence of team-based learning on medical students' comprehension and attitudes regarding psychedelic therapies,2024,10.1080/19585969.2024.2398456,Article
WOS,Evaluating the value and risks of psychedelics for psychiatric medicine: a clinical perspective,2025,10.1080/14737175.2024.2445016,Article
WOS,Therapeutic Potential of MDMA- and Psychedelic-Assisted Psychotherapy for Adolescent Depression and Trauma,2025,10.1007/s11920-024-01577-2,Review
WOS,The Australia story: Current status and future challenges for the clinical applications of psychedelics,2026,10.1111/bph.17398,Review
WOS,Suggestibility and Psychedelics: From Therapeutics to Social Context,2026,10.1037/cns0000412,Article
WOS,The library is open: a scoping review on queer representation in psychedelic research,2024,10.3389/fpubh.2024.1472559,Review
WOS,Worsening suicidal ideation and prolonged adverse event following psilocybin administration in a clinical setting: case report and thematic analysis of one participant's experience,2024,10.1192/bjo.2024.768,Article
WOS,Developing a short form of the Awe Experience Scale (AWE-SF) in psychedelic samples,2024,10.1371/journal.pone.0314469,Article
WOS,"Synergistic, multi-level understanding of psychedelics: three systematic reviews and meta-analyses of their pharmacology, neuroimaging and phenomenology",2024,10.1038/s41398-024-03187-1,Review
WOS,"Comparative antidepressant effects and safety of intravenous racemic ketamine, psilocybin and theta burst stimulation for major depressive disorder: A systematic review and network meta-analyses of randomized controlled trials",2024,10.1002/pcn5.70042,Review
WOS,Randomized Controlled Trials of Psilocybin-Assisted Therapy in the Treatment of Major Depressive Disorder: Systematic Review and Meta-Analysis,2025,10.1111/acps.13778,Review
WOS,Psilocybin as a novel treatment for chronic pain,2026,10.1111/bph.17420,Review
WOS,Effects of psychoplastogens on blood levels of brain-derived neurotrophic factor (BDNF) in humans: a systematic review and meta-analysis,2025,10.1038/s41380-024-02830-z,Review
WOS,"Reconsidering evidence for psychedelic-induced psychosis: an overview of reviews, a systematic review, and meta-analysis of human studies",2025,10.1038/s41380-024-02800-5,Review
WOS,Associations between psychedelic use and cannabis use disorder in a nationally representative sample,2025,10.1016/j.drugalcdep.2024.112502,Article
WOS,Ventral hippocampal parvalbumin interneurons gate the acute anxiolytic action of the DOI,2024,10.1016/j.neuron.2024.08.016,Article
WOS,Structural neural plasticity evoked by rapid-acting antidepressant interventions,2025,10.1038/s41583-024-00876-0,Review
WOS,Structural insights into tryptamine psychedelics: The role of hydroxyl indole ring site in 5-HT2A receptor activation and psychedelic-like activity,2025,10.1016/j.ejmech.2024.117049,Article
WOS,"Psychedelic trip sitting, dosages and intensities: Supplementing clinical studies with anecdotal reports",2024,10.1556/2054.2024.00377,Article
WOS,"Preliminary Evidence of Sleep Improvements Following Psilocybin Administration, and their Involvement in Antidepressant Therapeutic Action",2024,10.1007/s11920-024-01539-8,Review
WOS,Amid magic and menace: psychiatrists' attitudes to psilocybin therapy,2024,10.1017/ipm.2024.49,Article
WOS,Australian psychologists' attitudes towards psychedelic-assisted therapy and training following a world-first drug down-scheduling,2025,10.1111/dar.13973,Article
WOS,Psilocybin reduces grooming in the SAPAP3 knockout mouse model of compulsive behaviour,2025,10.1016/j.neuropharm.2024.110202,Article
WOS,Optimized psilocybin production in tryptophan catabolism-repressed fungi,2024,10.1111/1751-7915.70039,Article
WOS,Enhanced visual contrast suppression during peak psilocybin effects: Psychophysical results from a pilot randomized controlled trial,2024,10.1167/jov.24.12.5,Article
WOS,"Psilocin, the Psychoactive Metabolite of Psilocybin, Modulates Select Neuroimmune Functions of Microglial Cells in a 5-HT2 Receptor-Dependent Manner",2024,10.3390/molecules29215084,Article
WOS,"Critical appraisal of evidence supporting prescription of psychedelics from clinic websites in Ontario, Canada",2024,10.1371/journal.pone.0309911,Article
WOS,Substrate recognition by the 4-hydroxytryptamine kinase PsiK in psilocybin biosynthesis,2025,10.1002/1873-3468.15042,Article
WOS,Expert recommendations for Germany's integration of psychedelic-assisted therapy,2024,10.1186/s12909-024-06141-3,Review
WOS,The impact of antidepressant discontinuation prior to treatment with psilocybin for treatment-resistant depression,2024,10.1016/j.jpsychires.2024.10.009,Article
WOS,Acceptance as a possible link between past psychedelic experiences and psychological flexibility,2024,10.1038/s41598-024-75595-8,Article
WOS,Psilocybin and the glutamatergic pathway: implications for the treatment of neuropsychiatric diseases,2024,10.1007/s43440-024-00660-y,Review
WOS,Characterization and Identification of an Antimicrobial Compound Psilocybin from Psychedelic Mushroom,2025,10.1007/s12088-024-01396-2,Review
WOS,Latin American adults who regularly use macrodoses of psychedelics: a cross-sectional study,2024,10.1038/s41598-024-74590-3,Article
WOS,Striking long-term beneficial effects of single dose psilocybin and psychedelic mushroom extract in the SAPAP3 rodent model of OCD-like excessive self-grooming,2025,10.1038/s41380-024-02786-0,Article
WOS,Single-dose psilocybin for US military Veterans with severe treatment-resistant depression - A first-in-kind open-label pilot study,2025,10.1016/j.jad.2024.09.133,Article
WOS,Meta-correlation of the effect of ketamine and psilocybin induced subjective effects on therapeutic outcome,2024,10.1038/s44184-024-00091-w,Article
WOS,Perceived changes in mental health and social engagement attributed to a single psychedelic experience in autistic adults: results from an online survey,2025,10.1007/s00213-024-06685-8,Article
WOS,"Autism, youth suicide, and psychedelics: A review of the 21st century evidence",2024,10.1097/jcma.0000000000001150,Review
WOS,What should constitute a control condition in psychedelic drug trials?,2024,10.1038/s44220-024-00321-2,Review
WOS,"Effect of psilocybin versus escitalopram on depression symptom severity in patients with moderate-to-severe major depressive disorder: observational 6-month follow-up of a phase 2, double-blind, randomised, controlled trial",2024,10.1016/j.eclinm.2024.102799,Article
WOS,Impact of psilocybin on cognitive function: A systematic review,2024,10.1111/pcn.13741,Review
WOS,Psilocybin increases optimistic engagement over time: computational modelling of behaviour in rats,2024,10.1038/s41398-024-03103-7,Article
WOS,Meditating on psychedelics. A randomized placebo-controlled study of DMT and harmine in a mindfulness retreat,2024,10.1177/02698811241282637,Article
WOS,Psychedelics: A review of their effects on recalled aversive memories and fear/anxiety expression in rodents,2024,10.1016/j.neubiorev.2024.105899,Article
WOS,"Psilocybin Legalization in the United States and Psychological Reactance: A Test of Evidence Uncertainty, Controlling Language, and an Ambiguous Call to Action",2025,10.1037/mot0000361,Article
WOS,Autonomic nervous system activity correlates with peak experiences induced by DMT and predicts increases in well-being,2024,10.1177/02698811241276788,Article
WOS,'Mind-Revealing' Psychedelic States: Psychological Processes in Subjective Experiences That Drive Positive Change,2024,10.3390/psychoactives3030026,Review
WOS,"Demographic, Mental Health, and Substance Use Correlates of Self-Described Medicinal Use, Recreational Use, and Non-Use of Hallucinogenic Drugs",2025,10.1007/s11469-024-01381-2,Article
WOS,Co-administration of midazolam and psilocybin: differential effects on subjective quality versus memory of the psychedelic experience,2024,10.1038/s41398-024-03059-8,Article
WOS,Psilocybin administered following extinction sessions does not affect subsequent cocaine cue reinstatement in male and female rats and mice,2024,10.1016/j.neuroscience.2024.09.006,Article
WOS,Change in occupational burnout measures in emergency medical service workers after a psychedelic experience induced by a single self-administered dose of psilocybin mushrooms,2025,10.1556/2054.2024.00368,Article
WOS,Different hierarchical reconfigurations in the brain by psilocybin and escitalopram for depression,2024,10.1038/s44220-024-00298-y,Article
WOS,Psychedelic intimacy: Altered states of consciousness in romantic relationships,2024,10.1556/2054.2024.00319,Article
WOS,"Divergent Effects of Ketamine and the Serotoninergic Psychedelic 2,5-Dimethoxy-4-Iodoamphetamine on Hippocampal Plasticity and Metaplasticity",2024,10.1089/psymed.2023.0061,Article
WOS,Psychedelic and dissociative agents in psychiatry: challenges in the treatment,2024,10.1007/s00115-024-01727-0,Review
WOS,"Psilocybin, moralization and psychotherapy: a coping review and a case report",2025,10.1080/09515089.2024.2389962,Article
WOS,Psychedelic use and psychological flexibility: The role of meaningful intention and decentering,2025,10.1556/2054.2024.00350,Article
WOS,Altered states of consciousness in Danish healthy volunteers and recreational users of psilocybin and the possible impact of setting and intention: Danish validation of the five-dimensional altered states of consciousness questionnaire,2024,10.1177/02698811241269669,Article
WOS,Psilocybin in pharmacotherapy of obsessive-compulsive disorder,2024,10.1007/s43440-024-00633-1,Review
WOS,Comparison between Single-Dose and Two-Dose Psilocybin Administration in the Treatment of Major Depression: A Systematic Review and Meta-Analysis of Current Clinical Trials,2024,10.3390/brainsci14080829,Review
WOS,"Psilocybin Facilitates Fear Extinction: Importance of Dose, Context, and Serotonin Receptors",2024,10.1021/acschemneuro.4c00279,Article
WOS,Depression clinical trials worldwide: a systematic analysis of the ICTRP and comparison with ClinicalTrials.gov,2024,10.1038/s41398-024-03031-6,Review
WOS,"Current Perspectives on the Clinical Research and Medicalization of Psychedelic Drugs for Addiction Treatments: Safety, Efficacy, Limitations and Challenges",2024,10.1007/s40263-024-01101-3,Review
WOS,Potential Differences in Psychedelic Actions Based on Biological Sex,2024,10.1210/endocr/bqae083,Review
WOS,Psychedelic experiences in psychedelic-assisted therapy for depression,2025,10.1080/09515089.2024.2378845,Article
WOS,Psilocybin desynchronizes the human brain,2024,10.1038/s41586-024-07624-5,Article
WOS,Psychedelic experiences and long-term spiritual growth: a systematic review,2024,10.1007/s12144-024-06272-2,Article
WOS,New and emerging treatments for major depressive disorder,2024,10.1136/bmj-2022-073823,Review
WOS,"Effects of psychedelic, DOI, on nucleus accumbens dopamine signaling to predictable rewards and cues in rats",2024,10.1038/s41386-024-01912-4,Article
WOS,Unraveling psilocybin's therapeutic potential: behavioral and neuroplasticity insights in Wistar-Kyoto and Wistar male rat models of treatment-resistant depression,2025,10.1007/s00213-024-06644-3,Article
WOS,Ethnoracial inclusion in clinical trials of psychedelics: a systematic review,2024,10.1016/j.eclinm.2024.102711,Review
WOS,"Engaging Mood Brain Circuits with Psilocybin (EMBRACE): a study protocol for a randomized, placebo-controlled and delayed-start, neuroimaging trial in depression",2024,10.1186/s13063-024-08268-6,Article
WOS,A rapid narrative review of the clinical evolution of psychedelic treatment in clinical trials,2024,10.1038/s44184-024-00068-9,Review
WOS,Efficacy and safety of eight enhanced therapies for treatment-resistant depression: A systematic review and network meta-analysis of RCTs,2024,10.1016/j.psychres.2024.116018,Article
WOS,Acute Effects of Hallucinogens on Functional Connectivity: Psilocybin and Salvinorin-A,2024,10.1021/acschemneuro.4c00245,Article
WOS,Do classic psychedelics increase the risk of seizures? A scoping review,2024,10.1016/j.euroneuro.2024.05.002,Review
WOS,"Stigma, Psychedelics Use, and the Risk of Reduced Formal Mental Health Care",2026,10.1037/sah0000546,Article
WOS,Increased reactivity of the paraventricular nucleus of the hypothalamus and decreased threat responding in male rats following psilocin administration,2024,10.1038/s41467-024-49741-9,Article
WOS,Attitudes toward psychedelics and psychedelic-assisted therapy among potential mental health service users and the general population in Australia,2024,10.1177/00048674241261779,Article
WOS,Effects of psilocin and psilocybin on human 5-HT4 serotonin receptors in atrial preparations of transgenic mice and humans,2024,10.1016/j.toxlet.2024.06.006,Article
WOS,The cyclical revival of psychedelics in psychiatric treatment,2024,10.1080/03007995.2024.2368725,Review
WOS,Development of the Japanese version of the Challenging Experience Questionnaire,2024,10.1002/npr2.12456,Article
WOS,"Hypertensive Emergency Secondary to Combining Psilocybin Mushrooms, Extended Release Dextroamphetamine-Amphetamine, and Tranylcypromine",2025,10.1080/02791072.2024.2368617,Article
WOS,Psychedelics and disorders of consciousness: the current landscape and the path forward,2024,10.1093/nc/niae025,Article
WOS,The effects of psilocybin on cognition and emotional processing in healthy adults and adults with depression: a systematic literature review,2024,10.1080/13803395.2024.2363343,Review
WOS,Psychedelic therapies and belief change: are there risks of epistemic harm or epistemic injustice?,2025,10.1080/09515089.2024.2362284,Article
WOS,Psychedelic group-based integration: ethical assessment and initial recommendations,2024,10.1080/09540261.2024.2357678,Article
WOS,A scoping review of the effects of mushroom and fungus extracts in rodent models of depression and tests of antidepressant activity,2024,10.3389/fphar.2024.1387158,Review
WOS,"A Multimodal Preclinical Assessment of MDMA in Female and Male Rats: Prohedonic, Cognition Disruptive, and Prosocial Effects",2024,10.1089/psymed.2023.0049,Article
WOS,A Plea for Nuance: Should People with a Family History of Bipolar Disorder Be Excluded from Clinical Trials of Psilocybin Therapy?,2024,10.1089/psymed.2023.0051,Review
WOS,Psychedelic-assisted psychotherapy: where is the psychotherapy research?,2024,10.1007/s00213-024-06620-x,Review
WOS,Narrative review of the potential for psychedelics to treat Prolonged Grief Disorder,2024,10.1080/09540261.2024.2357668,Review
WOS,"Single Nucleotide Polymorphisms Within DRD2, COMT, and DBH and Smoking Cessation: A Systematic Review Considering Genetic Differences by Ancestry and Biological Sex",2024,10.1007/s40429-024-00580-0,Review
WOS,Is it now time to prepare psychiatry for a psychedelic future?,2024,10.1192/bjp.2024.76,Review
WOS,"RE104: Synthesis and Activity of a Novel Serotonergic Psychedelic Prodrug of 4-Hydroxy-N,N-diisopropyltryptamine",2024,10.1021/acschemneuro.4c00058,Article
WOS,Disentangling the acute subjective effects of classic psychedelics from their enduring therapeutic properties,2025,10.1007/s00213-024-06599-5,Review
WOS,"Effective Connectivity of Thalamocortical Interactions Following d-Amphetamine, LSD, and MDMA Administration",2024,10.1016/j.bpsc.2023.07.010,Article
WOS,A Brief Historical Overview of Psychedelic Research,2024,10.1016/j.bpsc.2023.11.003,Review
WOS,Comparing Neural Correlates of Consciousness: From Psychedelics to Hypnosis and Meditation,2024,10.1016/j.bpsc.2023.07.003,Article
WOS,Altered States and Social Bonds: Effects of MDMA and Serotonergic Psychedelics on Social Behavior as a Mechanism Underlying Substance-Assisted Therapy,2024,10.1016/j.bpsc.2024.02.001,Review
WOS,Expectancy Effects in Psychedelic Trials,2024,10.1016/j.bpsc.2024.02.004,Review
WOS,At the Forefront: Social Workers' Role in Psilocybin Treatment for Depression and Substance Misuse,2024,10.1093/sw/swae019,Article
WOS,New perspective on sustained antidepressant effect: focus on neurexins regulating synaptic plasticity,2024,10.1038/s41420-024-01974-9,Review
WOS,Content analysis of Reddit posts about coadministration of selective serotonin reuptake inhibitors and psilocybin mushrooms,2024,10.1007/s00213-024-06585-x,Article
WOS,"Chronic Behavioral and Neurochemical Effects of Four Novel N-Benzyl-2-phenylethylamine Derivatives Recently Identified as ""Psychoactive' in Adult Zebrafish Screens",2024,10.1021/acschemneuro.4c00017,Article
WOS,Psilocybin promotes neuroplasticity and induces rapid and sustained antidepressant-like effects in mice,2024,10.1177/02698811241249436,Article
WOS,Psilocybin restrains activity-based anorexia in female rats by enhancing cognitive flexibility: contributions from 5-HT1A and 5-HT2A receptor mechanisms,2024,10.1038/s41380-024-02575-9,Article
WOS,"Religion, Psychedelics, Risky Behavior, and Violence",2025,10.1080/02791072.2024.2346132,Article
WOS,Psychotherapeutic Interventions in Clinical Trials of Psychedelics for the Treatment of Alcohol Use Disorder,2024,10.1007/s40429-024-00574-y,Review
WOS,The Intersection of Mental Health and Sexual and Gender Minority Identities for Older Adults Living with Human Immunodeficiency Virus A Narrative Review,2024,10.1016/j.cnur.2024.01.005,Article
WOS,Psilocybin therapy and anorexia nervosa: a narrative review of safety considerations for researchers and clinicians,2024,10.1186/s40337-024-01005-z,Review
WOS,Psilocybin for dementia prevention? The potential role of psilocybin to alter mechanisms associated with major depression and neurodegenerative diseases,2024,10.1016/j.pharmthera.2024.108641,Review
WOS,Ketamine induces multiple individually distinct whole-brain functional connectivity signatures,2024,10.7554/elife.84173,Article
WOS,"Phase 1, placebo-controlled, single ascending dose trial to evaluate the safety, pharmacokinetics and effect on altered states of consciousness of intranasal BPL-003 (5-methoxy-N,N-dimethyltryptamine benzoate) in healthy participants",2024,10.1177/02698811241246857,Article
WOS,Psychedelics and the 'inner healer': Myth or mechanism?,2024,10.1177/02698811241239206,Article
WOS,"The potential of 5-methoxy-N,N-dimethyltryptamine in the treatment of alcohol use disorder: A first look at therapeutic mechanisms of action",2024,10.1111/adb.13386,Review
WOS,"Spectral signatures of psilocybin, lysergic acid diethylamide (LSD) and ketamine in healthy volunteers and persons with major depressive disorder and treatment-resistant depression: A systematic review",2024,10.1016/j.jad.2024.03.165,Review
WOS,Psilocybin pulse regimen reduces cluster headache attack frequency in the blinded extension phase of a randomized controlled trial,2024,10.1016/j.jns.2024.122993,Article
WOS,Safety and risk assessment of psychedelic psychotherapy: A meta-analysis and systematic review,2024,10.1016/j.psychres.2024.115880,Review
WOS,Clinical management of treatment-resistant depression,2024,10.1007/s00115-024-01647-z,Review
WOS,Towards a Better understanding of Persisting Perceptual Disturbances following the use of Classic Psychedelics,2024,10.1055/a-2264-6472,Article
WOS,Psychedelic Therapy as Form of Life,2024,10.1007/s12152-024-09550-9,Article
WOS,"Cultivation, chemistry, and genome of Psilocybe zapotecorum",2024,10.1556/2054.2023.00332,Article
WOS,Methyl transfer in psilocybin biosynthesis,2024,10.1038/s41467-024-46997-z,Article
WOS,Effects of discontinuation of serotonergic antidepressants prior to psilocybin therapy versus escitalopram for major depression,2024,10.1177/02698811241237870,Article
WOS,Brain dynamics predictive of response to psilocybin for treatment-resistant depression,2024,10.1093/braincomms/fcae049,Article
WOS,The mechanistic divide in psychedelic neuroscience: An unbridgeable gap?,2024,10.1016/j.neurot.2024.e00322,Article
WOS,Predicting the outcome of psilocybin treatment for depression from baseline fMRI functional connectivity,2024,10.1016/j.jad.2024.02.089,Article
WOS,'Psychedelics are no magic pill': the narrative and embodied dimensions of psychedelic integration in Denmark,2025,10.1111/anoc.12226,Article
WOS,Diminished psychedelic returns on distress: Marital status and household size,2024,10.1371/journal.pone.0293675,Article
WOS,Psychiatric risks for worsened mental health after psychedelic use,2024,10.1177/02698811241232548,Article
WOS,American Psychiatrists' Opinions About Classic Hallucinogens and Their Potential Therapeutic Applications: A 7-Year Follow-Up Survey,2024,10.1089/psymed.2023.0036,Article
WOS,A Systematic Review of the Neurocognitive Effects of Psychedelics in Healthy Populations: Implications for Depressive Disorders and Post-Traumatic Stress Disorder,2024,10.3390/brainsci14030248,Review
WOS,A Neuroanatomic and Pathophysiologic Framework for Novel Pharmacological Approaches to the Treatment of Post-traumatic Stress Disorder,2024,10.1007/s40265-023-01983-5,Review
WOS,"Are ""mystical experiences"" essential for antidepressant actions of ketamine and the classic psychedelics?",2025,10.1007/s00406-024-01770-7,Review
WOS,"Deciphering psilocybin: Cytotoxicity, anti-inflammatory effects, and mechanistic insights",2024,10.1016/j.intimp.2024.111753,Article
WOS,The effect of psilocybin on empathy and prosocial behavior: a proposed mechanism for enduring antidepressant effects,2024,10.1038/s44184-023-00053-8,Review
WOS,Multimodal Neuroimaging of the Effect of Serotonergic Psychedelics on the Brain,2024,10.3174/ajnr.a8118,Review
WOS,Psychedelics and sexual functioning: a mixed-methods study,2024,10.1038/s41598-023-49817-4,Article
WOS,"Pharmacotherapy, psychotherapy or super placebos?: Therapeutic mechanisms of action with psychedelics",2024,10.1007/s00278-024-00709-6,Review; Early Access
WOS,"Psilocybin, an Effective Treatment for Major Depressive Disorder in Adults- A Systematic Review",2024,10.9758/cpn.23.1120,Review
WOS,The role of psychotherapy in clinical studies with psychedelic drugs,2024,10.1007/s00278-024-00715-8,Review; Early Access
WOS,A comparison between psilocybin and esketamine in treatment-resistant depression using number needed to treat (NNT): A systematic review,2024,10.1016/j.jad.2024.01.142,Review
WOS,Assessing expectancy and suggestibility in a trial of escitalopram v. psilocybin for depression,2024,10.1017/s0033291723003653,Article
WOS,Psilocybe Cubensis Extract Potently Prevents Fear Memory Recall and Freezing Behavior in Short- but Not Long-Term in a Rat Model of Posttraumatic Stress Disorder,2024,10.1037/bne0000579,Article
WOS,High-resolution tracking of unconfined zebrafish behavior reveals stimulatory and anxiolytic effects of psilocybin,2024,10.1038/s41380-023-02391-7,Article
WOS,Effect of a single psilocybin treatment on Fos protein expression in male rat brain,2024,10.1016/j.neuroscience.2024.01.001,Article
WOS,"Psychedelics, epilepsy, and seizures: a review",2024,10.3389/fphar.2023.1326815,Review
WOS,Assessing the utility of in silico tools in early drug development: The case of a pharmaceutically relevant formulation of the prodrug psilocybin,2024,10.1016/j.jddst.2023.105305,Article
WOS,Antidepressant-like effects of psychedelics in a chronic despair mouse model: is the 5-HT2A receptor the unique player?,2024,10.1038/s41386-024-01794-6,Article
WOS,Rapid-acting antidepressant drugs modulate affective bias in rats,2024,10.1126/scitranslmed.adi2403,Article
WOS,Aesthetic chills mitigate maladaptive cognition in depression,2024,10.1186/s12888-023-05476-3,Article
WOS,Protocols and practices in psilocybin assisted psychotherapy for depression: A systematic review,2024,10.1016/j.jpsychires.2024.05.051,Review
WOS,Neuropsychiatric Disorders: Bridging the Gap Between Neurology and Psychiatry,2024,10.7759/cureus.51655,Article
WOS,BIO-PSYCHO-SPIRITUAL PERSPECTIVES ON PSYCHEDELICS clinical and ethical implications,2024,10.1353/pbm.2024.a919715,Article
WOS,Psilocybin and Other Classic Psychedelics in Depression,2024,10.1007/7854_2023_451,Article; Book Chapter
WOS,"Efficacy, Safety, and Tolerability of Psychedelics in Treatment-Resistant Depression ( TRD)",2024,10.1007/978-981-97-4402-2_3,Article; Book Chapter
WOS,Ethical Considerations Regarding Psychedelics for Clinical Pain Research,2024,10.2147/jpr.s491470,Review
WOS,The Psychedelic Future of Post-Traumatic Stress Disorder Treatment,2024,10.2174/1570159x22666231027111147,Review
WOS,"Safety and tolerability of inhaled N,N-Dimethyltryptamine (BMND01 candidate): A phase I clinical trial",2024,10.1016/j.euroneuro.2023.12.006,Article
WOS,Rewarding Effects of the Hallucinogen 4-AcO-DMT Administration and Withdrawal in Rats: A Challenge to the Opponent-Process Theory,2024,10.1016/j.neulet.2023.137597,Article
WOS,Psilocybin facilitates fear extinction in mice by promoting hippocampal neuroplasticity,2023,10.1097/cm9.0000000000002647,Article
WOS,Unveiling the Psychedelic Journey: An Appraisal of Psilocybin as a Profound Antidepressant Therapy,2025,10.1007/s12033-023-00994-7,Review
WOS,Psilocybin-induced default mode network hypoconnectivity is blunted in alcohol-dependent rats,2023,10.1038/s41398-023-02690-1,Article
WOS,The relation between naturalistic use of psychedelics and perception of emotional stimuli: An event-related potential study comparing non-users and experienced users of classic psychedelics,2024,10.1177/02698811231216322,Article
WOS,Single-Dose Synthetic Psilocybin With Psychotherapy for Treatment-Resistant Bipolar Type II Major Depressive Episodes A Nonrandomized Open-Label Trial,2024,10.1001/jamapsychiatry.2023.4685,Article
WOS,Group psychedelic therapy: empirical estimates of cost-savings and improved access,2023,10.3389/fpsyt.2023.1293243,Article
WOS,Efficacy and Safety of Psychedelics in Treating Anxiety Disorders,2023,10.31486/toj.23.0076,Review
WOS,Serotonin 2A Receptor (5-HT2AR) Agonists: Psychedelics and Non-Hallucinogenic Analogues as Emerging Antidepressants,2023,10.1021/acs.chemrev.3c00375,Review
WOS,Psychedelics for treatment resistant depression: are they game changers?,2023,10.1080/14656566.2023.2281582,Review
WOS,Biological embedding of early trauma: the role of higher prefrontal synaptic strength,2023,10.1080/20008066.2023.2246338,Article
WOS,Reduction of alcohol use and increase in psychological flexibility after a naturalistic psychedelic experience: a retrospective survey,2024,10.1093/alcalc/agad078,Article
WOS,Assessment of the acute subjective psychedelic experience: A review of patient-reported outcome measures in clinical research on classical psychedelics,2024,10.1177/02698811231200019,Review
WOS,Synergistic psychedelic - NMDAR modulator treatment for neuropsychiatric disorders,2024,10.1038/s41380-023-02312-8,Article
WOS,Can research on entactogens contribute to a deeper understanding of human sexuality?,2023,10.1007/s43440-023-00552-7,Review
WOS,Interaction of hallucinogenic rapid-acting antidepressants with mGlu2/3 receptor ligands as a window for more effective therapies,2023,10.1007/s43440-023-00547-4,Review
WOS,The possible place for psychedelics in pharmacotherapy of mental disorders,2023,10.1007/s43440-023-00550-9,Review
WOS,Reverse engineering therapeutic mechanisms of ketamine and Psychedelics: Insights from Translational Oncology for Research in Psychiatry,2023,10.1016/j.pmip.2023.100112,Article
WOS,LSD and psilocybin for chronic nociplastic pain: A narrative review of the literature supporting the use of classic psychedelic agents in chronic pain,2023,10.7196/samj.2023.v113i11.814,Review
WOS,Preclinical models of treatment-resistant depression: challenges and perspectives,2023,10.1007/s43440-023-00542-9,Review
WOS,Extended difficulties following the use of psychedelic drugs: A mixed methods study,2023,10.1371/journal.pone.0293349,Article
WOS,"Prophylactic effects of arketamine, but not hallucinogenic psychedelic DOI nor non-hallucinogenic psychedelic analog lisuride, in lipopolysaccharide-treated mice and mice exposed to chronic restrain stress",2023,10.1016/j.pbb.2023.173659,Article
WOS,"Ensuring the affordable becomes accessible-lessons from ketamine, a new treatment for severe depression",2024,10.1177/00048674231203898,Article
WOS,The Key Role of Intracellular 5-HT2A Receptors: A Turning Point in Psychedelic Research?,2023,10.3390/psychoactives2040018,Article
WOS,"Functional imaging studies of acute administration of classic psychedelics, ketamine, and MDMA: Methodological limitations and convergent results",2023,10.1016/j.neubiorev.2023.105421,Review
WOS,"Insights, Life Changes and Lifestyle Changes Reported by Individuals Consuming Ayahuasca in Naturalistic Settings: Nature, Frequency and Associations with Mental Health and Wellbeing",2023,10.3390/psychoactives2040017,Article
WOS,"Repeated low doses of psilocybin increase resilience to stress, lower compulsive actions, and strengthen cortical connections to the paraventricular thalamic nucleus in rats",2023,10.1038/s41380-023-02280-z,Article
WOS,Alternative beliefs in psychedelic drug users,2023,10.1038/s41598-023-42444-z,Article
WOS,How psychedelic-assisted therapy works for depression: expert views and practical implications from an exploratory Delphi study,2023,10.3389/fpsyt.2023.1265910,Article
WOS,"Neuroimaging in psychedelic drug development: past, present, and future",2023,10.1038/s41380-023-02271-0,Article
WOS,Psilocybin analog 4-OH-DiPT enhances fear extinction and GABAergic inhibition of principal neurons in the basolateral amygdala,2024,10.1038/s41386-023-01744-8,Article
WOS,Case analysis of long-term negative psychological responses to psychedelics,2023,10.1038/s41598-023-41145-x,Article
WOS,Expectancies for Subjective and Antidepressant Effects in Psilocybin Users,2023,10.1177/00221678231194798,Article; Early Access
WOS,Manic episode following psilocybin use in a man with bipolar II disorder: a case report,2023,10.3389/fpsyt.2023.1221131,Article
WOS,"Historicizing psychedelics: counterculture, renaissance, and the neoliberal matrix",2023,10.3389/fsoc.2023.1114523,Article
WOS,The Montreal model: an integrative biomedical-psychedelic approach to ketamine for severe treatment-resistant depression,2023,10.3389/fpsyt.2023.1268832,Article
WOS,Nature-themed video intervention may improve cardiovascular safety of psilocybin-assisted therapy for alcohol use disorder,2023,10.3389/fpsyt.2023.1215972,Article
WOS,Psychedelic-Assisted Psychotherapy and Mindfulness-Based Cognitive Therapy: Potential Synergies,2023,10.1007/s12671-023-02206-4,Review
WOS,"Psilocybin induces acute and persisting alterations in immune status in healthy volunteers: An experimental, placebo-controlled study",2023,10.1016/j.bbi.2023.09.004,Article
WOS,"Effects of conscious connected breathing on cortical brain activity, mood and state of consciousness in healthy adults",2024,10.1007/s12144-023-05119-6,Article
WOS,The zebrafish for preclinical psilocybin research,2023,10.1016/j.neubiorev.2023.105381,Article
WOS,"Psychedelic-Assisted Therapy in Military and Veterans Healthcare Systems: Clinical, Legal, and Implementation Considerations",2023,10.1007/s11920-023-01446-4,Review
WOS,Microbiome: The Next Frontier in Psychedelic Renaissance,2023,10.3390/jox13030025,Review
WOS,Medical Students' Attitudes and Beliefs Toward Psilocybin: Does Terminology and Personal Experience with Psychedelics Matter?,2023,10.1089/psymed.2023.0022,Article
WOS,Co-use of MDMA with psilocybin/LSD may buffer against challenging experiences and enhance positive experiences,2023,10.1038/s41598-023-40856-5,Article
WOS,Psilocybin-assisted psychotherapy for treatment-resistant depression: Which psychotherapy?,2023,10.1111/inm.13214,Article
WOS,Lower loss rate of serotonergically modulated neuronal accumulator for time in patients with major depressive disorder,2023,10.1016/j.jpsychires.2023.08.005,Article
WOS,Persons With Spinal Cord Injury Report Peripherally Dominant Serotonin-Like Syndrome After Use of Serotonergic Psychedelics,2023,10.1089/neur.2023.0022,Article
WOS,A Brief Review on the Potential of Psychedelics for Treating Alzheimer's Disease and Related Depression,2023,10.3390/ijms241512513,Review
WOS,Assessing the risk of symptom worsening in psilocybin-assisted therapy for depression: A systematic review and individual participant data meta-analysis,2023,10.1016/j.psychres.2023.115349,Review
WOS,Psychoactive substances 25H-NBOMe and 25H-NBOH induce antidepressant-like behavior in male rats,2023,10.1016/j.ejphar.2023.175926,Article
WOS,"Psilocybin for treatment-resistant depression without psychedelic effects: study protocol for a 4-week, double-blind, proof-of-concept randomised controlled trial",2023,10.1192/bjo.2023.535,Article
WOS,"Psilocybin therapy for females with anorexia nervosa: a phase 1, open-label feasibility study",2023,10.1038/s41591-023-02455-9,Article
WOS,Imprinting: expanding the extra-pharmacological model of psychedelic drug action to incorporate delayed influences of sets and settings,2023,10.3389/fnhum.2023.1200393,Article
WOS,"Psychologists' and psychotherapists' knowledge, attitudes, and clinical practices regarding the therapeutic use of psychedelics",2023,10.1002/cpp.2880,Article
WOS,"On Redescribing the Indescribable: Trauma, Psychoanalysis and Psychedelic Therapy",2023,10.1111/bjp.12852,Article
WOS,Psychedelic Assisted Psychotherapy preparing your target using psychohistoriography: a Jamaican perspective,2023,10.3389/fpsyt.2023.1136990,Article
WOS,Molecular mechanisms of rapid-acting antidepressants: New perspectives for developing antidepressants,2023,10.1016/j.phrs.2023.106837,Article
WOS,A regulatory framework review of Schedule I psychedelics in the United States,2023,10.1002/jac5.1841,Review
WOS,Health Benefits and Positive Acute Effects of Psilocybin Consumption: A Quantitative Textual Analysis of User Self-Reported Data,2024,10.1080/02791072.2023.2226414,Article
WOS,"A phase 1/2 trial to assess safety and efficacy of a vaporized 5-methoxy-N,N-dimethyltryptamine formulation (GH001) in patients with treatment-resistant depression",2023,10.3389/fpsyt.2023.1133414,Article
WOS,Psychedelics reopen the social reward learning critical period,2023,10.1038/s41586-023-06204-3,Article
WOS,"Case report: Improvement in refractory functional seizures, depression, and quality of life with ketamine-assisted therapy",2023,10.3389/fnins.2023.1197409,Article
WOS,Effect of LSD and music on the time-varying brain dynamics,2023,10.1007/s00213-023-06394-8,Article
WOS,Prevalence and therapeutic impact of adverse life event reexperiencing under ceremonial ayahuasca,2023,10.1038/s41598-023-36184-3,Article
WOS,Attenuation of psilocybin mushroom effects during and after SSRI/SNRI antidepressant use,2023,10.1177/02698811231179910,Article
WOS,Reports of Self-Compassion and Affect Regulation in Psilocybin-Assisted Therapy for Alcohol Use Disorder: An Interpretive Phenomenological Analysis,2024,10.1037/adb0000935,Article
WOS,Cost-effectiveness of psilocybin-assisted therapy for severe depression: exploratory findings from a decision analytic model,2023,10.1017/s0033291723001411,Article
WOS,Self-Transcendent Positive Emotions as a Potential Mechanism Underpinning the Effects of Meaningful Psychedelic Experiences on Connectedness to Nature,2023,10.1089/eco.2022.0044,Article
WOS,Ethical considerations for psychedelic-assisted therapy in military clinical settings,2024,10.1136/jme-2023-108943,Article
WOS,Toward Mapping Neurobehavioral Heterogeneity of Psychedelic Neurobiology in Humans,2023,10.1016/j.biopsych.2022.10.021,Review
WOS,Articulating acceptance and commitment therapy to psychedelic-assisted psychotherapy in addictology,2023,10.1016/j.evopsy.2023.01.003,Review
WOS,New Pharmacologic Approaches to the Treatment of Bipolar Depression,2023,10.1007/s40265-023-01872-x,Article
WOS,"Comparative acute effects of mescaline, lysergic acid diethylamide, and psilocybin in a randomized, double-blind, placebo-controlled cross-over study in healthy participants",2023,10.1038/s41386-023-01607-2,Article
WOS,"Therapeutic role of psilocybin and 3,4-methylenedioxymethamphetamine in trauma: A literature review",2023,10.5498/wjp.v13.i5.182,Review
WOS,Pharmacological Treatment of Generalised Anxiety Disorder: Current Practice and Future Directions,2023,10.1080/14737175.2023.2211767,Review
WOS,Considerations in the Application of Psychedelic-Augmented Psychotherapy: A Commentary on Clinical Mechanisms,2023,10.3390/psychoactives2020011,Article
WOS,Dose-response relationships of LSD-induced subjective experiences in humans,2023,10.1038/s41386-023-01588-2,Article
WOS,Role of Psychedelics in Treatment-Resistant Depression,2023,10.1016/j.psc.2023.02.004,Article
WOS,Psilocybin to promote synaptogenesis in the brains of patients with mild cognitive impairment,2023,10.1016/j.mehy.2023.111068,Article
WOS,Study protocol of an open-label proof-of-concept trial examining the safety and clinical efficacy of psilocybin-assisted therapy for veterans with PTSD,2023,10.1136/bmjopen-2022-068884,Article
WOS,Increased low-frequency brain responses to music after psilocybin therapy for depression,2023,10.1016/j.jad.2023.04.081,Article
WOS,"Safety, tolerability, and clinical and neural effects of single-dose psilocybin in obsessive-compulsive disorder: protocol for a randomized, double-blind, placebo-controlled, non-crossover trial",2023,10.3389/fpsyt.2023.1178529,Article
WOS,A critical evaluation of QIDS-SR-16 using data from a trial of psilocybin therapy versus escitalopram treatment for depression,2023,10.1177/02698811231167848,Article
WOS,"Pharmacokinetics of N,N-dimethyltryptamine in Humans",2023,10.1007/s13318-023-00822-y,Article
WOS,Sex-specific effects of psychedelic drug exposure on central amygdala reactivity and behavioral responding,2023,10.1038/s41398-023-02414-5,Article
WOS,Clinical pharmacological innovation in the treatment of depression,2023,10.1080/17512433.2023.2198703,Review
WOS,Psychedelic therapy as reality transformation: A phenomenological approach,2023,10.1556/2054.2023.00231,Article
WOS,"View, meditation, action: A Tibetan framework to inform psychedelic-assisted therapy",2023,10.1556/2054.2023.00255,Article
WOS,Pilot study of single-dose psilocybin for serotonin reuptake inhibitor-resistant body dysmorphic disorder,2023,10.1016/j.jpsychires.2023.03.031,Article
WOS,In silico characterization of the psilocybin biosynthesis pathway,2023,10.1016/j.compbiolchem.2023.107854,Article
WOS,An encounter with the self: A thematic and content analysis of the DMT experience from a naturalistic field study,2023,10.3389/fpsyg.2023.1083356,Article
WOS,Preclinical perspectives on the mechanisms underlying the therapeutic actions of psilocybin in psychiatric disorders,2023,10.1016/j.neuropharm.2023.109504,Article
WOS,Psychedelic Treatments for Substance Use Disorder and Substance Misuse: A Mixed Methods Systematic Review,2023,10.1080/02791072.2023.2190319,Review
WOS,Investigation of self-treatment with lysergic acid diethylamide and psilocybin mushrooms: Findings from the Global Drug Survey 2020,2023,10.1177/02698811231158245,Article
WOS,Is the Requirement for First-Person Experience of Psychedelic Drugs a Justified Component of a Psychedelic Therapist's Training?,2024,10.1017/s0963180123000099,Article
WOS,Personal Psychedelic Use Is Common Among a Sample of Psychedelic Therapists: Implications for Research and Practice,2023,10.1089/psymed.2022.0004,Article
WOS,A Single Administration of Psilocybin Persistently Rescues Cognitive Deficits Caused by Adolescent Chronic Restraint Stress Without Long-Term Changes in Synaptic Protein Gene Expression in a Rat Experimental System with Translational Relevance to Depression,2023,10.1089/psymed.2022.0012,Article
WOS,Pharmacotherapies for Treatment-Resistant Depression: How Antipsychotics Fit in the Rapidly Evolving Therapeutic Landscape,2023,10.1176/appi.ajp.20230025,Review
WOS,Inhibition of Microglial GSK3β Activity Is Common to Different Kinds of Antidepressants: A Proposal for an In Vitro Screen to Detect Novel Antidepressant Principles,2023,10.3390/biomedicines11030806,Review
WOS,Discovering the Potential Mechanisms of Medicinal Mushrooms Antidepressant Activity: A Review,2023,10.3390/antiox12030623,Review
WOS,Update on treatments for anxiety-related disorders,2023,10.1097/yco.0000000000000841,Review
WOS,A Bayesian Reanalysis of a Trial of Psilocybin Versus Escitalopram for Depression,2023,10.1089/psymed.2022.0002,Article
WOS,The Effect of Combined Treatment of Psilocybin and Eugenol on Lipopolysaccharide-Induced Brain Inflammation in Mice,2023,10.3390/molecules28062624,Article
WOS,"Synapses, predictions, and prediction errors: A neocortical computational study of MDD using the temporal memory algorithm of HTM",2023,10.3389/fpsyt.2023.976921,Article
WOS,Unblinding and demand characteristics in the treatment of depression,2023,10.1016/j.jad.2023.02.030,Article
WOS,Experiences of psilocybin treatment for clinical conditions: A qualitative meta-synthesis,2023,10.1111/inm.13127,Review
WOS,Examining associations between MDMA/ecstasy and classic psychedelic use and impairments in social functioning in a US adult sample,2023,10.1038/s41598-023-29763-x,Article
WOS,Serotonergic psychedelics for depression: What do we know about neurobiological mechanisms of action?,2023,10.3389/fpsyt.2022.1076459,Review
WOS,Reduced death anxiety as a mediator of the relationship between acute subjective effects of psychedelics and improved subjective well-being,2023,10.1080/07481187.2023.2169848,Article
WOS,Natural psychedelics in the treatment of depression; a review focusing on neurotransmitters,2023,10.1016/j.fitote.2023.105620,Review
WOS,The experience of 'treatment-resistant' depression: A qualitative meta-synthesis,2023,10.1111/inm.13107,Review
WOS,5-HT2ARs Mediate Therapeutic Behavioral Effects of Psychedelic Tryptamines,2023,10.1021/acschemneuro.2c00718,Article
WOS,Shared and Distinct Brain Regions Targeted for Immediate Early Gene Expression by Ketamine and Psilocybin,2023,10.1021/acschemneuro.2c00637,Article
WOS,Genome sequencing progenies of magic mushrooms (Psilocybe subaeruginosa) identifies tetrapolar mating and gene duplications in the psilocybin pathway,2023,10.1016/j.fgb.2022.103769,Article
WOS,Psychedelics in Psychiatry - Development and Current State in Germany,2023,10.1055/a-1981-3152,Article
WOS,Indigenous-Amazonian Traditional Medicine's Usage of the Tobacco Plant: A Transdisciplinary Ethnopsychological Mixed-Methods Case Study,2023,10.3390/plants12020346,Article
WOS,Next generation antidepressants with novel mechanisms for treatment resistant depression,2023,10.1016/bs.pbr.2023.02.005,Article; Book Chapter
WOS,Past Is Prologue: Ethical Issues in Pediatric Psychedelics Research and Treatment,2023,10.1353/pbm.2023.0007,Article
WOS,"Psilocybin, fashionable therapy for the Google world",2023,10.17151/culdr.2023.28.35.4,Article
WOS,What Are the Effects of Chamber REST on the Scientific Understanding of Reality?,2023,10.53765/20512201.30.1.163,Article
WOS,The Effectiveness of Microdosed Psilocybin in the Treatment of Neuropsychiatric Lyme Disease: A Case Study,2023,10.2147/imcrj.s395342,Article
WOS,Predicting the Intensity of Psychedelic-Induced Mystical and Challenging Experience in a Healthy Population: An Exploratory Post-Hoc Analysis,2023,10.2147/ndt.s426193,Article
WOS,Functional MRI markers for treatment-resistant depression: Insights and challenges,2023,10.1016/bs.pbr.2023.04.001,Article; Book Chapter
WOS,The Bright Side of Psychedelics: Latest Advances and Challenges in Neuropharmacology,2023,10.3390/ijms24021329,Review
WOS,Research on microdosing with psilocybin mushrooms: a reflection paper,2023,10.17151/culdr.2023.28.35.3,Article
WOS,Psychedelics and fNIRS neuroimaging: exploring new opportunities,2023,10.1117/1.nph.10.1.013506,Article
WOS,History repeating: guidelines to address common problems in psychedelic science,2023,10.1177/20451253231198466,Review
WOS,"Single-dose psilocybin-assisted therapy in major depressive disorder: a placebo-controlled, double-blind, randomised clinical trial",2023,10.1016/j.eclinm.2022.101809,Article
WOS,Beliefs and Perceived Barriers Regarding Psychedelic-assisted Therapy in a Pilot Study of Service Members and Veterans With a History of Traumatic Brain Injury,2023,10.1093/milmed/usac400,Article
WOS,Probing the antidepressant potential of psilocybin: integrating insight from human research and animal models towards an understanding of neural circuit mechanisms,2023,10.1007/s00213-022-06297-0,Review
WOS,Experimental strategies to discover and develop the next generation of psychedelics and entactogens as medicines,2023,10.1016/j.neuropharm.2022.109375,Article
WOS,Psychotherapists' openness to engage their patients in Psilocybin-Assisted Therapy for mental health treatment,2023,10.1016/j.jad.2022.12.050,Article
WOS,"Associations between MDMA/ecstasy, classic psychedelics, and suicidal thoughts and behaviors in a sample of US adolescents",2022,10.1038/s41598-022-25658-5,Article
WOS,Effect of psilocybin on decision-making and motivation in the healthy rat,2023,10.1016/j.bbr.2022.114262,Article
WOS,"""A sense of the bigger picture:"" A qualitative analysis of follow-up interviews with people with bipolar disorder who self-reported psilocybin use",2022,10.1371/journal.pone.0279073,Article
WOS,Seeking the Psilocybiome: Psychedelics meet the microbiota-gut-brain axis,2023,10.1016/j.ijchp.2022.100349,Article
WOS,Subacute effects of a single dose of psilocybin on biomarkers of inflammation in healthy humans: An open-label preliminary investigation,2023,10.1016/j.cpnec.2022.100163,Article
WOS,Transformative agents of change and investigative neurotechnologies: A qualitative study of psychedelic technology identities,2023,10.1016/j.ssmqr.2022.100202,Article
WOS,"Rapid antidepressant-like effect of non-hallucinogenic psychedelic analog lisuride, but not hallucinogenic psychedelic DOI, in lipopolysaccharide-treated mice",2023,10.1016/j.pbb.2022.173500,Article
WOS,"Hopelessness, Suicidality, and Co-Occurring Substance Use among Adolescent Hallucinogen Users-A National Survey Study",2022,10.3390/children9121906,Article
WOS,Psychedelic-Induced Serotonin 2A Receptor Downregulation Does Not Predict Swim Stress Coping in Mice,2022,10.3390/ijms232315284,Article
WOS,"Use of plant-based hallucinogens and dissociative agents: US Time Trends, 2002-2019",2022,10.1016/j.abrep.2022.100454,Article
WOS,DNA Authentication and Chemical Analysis of Psilocybe Mushrooms Reveal Widespread Misdeterminations in Fungaria and Inconsistencies in Metabolites,2022,10.1128/aem.01498-22,Article
WOS,"Antidepressant and Neuroprotective Effects of 3-Hydroxy Paroxetine, an Analog of Paroxetine in Rats",2023,10.1093/ijnp/pyac077,Article
WOS,Changes in music-evoked emotion and ventral striatal functional connectivity after psilocybin therapy for depression,2023,10.1177/02698811221125354,Article
WOS,"Exploratory investigation of a patient-informed low-dose psilocybin pulse regimen in the suppression of cluster headache: Results from a randomized, double-blind, placebo-controlled trial",2022,10.1111/head.14420,Article
WOS,Characterization of the Gateway Decarboxylase for Psilocybin Biosynthesis,2022,10.1002/cbic.202200551,Article
WOS,Potential benefits and harms: a review of poisonous mushrooms in the world,2022,10.1016/j.fbr.2022.06.002,Review
WOS,Altered States of Consciousness During Ceremonial San Pedro Use,2023,10.1080/10508619.2022.2139502,Article
WOS,Psilocybin for alcohol use disorder: Rationale and design considerations for a randomized controlled trial,2022,10.1016/j.cct.2022.106976,Article
WOS,Psychedelic-Assisted Therapy for People with Eating Disorders,2022,10.1007/s11920-022-01394-5,Review
WOS,"The Missing Piece? A Case for Microglia's Prominent Role in the Therapeutic Action of Anesthetics, Ketamine, and Psychedelics",2023,10.1007/s11064-022-03772-0,Review
WOS,Treatment-resistant depression. From classification to new therapies.,2022,,Review
WOS,Race and ethnicity moderate the associations between lifetime psychedelic use (MDMA/ecstasy and psilocybin) and major depressive episodes,2023,10.1177/02698811221127304,Article
WOS,The Efficacy of Psychedelic-Assisted Therapy in Managing Post-traumatic Stress Disorder (PTSD): A New Frontier?,2022,10.7759/cureus.30919,Review
WOS,Low doses of lysergic acid diethylamide (LSD) increase reward-related brain activity,2023,10.1038/s41386-022-01479-y,Article
WOS,Therapeutic (Sub)stance: Current practice and therapeutic conduct in preparatory sessions in substance-assisted psychotherapy-A systematized review,2022,10.1177/02698811221127954,Review
WOS,A proposed mechanism for the MDMA-mediated extinction of traumatic memories in PTSD patients treated with MDMA-assisted therapy,2022,10.3389/fpsyt.2022.991753,Review
WOS,Race and ethnicity moderate the associations between lifetime psychedelic use (MDMA and psilocybin) and psychological distress and suicidality,2022,10.1038/s41598-022-18645-3,Article
WOS,"If the Doors of Perception Were Cleansed, Would Chronic Pain be Relieved? Evaluating the Benefits and Risks of Psychedelics",2022,10.1016/j.jpain.2022.05.003,Article
WOS,Associations between MDMA/ecstasy use and physical health in a US population-based survey sample,2022,10.1177/02698811221127318,Article
WOS,"3,4-Methylenedioxy methamphetamine, synthetic cathinones and psychedelics: From recreational to novel psychotherapeutic drugs",2022,10.3389/fpsyt.2022.990405,Review
WOS,Inconsistencies between national drug policy and professional beliefs about psychoactive drugs among psychiatrists in the United States,2022,10.1016/j.drugpo.2022.103816,Article
WOS,Animal Behavior in Psychedelic Research,2022,10.1124/pharmrev.122.000590,Review
WOS,Esketamine and Psilocybin-The Comparison of Two Mind-Altering Agents in Depression Treatment: Systematic Review,2022,10.3390/ijms231911450,Review
WOS,Bespoke library docking for 5-HT2A receptor agonists with antidepressant activity,2022,10.1038/s41586-022-05258-z,Article
WOS,Discovery of ß-Arrestin-Biased 25CN-NBOH-Derived 5-HT2A Receptor Agonists,2022,10.1021/acs.jmedchem.2c00702,Article
WOS,"Heads, Seekers, Psychonauts, and One-Timers: Patterns in Stories of Psychedelic Consumption",2023,10.1177/00220426221128191,Article
WOS,The Use of Psychedelics in the Treatment of Medical Conditions: An Analysis of Currently Registered Psychedelics Studies in the American Drug Trial Registry,2022,10.7759/cureus.29167,Review
WOS,A Research Domain Criteria (RDoC)-Guided Dashboard to Review Psilocybin Target Domains: A Systematic Review,2022,10.1007/s40263-022-00944-y,Review
WOS,Effects of psilocybin versus escitalopram on rumination and thought suppression in depression,2022,10.1192/bjo.2022.565,Article
WOS,Ketamine With Psychotherapy for the Treatment of Depression,2022,10.3928/00485713-20220810-04,Article
WOS,Psychedelics and mindfulness: A systematic review and meta-analysis,2022,10.1556/2054.2022.00218,Review
WOS,"Pharmacokinetics, systemic toxicity, thermoregulation and acute behavioural effects of 25CN-NBOMe",2022,10.1111/adb.13216,Article
WOS,Seeing in Visionary and Mystical Experience: A Perceptual and Cognitive-Semantic Account,2022,10.1163/23526416-bja10030,Article
WOS,"Macrodosing to microdosing with psychedelics: Clinical, social, and cultural perspectives",2022,10.1177/13634615221119386,Review
WOS,New investigational agents for the treatment of major depressive disorder,2022,10.1080/13543784.2022.2113376,Review
WOS,Skepticism about Recent Evidence That Psilocybin Liberates Depressed Minds,2022,10.1021/acschemneuro.2c00461,Article
WOS,Where do we go next in antidepressant drug discovery? A new generation of antidepressants: a pivotal role of AMPA receptor potentiation and mGlu2/3 receptor antagonism,2022,10.1080/17460441.2022.2111415,Review
WOS,The Association of Classic Serotonergic Psychedelic Use and Intention of Future Use with Nature Relatedness,2023,10.1080/02791072.2022.2112788,Article
WOS,Differences across sexes on head-twitch behavior and 5-HT2A receptor signaling in C57BL/6J mice,2022,10.1016/j.neulet.2022.136836,Article
WOS,Cystathionine Gamma-Lyase Regulate Psilocybin Biosynthesis in Gymnopilus dilepis Mushroom via Amino Acid Metabolism Pathways,2022,10.3390/jof8080870,Article
WOS,Tobacco Addiction,2022,10.1056/nejmcp2032393,Article
WOS,5-HT2A SNPs Alter the Pharmacological Signaling of Potentially Therapeutic Psychedelics,2022,10.1021/acschemneuro.1c00815,Article
WOS,Psilocybin reduces low frequency oscillatory power and neuronal phase-locking in the anterior cingulate cortex of awake rodents,2022,10.1038/s41598-022-16325-w,Article
WOS,Buddhist-like opposite diminishing and non-judging during ketamine infusion are associated with antidepressant response: an open-label personalized-dosing study,2022,10.3389/fphar.2022.916641,Article
WOS,Magic Mushrooms - an exploratory look at how mental health professionals feel and think about Psilocybin,2022,10.1016/j.psychres.2022.114727,Article
WOS,The illusion of knowledge in the emerging field of psychedelic research,2022,10.1016/j.newideapsych.2022.100967,Article
WOS,Psychedelics in the treatment of unipolar and bipolar depression,2022,10.1186/s40345-022-00265-5,Review
WOS,Methylenedioxymethamphetamine (MDMA)-Assisted Therapy in Hawaii: A Brief Review,2022,10.7759/cureus.26402,Review
WOS,Attitudes of Mental Health Experts Towards Psilocybin,2023,10.1055/a-1846-1161,Article
WOS,Psychedelic-Assisted Psychotherapy-A Systematic Review of Associated Psychological Interventions,2022,10.3389/fpsyg.2022.887255,Review
WOS,"Don?t be afraid, try to meditate- potential effects on neural activity and connectivity of psilocybin-assisted mindfulness-based intervention for social anxiety disorder: A systematic review",2022,10.1016/j.neubiorev.2022.104724,Review
WOS,Acute behavioral and Neurochemical Effects of Novel N-Benzyl-2-Phenylethylamine Derivatives in Adult Zebrafish,2022,10.1021/acschemneuro.2c00123,Article; Early Access
WOS,Ketamine Augmented Psychotherapy (KAP) in mood disorder: User guide,2022,10.1016/j.encep.2021.08.011,Review
WOS,Mysticizing medicine: incorporating nondualism into the training of psychedelic guides,2023,10.1080/03080188.2022.2075199,Article
WOS,Psychedelic resting-state neuroimaging: A review and perspective on balancing replication and novel analyses,2022,10.1016/j.neubiorev.2022.104689,Review
WOS,Development of an E. coli-based norbaeocystin production platform and evaluation of behavioral effects in rats,2022,10.1016/j.mec.2022.e00196,Article
WOS,"Effect of Psilocybin and Ketamine on Brain Neurotransmitters, Glutamate Receptors, DNA and Rat Behavior",2022,10.3390/ijms23126713,Article
WOS,A systematic literature review of clinical trials and therapeutic applications of ibogaine,2022,10.1016/j.jsat.2021.108717,Review
WOS,Neural mechanisms underlying psilocybin's therapeutic potential - the need for preclinical in vivo electrophysiology,2022,10.1177/02698811221092508,Review
WOS,Unraveling the Mysteries of Mental Illness With Psilocybin,2022,10.7759/cureus.25414,Review
WOS,Psychedelics and Psychotherapy: Cognitive-Behavioral Approaches as Default,2022,10.3389/fpsyg.2022.873279,Review
WOS,Magic mushroom extracts in lipid membranes,2022,10.1016/j.bbamem.2022.183957,Article
WOS,Chronic Treatment With Psilocybin Decreases Changes in Body Weight in a Rodent Model of Obesity,2022,10.3389/fpsyt.2022.891512,Article
WOS,Assessment of Bioactivity-Modulating Pseudo-Ring Formation in Psilocin and Related Tryptamines,2022,10.1002/cbic.202200183,Article
WOS,The Therapeutic Potential of Psychedelic-assisted Therapies for Symptom Control in Patients Diagnosed With Serious Illness: A Systematic Review,2022,10.1016/j.jpainsymman.2022.01.024,Review
WOS,Serotonergic psychedelic drugs LSD and psilocybin reduce the hierarchical differentiation of unimodal and transmodal cortex,2022,10.1016/j.neuroimage.2022.119220,Article
WOS,Self-transcendence Predicts Better Pre- and Postoperative Outcomes in Two Randomized Clinical Trials of Brief Mindfulness-Based Interventions,2022,10.1007/s12671-022-01896-6,Article
WOS,Mystical experiences without mysticism: An argument for mystical fictionalism in psychedelics,2022,10.1556/2054.2022.00207,Article
WOS,Psychedelic assisted therapy for major depressive disorder: Recent work and clinical directions,2022,10.1556/2054.2022.00211,Review
WOS,Naturalistic use of psychedelics is related to emotional reactivity and self-consciousness: The mediating role of ego-dissolution and mystical experiences,2022,10.1177/02698811221089034,Article
WOS,Increased global integration in the brain after psilocybin therapy for depression,2022,10.1038/s41591-022-01744-z,Article
WOS,Adverse experiences resulting in emergency medical treatment seeking following the use of magic mushrooms,2022,10.1177/02698811221084063,Article
WOS,Recent advances in the psychopharmacology of major depressive disorder,2023,10.1192/bja.2022.14,Article
WOS,Great Expectations: recommendations for improving the methodological rigor of psychedelic clinical trials,2022,10.1007/s00213-022-06123-7,Review
WOS,Will psilocybin lose its magic in the clinical setting?,2022,10.1177/20451253221090822,Review
WOS,Psychedelics and environmental virtues,2024,10.1080/09515089.2022.2057290,Article
WOS,How to account for hallucinations in the interpretation of the antidepressant effects of psychedelics: a translational framework,2022,10.1007/s00213-022-06106-8,Article
WOS,How Important Is a Guide Who Has Taken Psilocybin in Psilocybin-Assisted Therapy for Depression?,2023,10.1080/02791072.2022.2047842,Article
WOS,Towards psychedelic apprenticeship: Developing a gentle touch for the mediation and validation of psychedelic-induced insights and revelations,2022,10.1177/13634615221082796,Review
WOS,"Diversity, biology, and history of psilocybin-containing fungi: Suggestions for research and technological development",2022,10.1016/j.funbio.2022.01.003,Article
WOS,Drug-drug interactions between psychiatric medications and MDMA or psilocybin: a systematic review,2022,10.1007/s00213-022-06083-y,Review
WOS,Effects of the 5-HT2A receptor antagonist volinanserin on head-twitch response and intracranial self-stimulation depression induced by different structural classes of psychedelics in rodents,2022,10.1007/s00213-022-06092-x,Article
WOS,"Effects of ketamine optical isomers, psilocybin, psilocin and norpsilocin on time estimation and cognition in rats",2022,10.1007/s00213-021-06020-5,Article
WOS,Ayahuasca and tobacco smoking cessation: results from an online survey in Brazil,2022,10.1007/s00213-022-06063-2,Article
WOS,"Psilocybin: Characterization of the Metastable Zone Width (MSZW), Control of Anhydrous Polymorphs, and Particle Size Distribution (PSD)",2022,10.1021/acsomega.1c06708,Article
WOS,Psychedelic use is associated with reduced daily opioid use among people who use illicit drugs in a Canadian setting,2022,10.1016/j.drugpo.2021.103518,Article
WOS,Psychedelic-assisted psychotherapy for the treatment of major depression: a synthesis of phenomenological explanations,2022,10.1007/s11019-022-10070-7,Article
WOS,"Human Cortical Serotonin 2A Receptor Occupancy by Psilocybin Measured Using [11C]MDL 100,907 Dynamic PET and a Resting-State fMRI-Based Brain Parcellation",2022,10.3389/fnrgo.2021.784576,Article
WOS,Assessing the risk-benefit profile of classical psychedelics: a clinical review of second-wave psychedelic research,2022,10.1007/s00213-021-06049-6,Review
WOS,Overcoming epistemic injustices in the biomedical study of ayahuasca: Towards ethical and sustainable regulation,2022,10.1177/13634615211062962,Article
WOS,MDMA/ecstasy use and psilocybin use are associated with lowered odds of psychological distress and suicidal thoughts in a sample of US adults,2022,10.1177/02698811211058923,Article
WOS,Lifetime use of MDMA/ecstasy and psilocybin is associated with reduced odds of major depressive episodes,2022,10.1177/02698811211066714,Article
WOS,Phenomenological assessment of psychedelics induced experiences: Translation and validation of the German Challenging Experience Questionnaire (CEQ) and Ego-Dissolution Inventory (EDI),2022,10.1371/journal.pone.0264927,Article
WOS,The use of psilocybin for treatment-resistant depression,2022,10.17992/lbl.2022.09.706,Article
WOS,Classic Psychedelics in Addiction Treatment: The Case for Psilocybin in Tobacco Smoking Cessation,2022,10.1007/7854_2022_327,Article; Book Chapter
WOS,Methodological challenges in psychedelic drug trials: Efficacy and safety of psilocybin in treatment-resistant major depression (EPIsoDE)-Rationale and study design,2022,10.1016/j.nsa.2022.100104,Article
WOS,Psychedelic medicines for mood disorders: current evidence and clinical considerations,2022,10.1097/yco.0000000000000759,Review
WOS,Human behavioral pharmacology of psychedelics,2022,10.1016/bs.apha.2021.10.003,Article; Book Chapter
SCOPUS,When a sip of water triggers fear: an imported case of human rabies in Italy,2026,10.32113/idtm_20262_1809,Article
SCOPUS,Psychological support can be distinguished from psychotherapy: Clarifications for future empirical work,2026,10.1016/j.genhosppsych.2025.12.021,Article
SCOPUS,IUPHAR Article: Psilocybin induces long-lasting effects via 5-HT2A receptors in mouse models of chronic pain,2025,10.1016/j.phrs.2025.107699,Article
SCOPUS,Novel treatment strategies for the management of refractory bipolar disorder,2026,10.1080/14737175.2026.2653176,Review
SCOPUS,Psychedelics and the Extracellular Matrix: Rewiring Neuroplasticity and Metaplasticity for Next-Generation Psychiatric Therapies,2026,10.1016/j.biopsych.2026.02.011,Review
SCOPUS,Cost-Effectiveness of Psilocybin-Assisted Therapy Versus Standard of Care for Patients With Treatment-Resistant Depression,2026,10.1016/j.vhri.2026.101605,Article
SCOPUS,Naturalistic use of psychedelics is associated with longitudinal improvements in anxiety and depression during global crisis times,2025,10.1177/02698811251346729,Article
SCOPUS,"Changes in recreational drug use, reasons for those changes and their consequence during and after the COVID-19 pandemic in the UK",2025,10.1016/j.comppsych.2025.152598,Article
SCOPUS,Psilocybin-assisted physiotherapy for refractory motor functional neurological disorder: protocol for a randomised dose-comparison pilot study,2025,10.1017/neu.2025.10042,Article
SCOPUS,"5 Years of bipolar disorder conversations on Reddit: Methods, key topics and future directions",2026,10.1371/journal.pone.0338622,Article
SCOPUS,Psychedelics for the management of symptoms of traumatic brain injury: Findings from the global psychedelic survey,2026,10.1016/j.pnpbp.2026.111624,Article
SCOPUS,Indigenous Knowledge Systems & Psychedelic Science: Towards Ethical and Reciprocal Collaboration,2026,10.1177/02698811251387104,Article
SCOPUS,Health Care Workers’ Attitudes Toward and Knowledge of the Clinical Application of Classic Psychedelics for People with Serious Illness: A Systematic Review,2025,10.1089/jpm.2024.0306,Review
SCOPUS,Relative effectiveness of antidepressant treatments in treatment-resistant depression: a systematic review and network meta-analysis of randomized controlled trials,2025,10.1038/s41386-024-02044-5,Article
SCOPUS,COMBINATION OF PSILOCYBIN AND COGNITIVE BEHAVIORAL THERAPY IMPROVES OXYTOCIN LEVELS AND DEPRESSIVE SYMPTOMS IN PATIENTS WITH MAJOR DEPRESSIVE DISORDER,2026,10.4238/e91xh631,Article
SCOPUS,Exploring psychedelic experiences among people who regularly use methamphetamine: Findings from an international survey,2025,10.1016/j.drugalcdep.2025.112699,Article
SCOPUS,Therapeutic advances in fibromyalgia: one year in review 2026,2026,,Article
SCOPUS,Potential molecular pathways and therapeutic implications of rapid-acting antidepressants on myelin biology: a scoping review,2026,10.3389/fnins.2025.1690318,Review
SCOPUS,Contribution of the Serotonin 5-HT2A Receptor to the Therapeutic Effect of Psilocin on Social Behavior Deficits in Mice Repeatedly Exposed to Social Defeat Stress,2026,10.1002/npr2.70152,Article
SCOPUS,With great power comes great responsibility: Promise and caution in the new psychedelic renaissance,2025,10.1016/j.dscb.2025.100286,Article
SCOPUS,Meaning and Psychedelics in Palliative Care: A Narrative Review,2026,10.1016/j.jpainsymman.2025.10.015,Review
SCOPUS,Towards a dynamic processual model of psychedelic microdosing,2025,10.1016/j.drugpo.2024.104691,Article
SCOPUS,"The transformational power of psychedelics: catalysts for creativity, consciousness, and mental health",2025,10.1038/s41380-025-03291-8,Article
SCOPUS,Self-inflicted transorbital intracranial foreign body following ingestion of hallucinogenic psilocybin mushrooms,2025,10.1016/j.ajoc.2025.102359,Article
SCOPUS,"Reopening developmental windows: Social play, safety, autonomic flexibility, and the therapeutic potential of psychedelics",2026,10.1016/j.neubiorev.2026.106714,Review
SCOPUS,A 25-year analysis of Armillaria (honey mushroom) poisoning in Wisconsin,2026,10.1016/j.ajem.2026.04.033,Article
SCOPUS,Psychedelics elicit their effects by 5-HT2A receptor-mediated Gi signalling,2026,10.1038/s41586-025-10061-7,Article
SCOPUS,Spatiotemporal mapping of brain organisation following the administration of 2C-B and psilocybin,2026,10.1038/s41380-026-03447-0,Article
SCOPUS,Psilocybin as an alternative to conventional treatments: A systematic review; [La psilocibina como alternativa a los tratamientos convencionales: una revisión sistemática],2026,10.47307/gmc.2026.134.s2.32,Article
SCOPUS,Less is more? Antidepressant effects of short-acting psychedelics,2025,10.1038/s41386-025-02103-5,Article
SCOPUS,Insights on psychedelics: A systematic review of therapeutic effects,2025,10.1016/j.neubiorev.2025.106117,Review
SCOPUS,"Shame, Guilt and Psychedelic Experience: Results from a Prospective, Longitudinal Survey of Real-World Psilocybin Use",2026,10.1080/02791072.2025.2461997,Article
SCOPUS,Psychedelic Therapy and the Role of Music: A Scoping Review of Quantitative Evidence on Subjective and Objective Outcomes,2026,10.1002/brb3.71533,Review
SCOPUS,"Unequal representation? A cross-sectional analysis of age, sex, race, and ethnicity in clinical trials of classic psychedelics",2025,10.1177/02698811251353250,Article
SCOPUS,Real-World Psilocybin Therapy for Treatment-Resistant Depression: A Retrospective Observational Study,2026,10.1016/j.lanepe.2026.101719,Article
SCOPUS,Psilocybin and Obsessive-Compulsive Disorder: Exploring New Therapeutic Horizons,2025,10.1007/s12264-025-01415-2,Article
SCOPUS,Psilocybin triggers an activity-dependent rewiring of large-scale cortical networks,2026,10.1016/j.cell.2025.11.009,Article
SCOPUS,Psilocybin Microdosing for Anxiety Relief in Young Adults: A Comparative Review of Emerging Evidence,2025,10.70389/pjs.100036,Review
SCOPUS,"Global Trends in Psychedelic Microdosing: Demographics, Substance Testing Behavior, and Patterns of Use",2026,10.1080/02791072.2024.2424284,Article
SCOPUS,Effect of psychotropic medications on suicide-related outcomes: a systematic review and meta-analysis of observational studies,2026,10.1016/j.eclinm.2026.103800,Article
SCOPUS,Pain and Perception: Exploring Psychedelics as Novel Therapeutic Agents in Chronic Pain Management,2025,10.1007/s11916-024-01353-0,Article
SCOPUS,Prolonged adverse effects from repeated psilocybin use in an underground psychedelic therapy training program: a case report,2025,10.1186/s12888-024-06303-z,Article
SCOPUS,Suicide of a patient shortly after psilocybin-assisted psychedelic therapy: A case report,2025,10.1016/j.psychres.2025.116381,Article
SCOPUS,Unveiling the Interactions: Molecular Docking of Antidepressants with Human SERT and Mouse Pendrin,2026,10.52711/0974-360x.2026.00242,Article
SCOPUS,Towards “unmakable” psychedelics: SAR exploration of psilocin analogs obtained by a HATU-mediated amide coupling strategy,2025,10.1016/j.ejmcr.2025.100278,Article
SCOPUS,Making sense of desperation for treatment in decisions to use psychedelics for depression and anxiety: A qualitative Subreddit study anticipating clinical challenges,2026,10.1016/j.genhosppsych.2026.02.002,Article
SCOPUS,Systems-based psychiatry: insights from psychedelic research on mechanisms of healing,2026,10.3389/fpsyt.2026.1789902,Article
SCOPUS,The Epidemiology of Psychedelic Use Among United States Military Veterans,2025,10.1080/02791072.2024.2401977,Article
SCOPUS,Serotonergic psychedelics for depression: A comprehensive overview,2025,10.1016/bs.irn.2025.04.009,Article
SCOPUS,Human neuroimaging: fMRI,2025,10.1016/bs.irn.2025.04.013,Article
SCOPUS,Consultation-Liaison Case Conference: Stimulant-Induced Tardive Dyskinesia,2026,10.1016/j.jaclp.2025.11.004,Review
SCOPUS,Exploring the therapeutic potential of psychedelics in treating substance use disorders,2025,10.1038/s41380-025-03168-w,Article
SCOPUS,Potential therapeutic effects of psychedelics in small doses: Is there a role for microdosing in psychiatry?,2025,10.1016/bs.irn.2025.03.002,Article
SCOPUS,A scoping review of the effects of serotonergic psychedelics on attitudes towards death,2025,10.1007/s00213-025-06787-x,Review
SCOPUS,"Inaugural year of regulated psilocybin services in Oregon: safety, motivations, and utilization",2026,10.3389/fpsyt.2026.1777387,Article
SCOPUS,Effects of psychedelic microdosing on cognitive functions: A systematic review and meta-analysis,2026,10.1016/j.neubiorev.2025.106493,Review
SCOPUS,Intravenous ketamine versus electroconvulsive therapy for major depressive disorder or bipolar depression: A meta-analysis of randomized controlled trials,2025,10.1016/j.jad.2024.11.034,Review
SCOPUS,The combined effectiveness of neurofeedback and complementary or neuromodulatory therapies on adult mental health: A systematic review,2025,10.1016/j.brainresbull.2025.111623,Review
SCOPUS,Psilocybin in the treatment of eating disorders: a systematic review of the literature and registered clinical trials,2025,10.1007/s40519-025-01771-y,Review
SCOPUS,Psilocybin or Nicotine Patch for Smoking Cessation: A Pilot Randomized Clinical Trial,2026,10.1001/jamanetworkopen.2026.0972,Article
SCOPUS,"New Approach Methodologies and Open Access Tools Help Characterize Risks for DART, DNT, or Endocrine Effects From Exposure to Hallucinogens With Potential Pesticide Contaminants",2026,10.1002/bdr2.70048,Article
SCOPUS,"Classical psychedelic microdosing, mood, and cognitive function: An umbrella review with narrative synthesis",2026,10.1177/02698811261456196,Review
SCOPUS,Unveiling Psychedelics: One of the Most Meaningful Events in Life Associated with Improved Well-Being in Swedish Users,2026,10.1080/02791072.2024.2444892,Article
SCOPUS,The Future of Pain Management,2025,10.1016/j.ncl.2025.04.007,Review
SCOPUS,Reappraisal of the hype and hope offered by psilocybin treatment of depression,2025,10.26635/6965.7138,Article
SCOPUS,Oregon’s Emerging Psilocybin Services Workforce: A Survey of the First Legal Psilocybin Facilitators and Their Training Programs,2026,10.1080/02791072.2025.2454474,Article
SCOPUS,Psychological Adverse Effects of Psychedelic Use,2026,10.4088/pcc.25f04172,Article
SCOPUS,Three Cases of Depersonalization/Derealization Disorder Related to the Use of Classic Psychedelics; [Drei Fälle von Depersonalisations/Derealisationssyndromen nach Einnahme von klassischen Psychedelika],2025,10.1024/0939-5911/a000959,Article
SCOPUS,‘Go with the “wave of music” to dive deep’: Exploring perceptions of psychedelic-assisted therapy and the role of music within this practice,2025,10.1016/j.aip.2025.102284,Article
SCOPUS,Single-dose psilocybin rapidly and sustainably relieves allodynia and anxiodepressive-like behaviors in mouse models of chronic pain,2025,10.1038/s41593-025-02068-0,Article
SCOPUS,The Role of Psychedelics in the Treatment of Substance Use Disorders: An Overview of Systematic Reviews,2025,10.3390/brainsci15101056,Review
SCOPUS,Treatment approaches and efficacy in psychedelic-induced psychosis: A systematic review,2025,10.1016/j.ajp.2025.104604,Review
SCOPUS,Depressive disorders: systematic review of approved psychiatric medications (2009-April 2025) and pipeline phase 3 medications,2025,10.1186/s12888-025-07141-3,Review
SCOPUS,Rapid Monoamine Oxidase Inhibitor Switches in Treatment-Resistant Depression: Safety Evaluation in 3 Cases,2025,10.1097/pra.0000000000000869,Article
SCOPUS,Psychedelics and Suicide-Related Outcomes: A Systematic Review,2025,10.3390/jcm14051416,Review
SCOPUS,Exploring the Potential of Psychedelics in the Treatment of Headache Disorders: Clinical Considerations and Exploratory Insights,2025,10.1007/s11916-024-01321-8,Article
SCOPUS,Understanding experiences of psychedelic treatments for eating disorders: a meta-synthesis of qualitative studies,2026,10.1186/s12916-026-04929-2,Article
SCOPUS,Attitudes toward psychedelic therapy among medical and nursing students: A cross-sectional survey study,2026,10.1371/journal.pone.0344698,Article
SCOPUS,‘Magic’ mechanisms underlie psilocybin’s effects in chronic pain,2026,10.1038/s41583-025-00999-y,Article
SCOPUS,Exploring the Role of Psychedelics in Modulating Ego and Treating Neuropsychiatric Disorders,2025,10.1021/acschemneuro.5c00247,Review
SCOPUS,Drugs for anxiety: from chloral hydrate to novel therapeutics,2026,10.1192/bjp.2026.10598,Article
SCOPUS,The Role of Inflammation in Migraine Headaches: A Review,2025,10.1096/fba.2024-00188,Review
SCOPUS,Developing Methods for Observing Awe Narration in Psilocybin-Assisted Therapy,2026,10.3390/healthcare14111589,Article
SCOPUS,Molecular Mechanisms of Emerging Antidepressant Strategies: From Ketamine to Neuromodulation,2026,10.3390/ijms27010344,Review
SCOPUS,"Knowledge, perceptions, and use of psychedelics for mental health among autistic adults: An online survey",2025,10.1371/journal.pmen.0000514,Article
SCOPUS,Cognitive and affective models of psychedelics in rodents,2025,10.1016/bs.irn.2025.02.002,Article
SCOPUS,A Systematic Review and Meta-Analysis Investigating the Efficacy of Various Psychedelic Drugs for the Treatment of Substance Use Disorder,2025,10.3390/healthcare13212668,Review
SCOPUS,Experimental Test of Perceptions of Psychedelics by Therapeutic and Recreational Use,2026,10.1080/02791072.2025.2452231,Article
SCOPUS,"Insights into the peripheral nature of persistent sexual dysfunction associated with post-finasteride, post-SSRI and post-accutane syndromes: lessons learned from a case study",2025,10.1007/s11255-025-04373-w,Article
SCOPUS,Psilocybin as a fast-acting and long-lasting antidepressant for adolescence: Proposing NeuroD1 as a biomarker of its long-term plasticity,2025,10.1016/j.biopha.2025.118720,Article
SCOPUS,Natural hallucinogens of fungal and animal origin: action and potential applications — a narrative review,2025,10.24425/fmc.2025.156119,Article
SCOPUS,Therapeutic Potential of Psilocybin in Alcohol and Opioid Use Disorders: A Promising Role for Psychedelics,2026,10.34172/ps.026.43663,Article
SCOPUS,Stimulant and medicinal cannabis prescribing in patients referred to an early psychosis service in Queensland: A brief report,2026,10.1177/10398562251406048,Article
SCOPUS,Estimating heterogeneity of treatment effect in psychiatric clinical trials,2025,10.1016/j.jpsychires.2025.09.070,Article
SCOPUS,Plant and Mushroom Toxicity as an Under Recognized Cause of Cardiac Arrest and Arrhythmia,2026,10.1007/s12012-026-10148-1,Article
SCOPUS,"The role of GABA, glutamate, and Glx levels in treatment of major depressive disorder: A systematic review and meta-analysis",2025,10.1016/j.pnpbp.2025.111455,Review
SCOPUS,Psychedelics in functional disorders: A scoping review,2026,10.1016/j.pnpbp.2026.111642,Review
SCOPUS,Anxiety-related platform in zebrafish (Danio rerio) larvae: An integrated analysis of behavioural and molecular assay in drug screening research,2026,10.1016/j.biopha.2026.119680,Article
SCOPUS,"Cannabis product exposures reported to Ramathibodi Poison Center, Thailand, during 2018–2022",2025,10.1080/15563650.2025.2536771,Article
SCOPUS,Lifetime classic psychedelic use and headaches: A cross-sectional study,2025,10.1177/02698811251324372,Article
SCOPUS,Quantitative natural language processing markers of psychoactive drug effects: A pre-registered systematic review,2025,10.1177/02698811251319455,Review
SCOPUS,Active placebo control interventions in pharmacological trials: a scoping review of the development process and a terminological analysis,2026,10.1016/j.jclinepi.2026.112345,Article
SCOPUS,Evaluating psilocybin for the management of depression: a literature review,2026,10.12968/bjmh.2025.0020,Review
SCOPUS,Psychedelic-assisted psychotherapy: Challenges and content of preparatory sessions; [Psychothérapie assistée par psychédéliques : enjeux et contenu des séances de préparation],2026,10.1016/j.amp.2026.03.020,Article
SCOPUS,Drug repurposing in the management of major depressive disorder: a perspective,2026,10.12809/eaap25103,Article
SCOPUS,Pharmacokinetics of Psilocybin: A Systematic Review,2025,10.3390/pharmaceutics17040411,Review
SCOPUS,Context as Contraindication: Ethical Challenges of Psychedelics and Other Neuroplasticity-Enhancing Drugs,2026,10.1007/s12152-026-09663-3,Article
SCOPUS,Psychedelic-Assisted Interventions in Palliative Care: A Narrative Overview and Critical Evaluation,2026,10.3390/healthcare14111550,Review
SCOPUS,A randomized clinical trial of repeated doses of psilocybin for the treatment of obsessive–compulsive disorder,2026,10.1177/02698811261424214,Article
SCOPUS,The Effect of Psilocybe cubensis on Spatial Memory and BDNF Expression in Male Rats Exposed to Chronic Unpredictable Mild Stress,2026,10.1080/02791072.2024.2428241,Article
SCOPUS,Efficacy and safety of psilocybin for the treatment of substance use disorders: A systematic review,2025,10.1016/j.neubiorev.2025.106163,Review
SCOPUS,Unlocking the neuroprotective secrets of natural products: a focus on the gut-brain axis,2025,10.1007/s11101-025-10081-1,Review
SCOPUS,Treatment Expectancies and Psilocybin vs Escitalopram for Depression,2025,10.1001/jamapsychiatry.2024.4387,Article
SCOPUS,A community-centered approach to psychedelics,2025,10.1007/s44192-025-00350-y,Review
SCOPUS,Opinion Mining of Erowid’s Experience Reports on LSD and Psilocybin-Containing Mushrooms,2025,10.1007/s40264-025-01530-z,Article
SCOPUS,Psychotherapeutic potential of altered states of consciousness in treating depression: A literature review; [Le potentiel psychothérapeutique des états non ordinaires de conscience dans les épisodes dépressifs : une revue de questions],2026,10.1016/j.evopsy.2026.03.009,Article
SCOPUS,Hallucinogen-Assisted Psychotherapy for Trauma Disorders: A Bionian Lens,2026,10.1521/pdps.2026.54.2.308,Review
SCOPUS,Patient perspectives on research gaps in cluster headache,2026,10.1111/head.70031,Article
SCOPUS,MDMA and Psilocybin Regulate Oligodendrocyte-Lineage Cell Numbers and Anxiety-Like Behaviors in a Rat Model of Fear,2026,10.1016/j.biopsych.2026.01.016,Article
SCOPUS,"High Risk, Low Key: The New Face of Drug Use",2025,10.1177/29768357251389682,Article
SCOPUS,Announcement of special issue: ‘Behavioural pharmacology of ketamine and psychedelic drugs’,2026,10.1097/fbp.0000000000000878,Article
SCOPUS,Natural hallucinogens in clinical trials: A narrative review of therapeutic effectiveness and methodological limitations; [Naturalne halucynogeny w badaniach klinicznych: przegląd narracyjny skuteczności terapeutycznej i ograniczeń metodologicznych],2026,10.32383/farmpol/215444,Article
SCOPUS,Evolving Psychotherapeutic Approaches for PTSD: Beyond the Fear-Based Model,2025,10.5152/pcp.2025.241019,Review
SCOPUS,Anesthetics as emerging therapeutics for post-traumatic stress disorder (PTSD): bridging bench and bedside,2026,10.1038/s41380-026-03538-y,Review
SCOPUS,Co-use of psychedelics with other substances: Findings from the global psychedelic survey,2025,10.1177/02698811241292956,Article
SCOPUS,Nonhallucinogenic Psychedelics Can Help Manage Mental Health,2023,,Article
SCOPUS,Use of Prescribed and Non-Prescribed Treatments for Cluster Headache in a Swedish Cohort,2024,10.3390/brainsci14040348,Article
SCOPUS,Molecular brain imaging of psychedelic action,2025,10.1016/bs.irn.2025.02.005,Article
SCOPUS,The use and potential abuse of psychoactive plants in southern Africa: an overview of evidence and future potential,2024,10.3389/fphar.2024.1269247,Review
SCOPUS,Food Insecurity and Substance Use Among Young Adult College Students in the United States,2023,10.1097/adm.0000000000001062,Article
SCOPUS,Recent synthetic journey on pyrrole-fused compounds,2023,10.1039/d2nj05797b,Review
SCOPUS,Novel antidepressant drugs: Beyond monoamine targets,2023,10.1017/s1092852921000791,Review
SCOPUS,Magic Mushroom Use: A Qualitative Interview Study of Post-Trip Impacts and Strategies for Optimizing Experiences,2023,10.1080/02791072.2022.2054746,Article
SCOPUS,THC-O-Acetate: Scarce Evidence for a Psychedelic Cannabinoid,2024,10.1080/02791072.2023.2230573,Article
SCOPUS,Possible psychedelic therapeutic mechanism: Psychedelics act on intracellular serotonin receptors that are not accessible by serotonin alone,2023,10.1126/science.adg2989,Article
SCOPUS,A Review of Synthetic Access to Therapeutic Compounds Extracted from Psilocybe,2023,10.3390/ph16010040,Review
SCOPUS,Cannabis-assisted psychotherapy for complex dissociative posttraumatic stress disorder: A case report,2023,10.3389/fpsyt.2023.1051542,Article
SCOPUS,Association between lifetime hallucinogen use and psychological distress varies by sexual identity in a nationally representative sample,2024,10.1177/02698811241278774,Article
SCOPUS,Early Remission of Opioid Use Disorder in an Adolescent Using Buprenorphine Extended – Release Subcutaneous Injection: A Case Report,2024,10.1016/j.jadohealth.2024.01.012,Article
SCOPUS,"Investigating the associations of acute psychedelic experiences and changes in racial trauma symptoms, psychological flexibility, and substance use among People with Racial and Ethnic Minoritized Identities in the United States and Canada",2023,10.1016/j.josat.2023.209035,Article
SCOPUS,Novel treatments for anorexia nervosa: Insights from neuroplasticity research,2024,10.1002/erv.3039,Review
SCOPUS,Natural language processing for mental health interventions: a systematic review and research framework,2023,10.1038/s41398-023-02592-2,Review
SCOPUS,A Narrative Review of Current and Emerging Trends in the Treatment of Alcohol Use Disorder,2024,10.3390/brainsci14030294,Review
SCOPUS,Personality Change in a Trial of Psilocybin Therapy vs Escitalopram Treatment for Depression - CORRIGENDUM,2024,10.1017/s0033291723002039,Article
SCOPUS,Use of Selective Alternative Therapies for Treatment of OCD,2023,10.2147/ndt.s403997,Review
SCOPUS,Depression: Managing Resistance and Partial Response to Treatment,2024,,Article
SCOPUS,Clinical pharmacology,2025,10.1016/bs.irn.2025.02.003,Article
SCOPUS,"Safety, feasibility, tolerability, and clinical effects of repeated psilocybin dosing combined with non-directive support in the treatment of obsessive-compulsive disorder: protocol for a randomized, waitlist-controlled trial with blinded ratings",2023,10.3389/fpsyt.2023.1278823,Article
SCOPUS,CURRENT STATE OF PSILOCYBIN-ASSISTED THERAPY IN MOOD DISORDERS,2024,10.24869/psyd.2024.174,Review
SCOPUS,Systematic Review: Is There a Medicinal Use of Cocaine in Psychiatry?,2023,10.1007/s40501-023-00285-7,Review
SCOPUS,The therapeutic potential of psychedelics,2022,10.1126/science.abn5486,Article
SCOPUS,Brazilian Psychiatric Association Consensus for the Management of Acute Intoxication: General management and specific interventions for drugs of abuse,2024,10.47626/2237-6089-2022-0571,Review
SCOPUS,Addiction and stress: Exploring the reward pathways in brain affected by different drugs,2025,10.1016/bs.pbr.2025.01.012,Article
SCOPUS,Utility of preclinical models in the study of psilocybin – A comprehensive review,2023,10.1016/j.neubiorev.2023.105046,Review
SCOPUS,Race and ethnicity moderate the associations between lifetime psilocybin use and crime arrests,2023,10.3389/fpsyt.2023.1169692,Article
SCOPUS,Medications for the Treatment of Alcohol Dependence—Current State of Knowledge and Future Perspectives from a Public Health Perspective,2023,10.3390/ijerph20031870,Review
SCOPUS,The Synergistic Effects of 5-HT2A and TRP Agonism/Antagonism in Reducing Inflammation for Enhanced Mental and Physical Health,2023,10.1021/acsmedchemlett.3c00276,Review
SCOPUS,Synthesis and bioactivity of psilocybin analogues containing a stable carbon-phosphorus bond,2024,10.1039/d4md00043a,Article
SCOPUS,The Impact of Psilocybin on Patients Experiencing Psychiatric Symptoms: A Systematic Review of Randomized Clinical Trials,2023,,Review
SCOPUS,Psychedelic drug abuse potential assessment for new drug applications and controlled substance scheduling: A United States perspective,2023,10.1177/02698811221140004,Article
SCOPUS,Case Report: Cannabis and kratom-induced self-amputation of ears and penis,2025,10.3389/fpsyt.2025.1479863,Article
SCOPUS,Typology of Users of Psychedelics and Alike Psychoactive Substances in Czechia: Results of the National Online Survey,2023,10.1080/02791072.2023.2177908,Review
SCOPUS,Less is more? A review of psilocybin microdosing,2024,10.1177/02698811241278769,Review
SCOPUS,"The future of psychopharmacology: a critical appraisal of ongoing phase 2/3 trials, and of some current trends aiming to de-risk trial programmes of novel agents",2023,10.1002/wps.21056,Article
SCOPUS,Psilocybin Use in Palliative Care #464,2023,10.1089/jpm.2023.0180,Article
SCOPUS,Emerging Perspectives in Addiction Psychiatry,2023,10.4088/jcp.muladx3048sho,Article
SCOPUS,"Neural Plasticity in the Ventral Tegmental Area, Aversive Motivation during Drug Withdrawal and Hallucinogenic Therapy",2023,10.1080/02791072.2022.2033889,Review
SCOPUS,"Controlled substances development – past, present, and future",2023,,Article
SCOPUS,Therapeutic Medications and Illicit Medications and Supplements,2024,10.1016/j.cveq.2023.10.003,Review
SCOPUS,"Major depressive disorder: hypothesis, mechanism, prevention and treatment",2024,10.1038/s41392-024-01738-y,Review
SCOPUS,Rapid onset brain plasticity at novel pharmacologic targets hypothetically drives innovations for rapid onset antidepressant actions,2023,10.1177/02698811231158891,Article
SCOPUS,Bridging the gap between body image and paranoia-like thoughts,2022,10.1016/j.jpsychires.2022.10.061,Article
SCOPUS,"Methylone, a rapid acting entactogen with robust anxiolytic and antidepressant-like activity",2023,10.3389/fpsyt.2022.1041277,Article
SCOPUS,Psilocybin’s effects on cognition and creativity: A scoping review,2023,10.1177/02698811231179801,Review
SCOPUS,Pediatric suicide: Review of a preventable tragedy,2024,10.1016/j.disamonth.2024.101725,Article
SCOPUS,Novel and emerging treatments for major depression,2023,10.1016/s0140-6736(22)02080-3,Review
SCOPUS,Psychedelics for the treatment of end-of-life distress in patients with a life-threatening disease,2025,10.1016/bs.irn.2025.03.001,Article
SCOPUS,Festina lente: Psychedelics,2025,10.24869/psyd.2025.239,Article
SCOPUS,Targeting metaplasticity mechanisms to promote sustained antidepressant actions,2024,10.1038/s41380-023-02397-1,Review
SCOPUS,Microdosing psychedelics and the risk of cardiac fibrosis and valvulopathy: Comparison to known cardiotoxins,2024,10.1177/02698811231225609,Review
SCOPUS,Recent Progress in Mind–Body Therapies in Cancer Care,2023,10.1007/s11912-023-01373-w,Review
SCOPUS,Negative self-schemas drive pathological doubt in OCD,2023,10.3389/fpsyt.2023.1304061,Article
SCOPUS,Psychedelic Targeting of Metabotropic Glutamate Receptor 2 and Its Implications for the Treatment of Alcoholism,2023,10.3390/cells12060963,Review
SCOPUS,Is microdosing a placebo? A rapid review of low-dose LSD and psilocybin research,2024,10.1177/02698811241254831,Review
SCOPUS,"The integrated treatment of eating disorders, posttraumatic stress disorder, and psychiatric comorbidity: a commentary on the evolution of principles and guidelines",2023,10.3389/fpsyt.2023.1149433,Review
SCOPUS,Experiences of microdosing psychedelics in an attempt to support wellbeing and mental health,2023,10.1186/s12888-023-04628-9,Article
SCOPUS,Case report: Psychedelic-induced seizures captured by intracranial electrocorticography,2023,10.3389/fneur.2023.1214969,Article
SCOPUS,"Ketamine-assisted psychotherapy, psychedelic methodologies, and the impregnable value of the subjective—a new and evolving approach",2024,10.3389/fpsyt.2024.1209419,Article
SCOPUS,How Should the FDA Evaluate Psychedelic Medicine?,2023,10.1056/nejmp2308940,Article
SCOPUS,The ethical use of therapeutic touch in psychedelic-assisted therapy: a qualitative study of researcher perspectives and experiences,2025,10.1177/20451253251377191,Article
SCOPUS,Psilocybin-assisted massed cognitive processing therapy for chronic posttraumatic stress disorder: Protocol for an open-label pilot feasibility trial,2025,10.1371/journal.pone.0313741,Article
SCOPUS,Assessment of Psilocybin Therapy for Patients With Cancer and Major Depression Disorder,2023,10.1001/jamaoncol.2023.0351,Article
SCOPUS,"Lifeboat ethics, risk, and therapeutic opportunity: an appeal for equitable psychedelic therapy access in the “high-risk” addiction patient",2023,10.3389/fpsyt.2023.1159843,Article
SCOPUS,Structural and biochemical alterations in dendritic spines as key mechanisms for severe mental illnesses,2024,10.1016/j.pnpbp.2023.110876,Review
SCOPUS,Psychedelics and Related Pharmacotherapies as Integrative Medicine for Older Adults in Palliative Care,2023,10.1016/j.cger.2023.04.004,Review
SCOPUS,Psilocybin-A Drug to be Considered for the Treatment of Anxiety and Depression in Cancer Patients,2024,10.18311/jnr/2024/35676,Review
SCOPUS,Psilocybin-assisted psychotherapy as a potential treatment for eating disorders: a narrative review of preliminary evidence,2024,10.47626/2237-6089-2022-0597,Article
SCOPUS,Clinical Effects of Psychedelic Substances Reported to United States Poison Centers: 2012 to 2022,2024,10.1016/j.annemergmed.2024.06.025,Article
SCOPUS,Scanning the new frontier of mental health: psychedelic brain imaging,2024,10.1042/bio_2023_171,Article
SCOPUS,The definition of treatment resistance in anxiety disorders: a Delphi method-based consensus guideline,2024,10.1002/wps.21177,Article
SCOPUS,High time? Psychedelics on cannabis-like fast track to legalization,2022,10.1503/cmaj.1096029,Article
SCOPUS,"Overview of Psychiatric Medications in the Pipeline in Phase III Trials as of June 1, 2024: A Systematic Review",2024,,Review
SCOPUS,"Psychedelics for treating psychiatric disorders: Are they safe? Though generally well-tolerated, these agents have been associated with a range of adverse effects",2022,10.12788/cp.0309,Article
SCOPUS,Next-generation precision medicine for suicidality prevention,2024,10.1038/s41398-024-03071-y,Article
SCOPUS,Psychoanalysis and psychedelics: The censored story in Argentina,2024,10.1016/j.drugpo.2024.104596,Article
SCOPUS,Serotonin and Depression: Scrutiny of New Targets for Future Anti-Depressant Drug Development,2023,10.2174/1389450124666230425233727,Review
SCOPUS,Long-term benefits to psychological health and well-being after ceremonial use of Ayahuasca in Middle Eastern and North African immigrants and refugees,2024,10.3389/fpsyt.2024.1279887,Article
SCOPUS,Hallucinogen-Persisting Perception Disorder in a 16-Year-Old Adolescent,2025,,Article
SCOPUS,Off-label Use of Lamotrigine and Naltrexone in the Treatment of Ketamine Use Disorder: A Case Report,2025,10.1097/adm.0000000000001359,Article
SCOPUS,Informed Consent to Psychedelic-Assisted Psychotherapy: Ethical Considerations,2024,10.1177/07067437231225937,Article
SCOPUS,Psilocin acutely alters sleep-wake architecture and cortical brain activity in laboratory mice,2022,10.1038/s41398-022-01846-9,Article
SCOPUS,The costs and benefits of psychedelics on cognition and mood,2023,10.1016/j.neuron.2022.12.031,Review
SCOPUS,Psychedelics: Science sabotaged by Social Media,2023,10.1016/j.neuropharm.2023.109426,Review
SCOPUS,Neural plasticity and depression treatment,2023,10.1016/j.ibneur.2022.09.001,Article
SCOPUS,Contextual and experiential aspects of the psychedelic experience predicting improvement in subjective wellbeing: results from a Norwegian internet convenience sample,2025,10.3389/fphar.2025.1556299,Article
SCOPUS,The psychedelic renaissance: the next trip for psychiatry?,2022,10.1017/ipm.2019.39,Review
SCOPUS,2024 Annual report of the National Poison Data System® (NPDS) from America’s Poison Centers®: 42nd annual report,2025,10.1080/15563650.2025.2571299,Article
SCOPUS,Psychedelic mushroom-containing chocolate exposures: Case series,2024,10.1016/j.ajem.2024.09.038,Article
SCOPUS,Magic of the Mushrooms: Effects of Psilocybin Decriminalization,2025,10.1080/02791072.2024.2376755,Article
SCOPUS,Effects of psychedelics on neurogenesis and broader neuroplasticity: a systematic review,2024,10.1186/s10020-024-01013-4,Review
SCOPUS,The association between naturalistic use of psychedelics and co-occurring substance use disorders,2023,10.3389/fpsyt.2022.1066369,Article
SCOPUS,ALSUntangled #77: Psilocybin,2025,10.1080/21678421.2024.2441274,Article
SCOPUS,"The Promise of Therapeutic Psilocybin: An Evaluation of the 134 Clinical Trials, 54 Potential Indications, and 0 Marketing Approvals on ClinicalTrials.gov",2024,10.2147/dddt.s443177,Article
SCOPUS,History of psychedelic drug science and molecular pharmacology,2025,10.1016/bs.irn.2025.02.001,Article
SCOPUS,The impact of adult neurogenesis on affective functions: of mice and men,2024,10.1038/s41380-024-02504-w,Review
SCOPUS,Neurobiology of the Antidepressant Effects of Serotonergic Psychedelics: A Narrative Review,2024,10.1007/s40501-024-00319-8,Review
SCOPUS,Music as a collaborating actor: new insights into the nature and role of music in psychedelic-assisted psychotherapy,2025,10.3389/fpsyt.2025.1541528,Article
SCOPUS,Psilocybin-assisted psychotherapy for methamphetamine dependence: a case report involving daily methamphetamine use,2024,10.3389/fpsyt.2024.1490907,Article
SCOPUS,Simultaneous cannabis and psychedelic use among festival and concert attendees in Colorado: characterizing enhancement and adverse reactions using mixed methods,2024,10.1186/s42238-024-00235-x,Article
SCOPUS,"Fungal Drug Discovery for Chronic Disease: History, New Discoveries and New Approaches",2023,10.3390/biom13060986,Review
SCOPUS,PSYCHEDELIC PSILOCYBIN-ASSISTED THERAPY REDUCES DEPRESSIVE SYMPTOMS IN ADULTS WITH CANCER AND DEPRESSION,2024,,Article
SCOPUS,Interventions for deficits in recognition of emotions in facial expressions in major depressive disorder: An updated systematic review of clinical trials,2023,10.1016/j.neubiorev.2023.105367,Review
SCOPUS,Latent class analysis of substance use typologies associated with mental and sexual health outcomes among sexual and gender minority youth,2023,10.1371/journal.pone.0290781,Article
SCOPUS,Phytochemicals That Act on Synaptic Plasticity as Potential Prophylaxis against Stress-Induced Depressive Disorder,2023,10.4062/biomolther.2022.116,Review
SCOPUS,Taking better advantage of the activity-based anorexia model,2024,10.1016/j.molmed.2023.11.011,Review
SCOPUS,Psilocybin Therapy for Major Depressive Disorder: A Systematic Review,2023,10.26685/urncst.489,Review
SCOPUS,Investigating the impact of psychedelic drugs on social cognition defects: A scoping review protocol,2024,10.1371/journal.pone.0307491,Article
SCOPUS,Translational Challenges in Psychedelic Medicine,2023,10.1056/nejmcibr2213109,Article
SCOPUS,Newer Treatments for Mood and Anxiety Disorders,2024,10.1016/j.mcna.2024.03.006,Review
SCOPUS,"Australia's approval of MDMA and psilocybin for PTSD and depression is premature, say critics",2023,10.1136/bmj.p1599,Article
SCOPUS,Therapeutic uses of psychedelics for eating disorders and body dysmorphic disorder,2023,10.1177/02698811221140009,Review
SCOPUS,Psychedelic-Assisted Psychotherapy Practices and Human Caring Science: Toward a Care-Informed Model of Treatment,2024,10.1177/00221678211011013,Article
SCOPUS,Validation of the Swiss Psychedelic Side Effects Inventory: Standardized assessment of adverse effects in studies of psychedelics and MDMA,2024,10.1016/j.jad.2024.08.091,Article
SCOPUS,Mescaline: The forgotten psychedelic,2023,10.1016/j.neuropharm.2022.109294,Review
SCOPUS,Moving psychedelic-assisted therapies from promising research into routine clinical practice: Lessons from the field of implementation science,2024,10.1093/tbm/ibae053,Article
SCOPUS,"Characterization of kratom use and knowledge at a rural, Oregon community health center",2024,10.1016/j.japh.2024.102138,Article
SCOPUS,Depression roundtable: Is there a role for BoNT?,2023,10.1016/j.toxicon.2023.107148,Article
SCOPUS,Modern Psychedelic Microdosing Research on Mental Health: A Systematic Review,2024,10.4088/pcc.23r03581,Review
SCOPUS,Psychedelic-assisted therapy: An overview for the internist,2025,10.3949/ccjm.92a.24032,Article
SCOPUS,Psilocybin therapy to reduce depression following a terminal diagnosis,2023,10.1097/01.jaa.0000994952.07847.2d,Article
SCOPUS,Cognitive-Behavioral Therapy Enhancement Strategies,2024,10.1016/j.psc.2024.02.005,Review
SCOPUS,Keeping the promise: a critique of the current state of microdosing research,2024,10.3389/fpsyt.2024.1217102,Review
SCOPUS,Have Effective Antidepressants Finally Arrived? Developments in Major Depressive Disorder Therapy,2023,10.4088/jcp.mulmdd3048sho,Article
SCOPUS,Hype or hope? Ketamine for the treatment of depression: results from the application of deep learning to Twitter posts from 2010 to 2023,2024,10.3389/fpsyt.2024.1369727,Article
SCOPUS,Letter to the editor on “Increased low-frequency brain responses to music after psilocybin therapy for depression”,2023,10.1016/j.jad.2023.05.088,Article
SCOPUS,Neurobiological Correlates of Psilocybin Response in Depression,2023,10.4088/pcc.22r03419,Review
SCOPUS,Stress in the microbiome-immune crosstalk,2024,10.1080/19490976.2024.2327409,Review
SCOPUS,Intravenous psilocybin attenuates mechanical hypersensitivity in a rat model of chronic pain,2023,10.1016/j.cub.2023.10.016,Article
SCOPUS,Need for a Public Health Response to the Unregulated Sales of Amanita muscaria Mushrooms,2024,10.1016/j.amepre.2024.05.006,Article
SCOPUS,"On the rise or a return to pre-pandemic levels? A cross-sectional online survey on nicotine, alcohol, and illicit drug use among youth; [Auf dem Vormarsch oder Rückkehr zum präpandemischen Niveau? Online-Querschnittserhebung zum Konsum von Nikotin, Alkohol und illegalen Drogen bei Jugendlichen]",2024,10.1007/s40211-024-00503-5,Article
SCOPUS,"The Tayrona and Fungi: Possible connections around a mushroom, fleur-de-Lis, and a bat cult in a pre-Hispanic indigenous tribe in Colombia",2024,10.21608/mb.2024.357113,Article
SCOPUS,Medical Cannabis: A Review from the American Society of Pain and Neuroscience,2023,10.2147/jpr.s425862,Article
SCOPUS,The neurobiology of openness as a personality trait,2023,10.3389/fneur.2023.1235345,Review
SCOPUS,"Going Underground: Demographics, Services, and Best Practices Endorsed by Practitioners Providing Support for Naturalistic Psychedelic Use",2025,10.1080/02791072.2024.2405685,Article
SCOPUS,Psychedelics for mental health: a biochemical perspective,2024,10.1042/bio_2023_161,Article
SCOPUS,"The Global Psychedelic Survey: Consumer characteristics, patterns of use, and access in primarily anglophone regions around the world",2024,10.1016/j.drugpo.2024.104507,Article
SCOPUS,Ayahuasca-assisted meaning reconstruction therapy for grief: a non-randomized clinical trial protocol,2024,10.3389/fpsyt.2024.1484736,Article
SCOPUS,"Psychotropics: A scientific, regulatory, and public view on the medicinal use of cannabinoids and psilocybin",2023,10.56012/tsen2260,Article
SCOPUS,Trait mindfulness and personality characteristics in a microdosing ADHD sample: a naturalistic prospective survey study,2023,10.3389/fpsyt.2023.1233585,Article
SCOPUS,Medical Uses and Adverse Effects of Psilocybin,2024,10.4088/pcc.23f03652,Article
SCOPUS,Case Files of the Emory University Medical Toxicology Fellowship: A Patient Presents to the Outpatient Toxicology Clinic with Delusions of Being Poisoned,2024,10.1007/s13181-024-00995-1,Article
SCOPUS,Evidence versus expectancy: the development of psilocybin therapy,2024,10.1192/bjb.2023.28,Article
SCOPUS,"Set and setting predict psychopathology, wellbeing and meaningfulness of psychedelic experiences: a correlational study",2024,10.1080/17512433.2023.2295997,Article
SCOPUS,"Acute and post-dosing effects of single-dose psilocybin for obsessive-compulsive disorder in a randomized, double-blind, placebo-controlled trial: an interpretative phenomenological analysis",2025,10.3389/fpsyt.2025.1726818,Article
SCOPUS,Mechanisms of therapeutic change after psychedelic treatment in OCD,2024,10.1016/j.psychres.2024.115907,Article
SCOPUS,Psychedelic public health: State of the field and implications for equity,2024,10.1016/j.socscimed.2024.117134,Article
SCOPUS,UK medical students' self-reported knowledge and harm assessment of psychedelics and their application in clinical research: A cross-sectional study,2024,10.1136/bmjopen-2023-083595,Article
SCOPUS,Three Cases of Reported Improvement in Microsmia and Anosmia Following Naturalistic Use of Psilocybin and LSD,2023,10.1080/02791072.2023.2253538,Article
SCOPUS,Novel psychedelic interventions for post-traumatic stress disorder and their promise for precision medicine,2025,10.1177/20451253251396255,Review
SCOPUS,Therapeutic Potential of Psilocybin for Treating Psychological Distress among Survivors of Adverse Childhood Experiences: Evidence on Acceptability and Potential Efficacy of Psilocybin Use,2024,10.1080/02791072.2023.2268640,Article
SCOPUS,An ancient psychedelic for traumatic brain injury,2024,10.1038/s41591-023-02759-w,Article
SCOPUS,Mental health and its consequences in people living with HIV: A network approach,2024,10.1002/brb3.70021,Article
SCOPUS,tDCS reduces depression and state anxiety symptoms in older adults from the augmenting cognitive training in older adults study (ACT),2024,10.1016/j.brs.2024.02.021,Article
SCOPUS,Canalization and plasticity in psychopathology,2023,10.1016/j.neuropharm.2022.109398,Review
SCOPUS,Australian clinical feasibility considerations for treatment of PTSD with cannabinoid-augmented exposure therapy,2024,10.1177/00048674231216587,Article
SCOPUS,Are Nonhallucinogenic Psychedelics a Pharmacy Oxymoron?,2024,,Article
SCOPUS,From psychiatry to neurology: Psychedelics as prospective therapeutics for neurodegenerative disorders,2022,10.1111/jnc.15509,Review
SCOPUS,"Comment and Response: (Lugo-Radillo & Cortez-Lopez, 2020) Long-Term Amelioration of OCD Symptoms in a Patient with Chronic Consumption of Psilocybin-Containing Mushrooms",2022,10.1080/02791072.2021.1983673,Review
SCOPUS,Hallucinogen Use and Misuse in Older Adults,2022,10.1016/j.cger.2021.07.007,Review
SCOPUS,A Nationwide Study Comparing Mental Health Professionals’ Willingness to Try Hallucinogenic Drugs in Basic Research or Clinical Practice,2022,10.1080/02791072.2021.1941444,Article
SCOPUS,The role of serotonin in declarative memory: A systematic review of animal and human research,2022,10.1016/j.neubiorev.2022.104729,Review
SCOPUS,Psilocybin microdosing does not affect emotion-related symptoms and processing: A preregistered field and lab-based study,2022,10.1177/02698811211050556,Article
SCOPUS,Manifest your desires: Psychedelics and the self-help industry,2022,10.1016/j.drugpo.2022.103704,Article
SCOPUS,New insights into the clinical and nonclinical effects of psychedelic substances an integrative review,2022,10.1027/1016-9040/a000447,Review
SCOPUS,"Acute Effects of Psilocybin After Escitalopram or Placebo Pretreatment in a Randomized, Double-Blind, Placebo-Controlled, Crossover Study in Healthy Subjects",2022,10.1002/cpt.2487,Article
SCOPUS,Psychedelic research and the real world,2022,10.1038/d41586-022-02875-6,Article
SCOPUS,Molecular targets of psychedelic-induced plasticity,2022,10.1111/jnc.15536,Review
SCOPUS,"Psychedelic Therapies at the Crossroads of Trauma and Substance Use: Historical Perspectives and Future Directions, Taking a Lead From New Mexico",2022,10.3389/fphar.2022.905753,Review
SCOPUS,Rapid-Response Treatments for Depression and Requests for Physician-Assisted Death: An Ethical Analysis,2022,10.1016/j.jagp.2022.07.003,Article
SCOPUS,Psilocybin increases brain network integration in patients with depression,2022,10.1038/s41591-022-01769-4,Article
SCOPUS,Assessing the effects of methodological differences on outcomes in the use of psychedelics in the treatment of anxiety and depressive disorders: A systematic review and meta-analysis,2022,10.1177/02698811211044688,Review
SCOPUS,Dysregulation of adult hippocampal neuroplasticity in major depression: pathogenesis and therapeutic implications,2022,10.1038/s41380-022-01520-y,Review
SCOPUS,Hallucinogenic drugs and their potential for treating fear-related disorders: Through the lens of fear extinction,2022,10.1002/jnr.25017,Review
SCOPUS,"Alternative Options for Complex, Recurrent Pain States Using Cannabinoids, Psilocybin, and Ketamine: A Narrative Review of Clinical Evidence",2022,10.3390/neurolint14020035,Review
SCOPUS,Psychedelic microdosing hits a rough patch in clinical trials,2022,10.1038/d41586-022-02876-5,Article
SCOPUS,"Psychedelics, placebo effects, and set and setting: Insights from common factors theory of psychotherapy",2022,10.1177/1363461520983684,Article
SCOPUS,To Treat or Not to Treat? High-Potency Benzodiazepine Use in a Case of Comorbid Hallucinogen Persisting Perception Disorder and Alcohol Use Disorder,2022,10.1037/pha0000597,Article
SCOPUS,Psychedelic-inspired approaches for treating neurodegenerative disorders,2022,10.1111/jnc.15544,Review
SCOPUS,Justification of the possibility of using psychopharmacotherapy to overcome the negative impact of the Russian war on the population’s mental health,2022,10.32999/2663-970x/2022-7-8,Article
SCOPUS,Safety concerns on the abuse potential of esketamine: Multidimensional analysis of a new anti-depressive drug on the market,2022,10.1111/fcp.12745,Article
SCOPUS,Self-administration of Psilocybin in the Setting of Treatment-resistant Depression,2022,,Article
SCOPUS,Classic Psychedelic Drugs: Update on Biological Mechanisms,2022,10.1055/a-1721-2914,Review
SCOPUS,Breakthrough therapy designation,2022,,Article
SCOPUS,The psychedelic remedy for chronic pain,2022,10.1038/d41586-022-02878-3,Article
SCOPUS,Systematized Review of Psychotherapeutic Components of Psilocybin-Assisted Psychotherapy,2022,10.1176/appi.psychotherapy.20220012,Review
SCOPUS,Drugs and Bugs: The Gut-Brain Axis and Substance Use Disorders,2022,10.1007/s11481-021-10022-7,Review
SCOPUS,Attitudes and Beliefs about the Therapeutic Use of Psychedelic Drugs among Psychologists in the United States,2022,10.1080/02791072.2021.1971343,Article
SCOPUS,The psychedelic escape from depression,2022,10.1038/d41586-022-02872-9,Article
SCOPUS,Adverse effects of psychedelics: From anecdotes and misinformation to systematic science,2022,10.1177/02698811211069100,Review
SCOPUS,Top studies of 2021 relevant to primary care From the PEER team,2022,10.46747/cfp.6805329,Review
SCOPUS,Ketamine as a Novel Psychopharmacotherapy for Eating Disorders: Evidence and Future Directions,2022,10.3390/brainsci12030382,Review
SCOPUS,Psilocybin may be effective for treatment-resistant depression,2022,10.1211/pj.2022.1.164911,Article
SCOPUS,Psychedelic drugs take on depression,2022,10.1038/d41586-022-02205-w,Article
SCOPUS,A Review Electroconvulsive Therapy in Cochlear Implant Patients,2022,10.1097/yct.0000000000000803,Review
SCOPUS,"Psilocybin reduces symptoms in treatment resistant depression, trial results show",2022,10.1136/bmj.o2623,Article
SCOPUS,Language as a Window Into the Altered State of Consciousness Elicited by Psychedelic Drugs,2022,10.3389/fphar.2022.812227,Review
SCOPUS,future directions for clinical psilocybin research: the relaxed symptom network,2022,10.1037/pne0000290,Article
SCOPUS,Psychedelics and health behaviour change,2022,10.1177/02698811211008554,Review
SCOPUS,Prospects for new drugs to treat binge-eating disorder: Insights from psychopathology and neuropharmacology,2022,10.1177/02698811211032475,Review
SCOPUS,Taking the tripping out of psychedelic medicine,2022,10.1038/d41586-022-02869-4,Article
SCOPUS,Psilocybin: A brief overview for psychiatric mental health nurse practitioners,2022,10.1111/ppc.12888,Article
SCOPUS,"Microdosing psychedelics: Subjective benefits and challenges, substance testing behavior, and the relevance of intention",2022,10.1177/0269881120953994,Article
SCOPUS,Effects of ayahuasca and its alkaloids on substance use disorders: an updated (2016–2020) systematic review of preclinical and human studies,2022,10.1007/s00406-021-01267-7,Review
SCOPUS,Molecular insights into psychedelic drug action,2022,10.1111/jnc.15540,Review
SCOPUS,Risk factors and consequences of traumatic brain injury in a Swiss male population cohort,2022,10.1136/bmjopen-2021-055986,Article
SCOPUS,Neuroplasticity; the mechanisms and implications for treatment of neurological and psychiatric disorders,2022,10.15761/0101-60830000000440,Article
SCOPUS,Psychedelic medicine at a crossroads: Advancing an integrative approach to research and practice,2022,10.1177/13634615221119388,Article
SCOPUS,Neuroimaging Correlates of Treatment Response with Psychedelics in Major Depressive Disorder: A Systematic Review,2022,10.1177/24705470221115342,Review
SCOPUS,Knowing and being known: Psychedelic–assisted psychotherapy and the sense of authenticity,2022,10.3389/fpsyt.2022.933495,Article
SCOPUS,Opening the Doors of Prescription: Historical Contexts and Current Clinical Perspectives on Psychedelics in Psychiatry,2022,,Article
SCOPUS,Comprehensive care for people living with heart failure and chronic obstructive pulmonary disease—Integration of palliative care with disease-specific care: From guidelines to practice,2022,10.3389/fcvm.2022.895495,Review
SCOPUS,Emerging drugs for the treatment of major depressive disorder,2022,10.1080/14728214.2022.2117297,Review
SCOPUS,Why Otolaryngologists Should Be Interested in Psychedelic Medicine,2022,10.1016/j.otc.2022.06.002,Review
SCOPUS,Radiotracers for the Central Serotoninergic System,2022,10.3390/ph15050571,Review
SCOPUS,Screening of substance use and mental health problems among Spanish medical students: A multicenter study,2022,10.1016/j.jad.2022.05.090,Article
SCOPUS,Finding medical value in mescaline,2022,10.1038/d41586-022-02873-8,Article
SCOPUS,The Management of Major Depressive Disorder: Synopsis of the 2022 U.S. Department of Veterans Affairs and U.S. Department of Defense Clinical Practice Guideline,2022,10.7326/m22-1603,Article
SCOPUS,Low doses of LSD reduce broadband oscillatory power and modulate event-related potentials in healthy adults,2022,10.1007/s00213-021-05991-9,Article
SCOPUS,Psychedelic perceptions: mental health service user attitudes to psilocybin therapy,2022,10.1007/s11845-021-02668-2,Article
SCOPUS,The Role of Psilocybin-Assisted Psychotherapy to Support Patients With Cancer: A Critical Scoping Review of the Research,2022,10.1177/08980101211039086,Article
SCOPUS,Oversampled and undersolved: Depressive rumination from an active inference perspective,2022,10.1016/j.neubiorev.2022.104873,Review
SCOPUS,"When art therapy went chemical: Alfred Bader, pharmacology, and art brut, c.1950-1970s; [Cuando la terapia del arte se volvió química: Alfred Bader, farmacología y art brut, c.1950-1970]",2022,10.1590/s0104-59702022000500007,Article
SCOPUS,Bridging the gap between single receptor type activity and whole-brain dynamics,2022,10.1111/febs.15855,Review
SCOPUS,The Uplifting Variety of Mind-Body Therapies for Treating Depression,2022,10.1089/jicm.2022.0708,Article
SCOPUS,An evidence-based approach to psychopharmacology for posttraumatic stress disorder (PTSD) - 2022 update,2022,10.1016/j.psychres.2022.114840,Review
SCOPUS,The relationship between personality traits and treatment outcomes in patients with substance use disorders,2022,10.15761/0101-60830000000497,Article
SCOPUS,"Investigational Drugs for the Treatment of Depression (Part 1): Monoaminergic, Orexinergic, GABA-Ergic, and Anti-Inflammatory Agents",2022,10.3389/fphar.2022.884143,Review
SCOPUS,Dose effect of psilocybin on primary and secondary depression: a preliminary systematic review and meta-analysis,2022,10.1016/j.jad.2021.09.041,Review
SCOPUS,"Psychedelics for the treatment of depression, anxiety, and existential distress in patients with a terminal illness: a systematic review",2022,10.1007/s00213-021-06027-y,Review
SCOPUS,Molecular Mechanisms of Psilocybin and Implications for the Treatment of Depression,2022,10.1007/s40263-021-00877-y,Review
SCOPUS,The neural basis of psychedelic action,2022,10.1038/s41593-022-01177-4,Review
PUBMED,Psilocybin for depression,2024,10.1136/bmj.q798,
PUBMED,Psychedelic drugs in the treatment of psychiatric disorders,2023,,
PUBMED,[Psychedelic psychiatry],2024,,
PUBMED,Psilocybin kann offenbar Depressionen lindern,2023,10.1007/s15006-023-3025-6,
PUBMED,Psilocybin zeigt Wirkung bei Depression,2023,10.1007/s15006-023-2540-9,
PUBMED,Psilocybin in Treatment-Resistant Depression,2022,10.1056/nejme2210975,
PUBMED,Psilocybin for the Treatment of Obsessive-Compulsive Disorders,2022,10.1007/7854_2021_279,
PUBMED,Psilocybin therapy for depression. A good trip?,2023,10.1080/09638237.2023.2183492,
PUBMED,Psilocybin for Treatment-Resistant Depression,2023,10.1056/nejmc2215459,
PUBMED,Psilocybin for Treatment-Resistant Depression,2023,10.1056/nejmc2215459,
PUBMED,Psilocybin for Treatment-Resistant Depression,2023,10.1056/nejmc2215459,
PUBMED,Psilocybin for Treatment-Resistant Depression. Reply,2023,10.1056/nejmc2215459,
PUBMED,"Culture, context, and ethics in the therapeutic use of hallucinogens: Psychedelics as active super-placebos?",2022,10.1177/13634615221131465,
PUBMED,Psilocybin Without Psychotherapy: A Cart Without a Horse?,2024,10.1176/appi.ajp.20230572,
PUBMED,Psilocybin-assisted psychotherapy for cancer-related anxiety and depression,2023,10.1136/ijgc-2023-004659,
PUBMED,[Psilocybin compared with escitalopram for depression],2022,,
PUBMED,Adapting psychedelic medicine for headache and chronic pain disorders,2023,10.1080/14737175.2023.2246655,
PUBMED,Rapidly Trading Down Depression's 3 Pillars to 5HT3-Receptors Through ECT or Psilocybin?,2024,,
PUBMED,Psilocybin-assisted psychotherapy for existential distress: practical considerations for therapeutic application-a review,2024,10.21037/apm-24-35,
PUBMED,[Up-to-Date on clinical and preclinical studies of psilocybin therapy],2024,10.1254/fpj.24007,
PUBMED,Psychedelics: Future Therapeutics in Major Depression?,2026,10.1007/978-981-95-6872-7_25,
PUBMED,Innovations in group-based psilocybin-assisted therapy of major depression in patients with cancer,2024,10.1002/cncr.35127,
PUBMED,[Contribution of serotonin 5-HT(2A) receptor to antidepressant effect of serotonergic psychedelics],2023,10.1254/fpj.22141,
PUBMED,Efficacy and safety of psilocybin on treatment-resistant depression: A systematic review and meta-analysis,2024,10.1016/j.psychres.2024.115960,
PUBMED,Why didn't the TGA consult with Australian researchers and clinicians with experience in psilocybin-assisted psychotherapy for treatment-resistant major depressive disorder?,2023,10.1177/00048674231172691,
PUBMED,Is Poorly Assisted Psilocybin Treatment an Increasing Risk?,2024,10.1176/appi.ajp.20230664,
PUBMED,[Psilocybin fungi microdose treatment in major depressive disorder: a case report],2024,10.53680/vertex.v35i164.544,
PUBMED,Is psilocybin an effective antidepressant and what is its Mechanism of action?,2023,10.1016/j.xcrm.2022.100906,
PUBMED,Australia to prescribe MDMA and psilocybin for PTSD and depression in world first,2023,10.1038/d41586-023-02093-8,
PUBMED,Effect of psilocybin on marble burying in ICR mice: role of 5-HT1A receptors and implications for the treatment of obsessive-compulsive disorder,2023,10.1038/s41398-023-02456-9,
PUBMED,Treating Bipolar Depression Using Psilocybin-Validity Threats Regarding Efficacy and Safety,2024,10.1001/jamapsychiatry.2024.0420,
PUBMED,Treating Bipolar Depression Using Psilocybin-Validity Threats Regarding Efficacy and Safety-Reply,2024,10.1001/jamapsychiatry.2024.0423,
PUBMED,Psychological Support for Psilocybin Treatment: Reply to Letters on Our Commentary,2024,10.1176/appi.ajp.20230905,
PUBMED,On blinding and suicide risk in a recent trial of psilocybin-assisted therapy for treatment-resistant depression,2023,10.1016/j.medj.2022.12.003,
PUBMED,[Psychedelics and pyschodelic-associated psychotherapies - Who is PAP for after all?],2025,,
PUBMED,Anxiety and Affective Symptoms Related to the Use of Classic Psychedelics: A Systematic Review,2026,10.1007/7854_2024_534,
PUBMED,[Clinical application and mechanistic studies of psychedelics for treatment of depression: progress and future challenges],2026,10.12122/j.issn.1673-4254.2026.01.01,
PUBMED,Real-world use of classic and non-classic psychedelics in Hispanic/Latino adults with obsessive-compulsive disorder: international findings from the LATINO Study,2026,10.47626/1516-4446-2025-4316,
PUBMED,[Treatment with psychedelics : potential benefits in Parkinson's disease],2025,10.53738/revmed.2025.21.915.47180,
PUBMED,New evidence for flexible psilocybin dosing in patients with treatment-resistant depression,2024,10.1016/j.medj.2024.01.014,
PUBMED,"A Case of Prolonged Mania, Psychosis, and Severe Depression After Psilocybin Use: Implications of Increased Psychedelic Drug Availability",2022,10.1176/appi.ajp.22010073,
PUBMED,Is there credible evidence to assert psilocybin-assisted therapy for depression?,2024,10.1016/j.euroneuro.2023.11.003,
PUBMED,Electrocorticographic Changes and Neuronal Maturation in the Antidepressant-like and Anxiolytic Effects of Micro- or Macrodosing of Psilocybe cubensis Mushroom in Mice,2026,10.3390/molecules31081331,
PUBMED,Are Magic Mushrooms Really Magic?: Psilocybin in the Treatment of Depression,2022,10.1097/jcp.0000000000001610,
PUBMED,Therapeutic Psilocybin's Adverse Effects Mostly Resolved Within 2 Days,2024,10.1001/jama.2024.6733,
PUBMED,The effect of Psilocybe cubensis alkaloids on depressive-like behavior in mice exposed to maternal separation with respect to hippocampal gene expression and DNA methylation of Slc6a4 and Nr3c1,2025,10.1097/fbp.0000000000000813,
PUBMED,"Psychedelic- and Substance-Assisted Therapies in Global Mental Health: Bridging Cultures, Evidence, and Access",2026,10.1002/brb3.71265,
PUBMED,UNCOVERING THE UNTAPPED POTENTIAL OF PSILOCYBIN THERAPY IN ALLEVIATING CANCER-RELATED DEPRESSION: AN URGENT CALL TO RE-EVALUATE TREATMENT STRATEGIES,2023,,
PUBMED,Neuroscience: What doesn't kill you makes you stronger,2026,10.1016/j.cub.2025.11.056,
PUBMED,Chronic psilocin microdosing produces limited behavioral effects and does not enhance neurogenesis in rats,2026,10.1016/j.pbb.2026.174231,
PUBMED,Psychedelic research at a crossroads,2024,10.1126/science.adt1024,
PUBMED,Clinical Research Trials of Psychedelic-Assisted Therapy in Adolescents Aged 16 to 17 Years: Rationale Balanced With Caution,2024,10.1016/j.jaac.2024.03.021,
PUBMED,Antidepressant Effects of Psilocybin in the Absence of Psychedelic Effects,2023,10.1176/appi.ajp.20220835,
PUBMED,Management of obsessive-compulsive disorder in adults,2026,10.1136/bmj-2024-083443,
PUBMED,New Antidepressant Development in the Treatment of Depression,2026,10.1007/978-981-95-6872-7_23,
PUBMED,[Rapid-acting antidepressants-neurobiological mechanisms of action],2022,10.1007/s00115-021-01225-7,
PUBMED,"Letter to editor regarding ""Psilocybin-assisted therapy for depression: A systematic review and meta-analysis""",2024,10.1016/j.psychres.2024.116136,
PUBMED,"Correction: Characteristics and mental health of psychedelic mushroom and multi-psychedelic users relative to non-psychedelic users in American adults, 2020-2021",2026,10.3389/fpsyt.2026.1834094,
PUBMED,[Role of psychedelics in psychiatry: a true therapeutic revolution or a trend?],2025,,
PUBMED,"Exploring the Therapeutic Potential of Ketamine and Psilocybin in Comparison to Current Treatment Regimens for Treatment-Resistant Depression, Mood Disorders, and Post-traumatic Stress Disorder in the Pediatric Population: A Narrative Review",2025,10.7759/cureus.90425,
PUBMED,The Clinical Applications of Psilocybin Therapies and Post-COVID Syndrome: A Comprehensive Narrative Review,2025,10.7759/cureus.86659,
PUBMED,The Use of Psilocybin in the Treatment of Depressive Disorders: A Narrative Review,2026,10.7759/cureus.102694,
PUBMED,Psychiatric Treatments with Short-Duration Psychedelics and AI-Driven Behavioral Monitoring,2025,10.1021/acsmedchemlett.5c00031,
PUBMED,Expanding the Therapeutic Horizons of Psilocybin in Mental Health,2024,10.1021/acsmedchemlett.4c00488,
PUBMED,A suite of engineered mice for interrogating psychedelic drug actions,2023,10.1101/2023.09.25.559347,
PUBMED,"Therapeutic Potential of Psilocybin in Psychiatric Disorders: Mechanisms, Efficacy, and Clinical Implications",2026,10.1176/appi.focus.20250043,
PUBMED,A multi-institutional investigation of psilocybin's effects on mouse behavior,2025,10.1101/2025.04.08.647810,
PUBMED,A suite of engineered mice for interrogating psychedelic drug actions,2026,10.1038/s41593-026-02375-0,
PUBMED,Psychedelics as a Therapeutic Opportunity or Threat: A Narrative Review,2025,10.7759/cureus.99942,
PUBMED,Exploring Psychedelics and Entactogens as Treatments for Psychiatric Disorders: Proceedings of a Workshop,2022,10.17226/26648,
PUBMED,"Corrigendum: Psychedelic Mushrooms in the USA: Knowledge, Patterns of Use, and Association With Health Outcomes",2022,10.3389/fpsyt.2022.877390,
PUBMED,"Psilocybin-assisted therapy in treatment-resistant depression: rapid remission, uncertain durability, and the next phase of clinical evidence",2026,10.1097/ms9.0000000000005244,
PUBMED,Early response to psilocybin in adults with treatment-resistant depression as a predictor for antidepressant efficacy,2026,10.1016/j.genhosppsych.2026.01.001,
PUBMED,Single-dose psilocybin alters resting state functional networks in patients with body dysmorphic disorder,2025,10.61373/pp024r.0028,
PUBMED,Comparative Efficacy and Functional Outcomes of Psychedelic-Assisted Therapies in Treatment-Resistant Depression: A Systematic Review of Recent Clinical Trials,2025,10.7759/cureus.82532,
PUBMED,"Irremediable Psychiatric Suffering, a Potential Indication for Psilocybin Treatment",2025,10.1176/appi.ajp.20240121,
PUBMED,Psilocybin-Assisted Group Psychotherapy + Mindfulness Based Stress Reduction (MBSR) for Frontline Healthcare Provider COVID-19 Related Depression and Burnout: A Randomized Clinical Trial,2025,10.1101/2024.12.31.24319806,
PUBMED,Bayesian analysis of real-world data as evidence for drug approval: Remembering Sir Michael Rawlins,2023,10.1111/bcp.15841,
PUBMED,Microdosing psilocybin for major depressive disorder: study protocol for a phase II double-blind placebo-controlled randomised partial crossover trial - CORRIGENDUM,2026,10.1192/bjo.2026.12000,
PUBMED,Psilocybin reshapes cortical inhibition through selective interneuron recruitment,2026,10.64898/2026.04.16.718963,
PUBMED,Prevalence and Correlates of Past-Year Psilocybin Use in the United States,2026,10.1176/appi.ajp.20251343,
PUBMED,[Perspectives opened up by the physiopathological understanding of psychiatric disorders],2026,,
PUBMED,Magic mushrooms and mood: Exploring psilocybin as a depression treatment,2026,10.47391/jpma.30858,
PUBMED,"Pharmacodynamic biomarker - or psychotherapeutic process? Comment on ""The role of the psychedelic experience in psilocybin treatment for treatment-resistant depression""",2026,10.1016/j.jad.2025.120637,
PUBMED,Therapeutic Divergence in 5‑HT(2)A Agonism: Psilocybin and Phenalkylamines for Demoralization Syndrome,2025,10.1021/acsmedchemlett.5c00475,
PUBMED,"Psychedelic Therapy, Positive Emotional Experiences, and the Central Role of Self-Compassion",2025,10.21203/rs.3.rs-7420529/v1,
PUBMED,"Correction to ""Acceptability of psilocybin-assisted group therapy in patients with cancer and major depressive disorder: Qualitative analysis""",2025,10.1002/cncr.70003,
PUBMED,Correction: Dissociable effects of psilocybin and escitalopram for depression on processing of musical surprises,2025,10.1038/s41380-025-03066-1,
PUBMED,Correction to: Incremental efficacy systematic review and meta-analysis of psilocybin-for-depression RCTs,2025,10.1007/s00213-025-06818-7,
PUBMED,"Among Psychedelics, Only Psilocybin Has Demonstrated Benefit to Treat Depression",2025,,
PUBMED,Pyramidal cell types and 5-HT(2A) receptors are essential for psilocybin's lasting drug action,2024,10.1101/2024.11.02.621692,
PUBMED,Pharmacological Properties of Psychedelics with a Special Focus on Potential Harms,2026,10.1007/7854_2024_510,
PUBMED,Correction to: Unraveling psilocybin's therapeutic potential: behavioral and neuroplasticity insights in Wistar-Kyoto and Wistar male rat models of treatment-resistant depression,2025,10.1007/s00213-024-06654-1,
PUBMED,The Black Book of Psychotropic Dosing and Monitoring,2024,10.64719/pb.4493,
PUBMED,"Psychedelics, Meaningfulness, and the ""Proper Scope"" of Medicine: Continuing the Conversation",2023,10.1017/s0963180123000270,
PUBMED,Psilocybin-assisted therapy for treatment-resistant major depressive disorder in a public healthcare setting: a randomized controlled trial,2026,10.1038/s41591-026-04541-0,
PUBMED,From trial to clinic: psilocybin's efficacy in routine treatment-resistant depression,2026,10.1016/j.lanepe.2026.101780,
PUBMED,Acute Hallucinogen Intoxication Following Ingestion of a Commercially Available Mushroom Extract Product: A Case Report,2026,10.7759/cureus.110791,
PUBMED,Pharmacokinetic and pharmacodynamic rational for expanding the therapeutic landscape of psilocybin beyond depression,2026,10.1016/j.phrs.2026.108290,
PUBMED,Psilocybin reduces comorbid chronic pain and depression in mice,2025,10.1038/s41684-025-01663-9,
PUBMED,Correction: Therapeutic and legal aspects of psilocybin in cancer-related depression,2025,10.3389/fpsyt.2025.1698185,
PUBMED,Compassionate use of psilocybin for treatment-resistant depression in Germany,2026,10.1016/s2215-0366(25)00277-9,
PUBMED,"Psilocybin-assisted psychotherapy, combined antipsychotic and antidepressant treatment for bipolar depression, duration of birth control pill use and risk of depression, handgrip strength and cognitive function, mood disorders in epilepsy, and mental health issues among physicians",2025,10.1177/00912174251369880,
PUBMED,There's More Than One Way to Bring Health Back: Divergent Effects of Psilocybin and Escitalopram Treatment on Emotional Brain Function in Depression,2025,10.1176/appi.ajp.20250247,
PUBMED,"A Modern Overview of the Potential Therapeutic Effects of Psilocybin in the Treatment of Depressive Disorders, Treatment-Resistant Depression, and End-of-Life Distress",2025,10.7759/cureus.80707,
PUBMED,Advanced Delivery Systems and Novel Psilocin Derivatives for Enhanced Therapeutic Applications,2024,10.1021/acsmedchemlett.4c00521,
PUBMED,[Depression and effectiveness of psychedelics: high-dose psilocybin has shown benefits in improving symptoms.],2024,10.1701/4365.43590,
PUBMED,Rethinking Therapeutic Strategies for Anorexia Nervosa: Insights From Psychedelic Medicine and Animal Models,2024,10.1176/appi.focus.24022012,
PUBMED,EXPRESSION OF CONCERN: Efficacy of psilocybin for treating symptoms of depression: systematic review and meta-analysis,2024,10.1136/bmj.q1025,
PUBMED,Tryptamines and Mental Health: Activating the 5-HT Receptor for Therapeutic Potential,2023,10.1021/acsmedchemlett.3c00390,
PUBMED,"[Psychedelic Experiences: Phenomenology, Therapeutic Potentials and Explanatory Models]",2023,10.53680/vertex.v34i160.463,
PUBMED,"Corrigendum to 'Single-dose psilocybin-assisted therapy in major depressive disorder: a placebo-controlled, double-blind, randomised clinical trial'",2023,10.1016/j.eclinm.2023.101841,
PUBMED,Can the revival of serotonergic psychedelic drugs as treatments for mental disorders help to characterize their risks and benefits?,2022,10.1080/14740338.2022.2063274,
PUBMED,'So many relationships in the room': Participant perspectives on the affordances and challenges of co-therapy in psychedelic assisted therapy,2026,10.1111/papt.70098,
PUBMED,Feasibility and Tolerability of Psilocybin for Phantom Limb Pain,2026,10.1016/j.jpain.2026.106404,
PUBMED,"Correspondence: ""Breaking the chains of depression: A systematic review and meta-analysis of psilocybin therapy""",2026,10.1016/j.jad.2026.122315,
PUBMED,Safety and Efficacy of Psilocybin During Anticancer Treatment: A Phase II Trial Secondary Analysis,2026,10.1016/j.jpainsymman.2026.07.030,
PUBMED,A Promise Without Panacea: Psychedelic-Assisted Therapies in Modern Psychiatry,2026,10.7759/cureus.102421,
PUBMED,Classifying Psychedelic-Related Complications,2026,10.1007/7854_2026_614,
PUBMED,Which Psychotherapy Model Should be Used in Psilocybin Treatment for Depression?,2025,10.47626/2237-6089-2025-1197,
PUBMED,"Corrigendum to ""The role of the psychedelic experience in psilocybin treatment for treatment-resistant depression"" [Journal of Affective Disorders, Volume 372 (2025), Pages 523-532]",2026,10.1016/j.jad.2025.120352,
PUBMED,"Correction to: A Bayesian Reanalysis of a Trial of Psilocybin Versus Escitalopram for Depression by Nayak, et al. Psychedelic Med 2023;1(1):18-26; doi: 10.1089/psymed.2022.0002",2024,10.1089/psymed.2022.0002.correx,
PUBMED,CORRECTION: Efficacy of psilocybin for treating symptoms of depression: systematic review and meta-analysis,2025,10.1136/bmj.r111,
PUBMED,Research and Implementation of Psychedelic-Assisted Therapy in the Veterans Health Administration,2025,10.1176/appi.ajp.20240751,
PUBMED,Where do the symptoms come from in depression? Topography and dynamics matter,2024,10.1093/braincomms/fcae067,
PUBMED,Drugs for depressionr,2023,10.58347/tml.2023.1691a,
PUBMED,Perceptions of psychedelic-assisted therapy among Black Americans,2023,10.1016/j.xjmad.2023.100023,
PUBMED,Psilocybin desynchronizes brain networks,2023,10.1101/2023.08.22.23294131,
PUBMED,Acute psilocybin increased cortical activities in rats,2023,10.3389/fnins.2023.1168911,
